ninja: Entering directory `build'
[1/663] Generating xemu-version-macro.h with a custom command (wrapped by meson to capture output)
[2/663] Compiling Windows resource version.rc
[3/663] Generating qemu-version.h with a custom command (wrapped by meson to capture output)
[4/663] Compiling C object hw/xbox/mcpx/apu/dsp/interp/libdsp_cpu_interp.a.p/debug.c.obj
[5/663] Generating block.syms with a custom command (wrapped by meson to capture output)
[6/663] Generating qemu.syms with a custom command (wrapped by meson to capture output)
[7/663] Compiling C object hw/xbox/mcpx/apu/dsp/libdsp.a.p/dsp.c.obj
[8/663] Compiling C object libcrypto.a.p/crypto_ivgen-essiv.c.obj
[9/663] Compiling C object libcrypto.a.p/crypto_hmac.c.obj
[10/663] Compiling C object hw/xbox/mcpx/apu/dsp/libdsp.a.p/dsp_dma.c.obj
[11/663] Compiling C object libqom.a.p/qom_qom-qobject.c.obj
[12/663] Compiling C object libcrypto.a.p/crypto_hash.c.obj
[13/663] Compiling C object libauthz.a.p/authz_base.c.obj
[14/663] Compiling C object libcrypto.a.p/crypto_block.c.obj
[15/663] Compiling C object libauthz.a.p/authz_listfile.c.obj
[16/663] Compiling C object libqom.a.p/qom_container.c.obj
[17/663] Compiling C object libcrypto.a.p/crypto_akcipher.c.obj
[18/663] Compiling C object libauthz.a.p/authz_list.c.obj
[19/663] Compiling C object libcrypto.a.p/crypto_der.c.obj
[20/663] Compiling C object libcrypto.a.p/crypto_block-qcow.c.obj
[21/663] Compiling C object libqom.a.p/qom_object_interfaces.c.obj
[22/663] Compiling C object libcrypto.a.p/crypto_cipher.c.obj
[23/663] Compiling C object libcrypto.a.p/crypto_afsplit.c.obj
[24/663] Compiling C object hw/xbox/mcpx/apu/dsp/libdsp.a.p/dsp_c.c.obj
[25/663] Compiling C object libcrypto.a.p/crypto_ivgen-plain.c.obj
[26/663] Compiling C object hw/xbox/mcpx/apu/dsp/libdsp.a.p/dsp_jit.c.obj
[27/663] Compiling C object libauthz.a.p/authz_simple.c.obj
[28/663] Compiling C object libcrypto.a.p/crypto_ivgen-plain64.c.obj
[29/663] Compiling C object libevent-loop-base.a.p/event-loop-base.c.obj
[30/663] Compiling C object libcrypto.a.p/crypto_block-luks.c.obj
[31/663] Compiling C object libcrypto.a.p/crypto_pbkdf.c.obj
[32/663] Compiling C object libcrypto.a.p/crypto_tlscreds.c.obj
[33/663] Compiling C object libcrypto.a.p/crypto_tlscredsanon.c.obj
[34/663] Compiling C object libcrypto.a.p/crypto_ivgen.c.obj
[35/663] Compiling C object libcrypto.a.p/crypto_secret.c.obj
[36/663] Compiling C object libcrypto.a.p/crypto_rsakey.c.obj
[37/663] Compiling C object libcrypto.a.p/crypto_pbkdf-stub.c.obj
[38/663] Compiling C object libqom.a.p/qom_object.c.obj
[39/663] Compiling C object libcrypto.a.p/crypto_secret_common.c.obj
[40/663] Compiling C object libcrypto.a.p/crypto_hmac-glib.c.obj
[41/663] Compiling C object libio.a.p/io_channel-buffer.c.obj
[42/663] Compiling C object libcrypto.a.p/crypto_tlssession.c.obj
[43/663] Compiling C object libcrypto.a.p/crypto_hash-glib.c.obj
[44/663] Compiling C object libio.a.p/io_channel-util.c.obj
[45/663] Compiling C object libcrypto.a.p/crypto_tlscredspsk.c.obj
[46/663] Compiling C object libio.a.p/io_channel-null.c.obj
[47/663] Compiling C object libio.a.p/io_channel-file.c.obj
[48/663] Compiling C object libcrypto.a.p/crypto_tlscredsx509.c.obj
[49/663] Compiling C object libio.a.p/io_channel-command.c.obj
[50/663] Compiling C object libio.a.p/io_channel-tls.c.obj
[51/663] Compiling C object libio.a.p/io_channel-watch.c.obj
[52/663] Compiling C object libio.a.p/io_channel-socket.c.obj
[53/663] Compiling C object libio.a.p/io_dns-resolver.c.obj
[54/663] Compiling C object libio.a.p/io_channel.c.obj
[55/663] Compiling C object libio.a.p/io_channel-websock.c.obj
[56/663] Compiling C object libio.a.p/io_task.c.obj
[57/663] Compiling C object libmigration.a.p/migration_page_cache.c.obj
[58/663] Compiling C object libmigration.a.p/migration_migration-stats.c.obj
In file included from /xemu/include/exec/cpu-common.h:13,
                 from ../migration/qemu-file.h:29,
                 from ../migration/migration-stats.c:15:
/xemu/include/hw/core/cpu.h:647:17: warning: redundant redeclaration of 'TlsGetValue' [-Wredundant-decls]
  647 | void *__stdcall TlsGetValue(unsigned long);
      |                 ^~~~~~~~~~~
In file included from /usr/local/mxe/usr/x86_64-w64-mingw32.static/include/winbase.h:29,
                 from /usr/local/mxe/usr/x86_64-w64-mingw32.static/include/windows.h:70,
                 from /usr/local/mxe/usr/x86_64-w64-mingw32.static/include/winsock2.h:23,
                 from /xemu/include/system/os-win32.h:29,
                 from /xemu/include/qemu/osdep.h:178,
                 from ../migration/migration-stats.c:13:
/usr/local/mxe/usr/x86_64-w64-mingw32.static/include/processthreadsapi.h:323:28: note: previous declaration of 'TlsGetValue' with type 'void *(DWORD)' {aka 'void *(long unsigned int)'}
  323 |   WINBASEAPI LPVOID WINAPI TlsGetValue (DWORD dwTlsIndex);
      |                            ^~~~~~~~~~~
/xemu/include/hw/core/cpu.h:647:17: warning: 'TlsGetValue' redeclared without dllimport attribute: previous dllimport ignored [-Wattributes]
  647 | void *__stdcall TlsGetValue(unsigned long);
      |                 ^~~~~~~~~~~
/xemu/include/hw/core/cpu.h:648:15: warning: redundant redeclaration of 'TlsSetValue' [-Wredundant-decls]
  648 | int __stdcall TlsSetValue(unsigned long, void *);
      |               ^~~~~~~~~~~
/usr/local/mxe/usr/x86_64-w64-mingw32.static/include/processthreadsapi.h:324:29: note: previous declaration of 'TlsSetValue' with type 'WINBOOL(DWORD,  void *)' {aka 'int(long unsigned int,  void *)'}
  324 |   WINBASEAPI WINBOOL WINAPI TlsSetValue (DWORD dwTlsIndex, LPVOID lpTlsValue);
      |                             ^~~~~~~~~~~
/xemu/include/hw/core/cpu.h:648:15: warning: 'TlsSetValue' redeclared without dllimport attribute: previous dllimport ignored [-Wattributes]
  648 | int __stdcall TlsSetValue(unsigned long, void *);
      |               ^~~~~~~~~~~
[59/663] Compiling C object libio.a.p/io_net-listener.c.obj
[60/663] Compiling C object libmigration.a.p/migration_xbzrle.c.obj
[61/663] Compiling C object libmigration.a.p/migration_yank_functions.c.obj
In file included from /xemu/include/exec/cpu-common.h:13,
                 from ../migration/qemu-file.h:29,
                 from ../migration/yank_functions.c:14:
/xemu/include/hw/core/cpu.h:647:17: warning: redundant redeclaration of 'TlsGetValue' [-Wredundant-decls]
  647 | void *__stdcall TlsGetValue(unsigned long);
      |                 ^~~~~~~~~~~
In file included from /usr/local/mxe/usr/x86_64-w64-mingw32.static/include/winbase.h:29,
                 from /usr/local/mxe/usr/x86_64-w64-mingw32.static/include/windows.h:70,
                 from /usr/local/mxe/usr/x86_64-w64-mingw32.static/include/winsock2.h:23,
                 from /xemu/include/system/os-win32.h:29,
                 from /xemu/include/qemu/osdep.h:178,
                 from ../migration/yank_functions.c:10:
/usr/local/mxe/usr/x86_64-w64-mingw32.static/include/processthreadsapi.h:323:28: note: previous declaration of 'TlsGetValue' with type 'void *(DWORD)' {aka 'void *(long unsigned int)'}
  323 |   WINBASEAPI LPVOID WINAPI TlsGetValue (DWORD dwTlsIndex);
      |                            ^~~~~~~~~~~
/xemu/include/hw/core/cpu.h:647:17: warning: 'TlsGetValue' redeclared without dllimport attribute: previous dllimport ignored [-Wattributes]
  647 | void *__stdcall TlsGetValue(unsigned long);
      |                 ^~~~~~~~~~~
/xemu/include/hw/core/cpu.h:648:15: warning: redundant redeclaration of 'TlsSetValue' [-Wredundant-decls]
  648 | int __stdcall TlsSetValue(unsigned long, void *);
      |               ^~~~~~~~~~~
/usr/local/mxe/usr/x86_64-w64-mingw32.static/include/processthreadsapi.h:324:29: note: previous declaration of 'TlsSetValue' with type 'WINBOOL(DWORD,  void *)' {aka 'int(long unsigned int,  void *)'}
  324 |   WINBASEAPI WINBOOL WINAPI TlsSetValue (DWORD dwTlsIndex, LPVOID lpTlsValue);
      |                             ^~~~~~~~~~~
/xemu/include/hw/core/cpu.h:648:15: warning: 'TlsSetValue' redeclared without dllimport attribute: previous dllimport ignored [-Wattributes]
  648 | int __stdcall TlsSetValue(unsigned long, void *);
      |               ^~~~~~~~~~~
[62/663] Compiling C object libblock.a.p/nbd_common.c.obj
[63/663] Compiling C object libblock.a.p/scsi_pr-manager-stub.c.obj
[64/663] Compiling C object libblock.a.p/block_aio_task.c.obj
[65/663] Compiling C object libblock.a.p/block_accounting.c.obj
[66/663] Compiling C object libblock.a.p/blockjob.c.obj
[67/663] Compiling C object libblock.a.p/scsi_utils.c.obj
[68/663] Compiling C object libmigration.a.p/migration_vmstate-types.c.obj
In file included from /xemu/include/exec/cpu-common.h:13,
                 from ../migration/qemu-file.h:29,
                 from ../migration/vmstate-types.c:15:
/xemu/include/hw/core/cpu.h:647:17: warning: redundant redeclaration of 'TlsGetValue' [-Wredundant-decls]
  647 | void *__stdcall TlsGetValue(unsigned long);
      |                 ^~~~~~~~~~~
In file included from /usr/local/mxe/usr/x86_64-w64-mingw32.static/include/winbase.h:29,
                 from /usr/local/mxe/usr/x86_64-w64-mingw32.static/include/windows.h:70,
                 from /usr/local/mxe/usr/x86_64-w64-mingw32.static/include/winsock2.h:23,
                 from /xemu/include/system/os-win32.h:29,
                 from /xemu/include/qemu/osdep.h:178,
                 from ../migration/vmstate-types.c:13:
/usr/local/mxe/usr/x86_64-w64-mingw32.static/include/processthreadsapi.h:323:28: note: previous declaration of 'TlsGetValue' with type 'void *(DWORD)' {aka 'void *(long unsigned int)'}
  323 |   WINBASEAPI LPVOID WINAPI TlsGetValue (DWORD dwTlsIndex);
      |                            ^~~~~~~~~~~
/xemu/include/hw/core/cpu.h:647:17: warning: 'TlsGetValue' redeclared without dllimport attribute: previous dllimport ignored [-Wattributes]
  647 | void *__stdcall TlsGetValue(unsigned long);
      |                 ^~~~~~~~~~~
/xemu/include/hw/core/cpu.h:648:15: warning: redundant redeclaration of 'TlsSetValue' [-Wredundant-decls]
  648 | int __stdcall TlsSetValue(unsigned long, void *);
      |               ^~~~~~~~~~~
/usr/local/mxe/usr/x86_64-w64-mingw32.static/include/processthreadsapi.h:324:29: note: previous declaration of 'TlsSetValue' with type 'WINBOOL(DWORD,  void *)' {aka 'int(long unsigned int,  void *)'}
  324 |   WINBASEAPI WINBOOL WINAPI TlsSetValue (DWORD dwTlsIndex, LPVOID lpTlsValue);
      |                             ^~~~~~~~~~~
/xemu/include/hw/core/cpu.h:648:15: warning: 'TlsSetValue' redeclared without dllimport attribute: previous dllimport ignored [-Wattributes]
  648 | int __stdcall TlsSetValue(unsigned long, void *);
      |               ^~~~~~~~~~~
[69/663] Compiling C object libblock.a.p/nbd_client-connection.c.obj
[70/663] Compiling C object libmigration.a.p/migration_qemu-file.c.obj
In file included from /xemu/include/exec/cpu-common.h:13,
                 from ../migration/migration.h:17,
                 from ../migration/qemu-file.c:28:
/xemu/include/hw/core/cpu.h:647:17: warning: redundant redeclaration of 'TlsGetValue' [-Wredundant-decls]
  647 | void *__stdcall TlsGetValue(unsigned long);
      |                 ^~~~~~~~~~~
In file included from /usr/local/mxe/usr/x86_64-w64-mingw32.static/include/winbase.h:29,
                 from /usr/local/mxe/usr/x86_64-w64-mingw32.static/include/windows.h:70,
                 from /usr/local/mxe/usr/x86_64-w64-mingw32.static/include/winsock2.h:23,
                 from /xemu/include/system/os-win32.h:29,
                 from /xemu/include/qemu/osdep.h:178,
                 from ../migration/qemu-file.c:24:
/usr/local/mxe/usr/x86_64-w64-mingw32.static/include/processthreadsapi.h:323:28: note: previous declaration of 'TlsGetValue' with type 'void *(DWORD)' {aka 'void *(long unsigned int)'}
  323 |   WINBASEAPI LPVOID WINAPI TlsGetValue (DWORD dwTlsIndex);
      |                            ^~~~~~~~~~~
/xemu/include/hw/core/cpu.h:647:17: warning: 'TlsGetValue' redeclared without dllimport attribute: previous dllimport ignored [-Wattributes]
  647 | void *__stdcall TlsGetValue(unsigned long);
      |                 ^~~~~~~~~~~
/xemu/include/hw/core/cpu.h:648:15: warning: redundant redeclaration of 'TlsSetValue' [-Wredundant-decls]
  648 | int __stdcall TlsSetValue(unsigned long, void *);
      |               ^~~~~~~~~~~
/usr/local/mxe/usr/x86_64-w64-mingw32.static/include/processthreadsapi.h:324:29: note: previous declaration of 'TlsSetValue' with type 'WINBOOL(DWORD,  void *)' {aka 'int(long unsigned int,  void *)'}
  324 |   WINBASEAPI WINBOOL WINAPI TlsSetValue (DWORD dwTlsIndex, LPVOID lpTlsValue);
      |                             ^~~~~~~~~~~
/xemu/include/hw/core/cpu.h:648:15: warning: 'TlsSetValue' redeclared without dllimport attribute: previous dllimport ignored [-Wattributes]
  648 | int __stdcall TlsSetValue(unsigned long, void *);
      |               ^~~~~~~~~~~
[71/663] Compiling C object libmigration.a.p/migration_vmstate.c.obj
In file included from /xemu/include/exec/cpu-common.h:13,
                 from ../migration/migration.h:17,
                 from ../migration/vmstate.c:14:
/xemu/include/hw/core/cpu.h:647:17: warning: redundant redeclaration of 'TlsGetValue' [-Wredundant-decls]
  647 | void *__stdcall TlsGetValue(unsigned long);
      |                 ^~~~~~~~~~~
In file included from /usr/local/mxe/usr/x86_64-w64-mingw32.static/include/winbase.h:29,
                 from /usr/local/mxe/usr/x86_64-w64-mingw32.static/include/windows.h:70,
                 from /usr/local/mxe/usr/x86_64-w64-mingw32.static/include/winsock2.h:23,
                 from /xemu/include/system/os-win32.h:29,
                 from /xemu/include/qemu/osdep.h:178,
                 from ../migration/vmstate.c:13:
/usr/local/mxe/usr/x86_64-w64-mingw32.static/include/processthreadsapi.h:323:28: note: previous declaration of 'TlsGetValue' with type 'void *(DWORD)' {aka 'void *(long unsigned int)'}
  323 |   WINBASEAPI LPVOID WINAPI TlsGetValue (DWORD dwTlsIndex);
      |                            ^~~~~~~~~~~
/xemu/include/hw/core/cpu.h:647:17: warning: 'TlsGetValue' redeclared without dllimport attribute: previous dllimport ignored [-Wattributes]
  647 | void *__stdcall TlsGetValue(unsigned long);
      |                 ^~~~~~~~~~~
/xemu/include/hw/core/cpu.h:648:15: warning: redundant redeclaration of 'TlsSetValue' [-Wredundant-decls]
  648 | int __stdcall TlsSetValue(unsigned long, void *);
      |               ^~~~~~~~~~~
/usr/local/mxe/usr/x86_64-w64-mingw32.static/include/processthreadsapi.h:324:29: note: previous declaration of 'TlsSetValue' with type 'WINBOOL(DWORD,  void *)' {aka 'int(long unsigned int,  void *)'}
  324 |   WINBASEAPI WINBOOL WINAPI TlsSetValue (DWORD dwTlsIndex, LPVOID lpTlsValue);
      |                             ^~~~~~~~~~~
/xemu/include/hw/core/cpu.h:648:15: warning: 'TlsSetValue' redeclared without dllimport attribute: previous dllimport ignored [-Wattributes]
  648 | int __stdcall TlsSetValue(unsigned long, void *);
      |               ^~~~~~~~~~~
[72/663] Compiling C object libblock.a.p/block_amend.c.obj
[73/663] Compiling C object libblock.a.p/job.c.obj
[74/663] Compiling C object libblock.a.p/nbd_client.c.obj
[75/663] Compiling C object libblock.a.p/block_backup.c.obj
[76/663] Compiling C object libblock.a.p/block_blklogwrites.c.obj
[77/663] Compiling C object libblock.a.p/block_blkverify.c.obj
[78/663] Compiling C object libblock.a.p/meson-generated_.._block_block-gen.c.obj
[79/663] Compiling C object libblock.a.p/block_blkdebug.c.obj
[80/663] Compiling C object libblock.a.p/block_copy-on-read.c.obj
[81/663] Compiling C object libblock.a.p/block_commit.c.obj
[82/663] Compiling C object libblock.a.p/qemu-io-cmds.c.obj
In function 'tsub',
    inlined from 'writev_f' at ../qemu-io-cmds.c:1353:10:
../qemu-io-cmds.c:285:15: warning: 't1.tv_sec' may be used uninitialized [-Wmaybe-uninitialized]
  285 |     t1.tv_sec -= t2.tv_sec;
      |               ^~
../qemu-io-cmds.c: In function 'writev_f':
../qemu-io-cmds.c:1279:21: note: 't1.tv_sec' was declared here
 1279 |     struct timespec t1, t2;
      |                     ^~
In function 'tsub',
    inlined from 'writev_f' at ../qemu-io-cmds.c:1353:10:
../qemu-io-cmds.c:280:16: warning: 't1.tv_nsec' may be used uninitialized [-Wmaybe-uninitialized]
  280 |     t1.tv_nsec -= t2.tv_nsec;
      |                ^~
../qemu-io-cmds.c: In function 'writev_f':
../qemu-io-cmds.c:1279:21: note: 't1.tv_nsec' was declared here
 1279 |     struct timespec t1, t2;
      |                     ^~
In function 'tsub',
    inlined from 'readv_f' at ../qemu-io-cmds.c:1015:10:
../qemu-io-cmds.c:285:15: warning: 't1.tv_sec' may be used uninitialized [-Wmaybe-uninitialized]
  285 |     t1.tv_sec -= t2.tv_sec;
      |               ^~
../qemu-io-cmds.c: In function 'readv_f':
../qemu-io-cmds.c:923:21: note: 't1.tv_sec' was declared here
  923 |     struct timespec t1, t2;
      |                     ^~
In function 'tsub',
    inlined from 'readv_f' at ../qemu-io-cmds.c:1015:10:
../qemu-io-cmds.c:280:16: warning: 't1.tv_nsec' may be used uninitialized [-Wmaybe-uninitialized]
  280 |     t1.tv_nsec -= t2.tv_nsec;
      |                ^~
../qemu-io-cmds.c: In function 'readv_f':
../qemu-io-cmds.c:923:21: note: 't1.tv_nsec' was declared here
  923 |     struct timespec t1, t2;
      |                     ^~
In function 'tsub',
    inlined from 'discard_f' at ../qemu-io-cmds.c:2230:14:
../qemu-io-cmds.c:285:15: warning: 't1.tv_sec' may be used uninitialized [-Wmaybe-uninitialized]
  285 |     t1.tv_sec -= t2.tv_sec;
      |               ^~
../qemu-io-cmds.c: In function 'discard_f':
../qemu-io-cmds.c:2178:21: note: 't1.tv_sec' was declared here
 2178 |     struct timespec t1, t2;
      |                     ^~
In function 'tsub',
    inlined from 'discard_f' at ../qemu-io-cmds.c:2230:14:
../qemu-io-cmds.c:280:16: warning: 't1.tv_nsec' may be used uninitialized [-Wmaybe-uninitialized]
  280 |     t1.tv_nsec -= t2.tv_nsec;
      |                ^~
../qemu-io-cmds.c: In function 'discard_f':
../qemu-io-cmds.c:2178:21: note: 't1.tv_nsec' was declared here
 2178 |     struct timespec t1, t2;
      |                     ^~
In function 'tsub',
    inlined from 'write_f' at ../qemu-io-cmds.c:1234:10:
../qemu-io-cmds.c:280:16: warning: 't1.tv_nsec' may be used uninitialized [-Wmaybe-uninitialized]
  280 |     t1.tv_nsec -= t2.tv_nsec;
      |                ^~
../qemu-io-cmds.c: In function 'write_f':
../qemu-io-cmds.c:1066:21: note: 't1.tv_nsec' was declared here
 1066 |     struct timespec t1, t2;
      |                     ^~
In function 'tsub',
    inlined from 'write_f' at ../qemu-io-cmds.c:1234:10:
../qemu-io-cmds.c:285:15: warning: 't1.tv_sec' may be used uninitialized [-Wmaybe-uninitialized]
  285 |     t1.tv_sec -= t2.tv_sec;
      |               ^~
../qemu-io-cmds.c: In function 'write_f':
../qemu-io-cmds.c:1066:21: note: 't1.tv_sec' was declared here
 1066 |     struct timespec t1, t2;
      |                     ^~
In function 'tsub',
    inlined from 'read_f' at ../qemu-io-cmds.c:881:10:
../qemu-io-cmds.c:280:16: warning: 't1.tv_nsec' may be used uninitialized [-Wmaybe-uninitialized]
  280 |     t1.tv_nsec -= t2.tv_nsec;
      |                ^~
../qemu-io-cmds.c: In function 'read_f':
../qemu-io-cmds.c:726:21: note: 't1.tv_nsec' was declared here
  726 |     struct timespec t1, t2;
      |                     ^~
In function 'tsub',
    inlined from 'read_f' at ../qemu-io-cmds.c:881:10:
../qemu-io-cmds.c:285:15: warning: 't1.tv_sec' may be used uninitialized [-Wmaybe-uninitialized]
  285 |     t1.tv_sec -= t2.tv_sec;
      |               ^~
../qemu-io-cmds.c: In function 'read_f':
../qemu-io-cmds.c:726:21: note: 't1.tv_sec' was declared here
  726 |     struct timespec t1, t2;
      |                     ^~
[83/663] Compiling C object libblock.a.p/block_copy-before-write.c.obj
[84/663] Compiling C object libblock.a.p/block_block-copy.c.obj
[85/663] Compiling C object libblock.a.p/block_create.c.obj
[86/663] Compiling C object hw/xbox/mcpx/apu/dsp/interp/libdsp_cpu_interp.a.p/dsp_cpu.c.obj
[87/663] Compiling C object libblock.a.p/block_progress_meter.c.obj
[88/663] Compiling C object libblock.a.p/block_filter-compress.c.obj
[89/663] Compiling C object libblock.a.p/block_null.c.obj
[90/663] Compiling C object libblock.a.p/block_graph-lock.c.obj
[91/663] Compiling C object libblock.a.p/block_dirty-bitmap.c.obj
[92/663] Compiling C object libblock.a.p/block_preallocate.c.obj
[93/663] Compiling C object libblock.a.p/block_crypto.c.obj
[94/663] Compiling C object libblock.a.p/block_qapi.c.obj
[95/663] Compiling C object libblock.a.p/block_block-backend.c.obj
[96/663] Compiling C object libblock.a.p/block_qcow2-cache.c.obj
[97/663] Compiling C object libblock.a.p/block_mirror.c.obj
[98/663] Compiling C object libblock.a.p/block_qcow2-bitmap.c.obj
[99/663] Compiling C object libblock.a.p/block_nbd.c.obj
[100/663] Compiling C object libblock.a.p/block_qcow2-snapshot.c.obj
[101/663] Compiling C object libblock.a.p/block_qcow2-threads.c.obj
[102/663] Compiling C object libblock.a.p/block_snapshot-access.c.obj
[103/663] Compiling C object libblock.a.p/block_raw-format.c.obj
[104/663] Compiling C object libblock.a.p/block_throttle.c.obj
[105/663] Compiling C object libblock.a.p/block_reqlist.c.obj
[106/663] Compiling C object libblock.a.p/block_win32-aio.c.obj
[107/663] Compiling C object libblock.a.p/block_snapshot.c.obj
[108/663] Compiling C object libblock.a.p/block_throttle-groups.c.obj
[109/663] Compiling C object libblock.a.p/block_write-threshold.c.obj
[110/663] Compiling C object libblock.a.p/block_quorum.c.obj
[111/663] Compiling C object libblock.a.p/block_monitor_bitmap-qmp-cmds.c.obj
[112/663] Compiling C object libblock.a.p/block_io.c.obj
[113/663] Compiling C object libblock.a.p/block.c.obj
[114/663] Compiling C object libblock.a.p/block_qcow2-cluster.c.obj
[115/663] Compiling C object libblock.a.p/block_file-win32.c.obj
[116/663] Compiling C object libblock.a.p/block_stream.c.obj
[117/663] Compiling C object libblock.a.p/block_curl.c.obj
[118/663] Compiling C object libblockdev.a.p/job-qmp.c.obj
[119/663] Compiling C object libblock.a.p/block_qcow2-refcount.c.obj
[120/663] Compiling C object libblockdev.a.p/iothread.c.obj
[121/663] Compiling C object libblockdev.a.p/block_export_export.c.obj
[122/663] Compiling C object libqmp.a.p/monitor_qmp.c.obj
[123/663] Compiling C object libblock.a.p/block_qcow2.c.obj
[124/663] Compiling C object libchardev.a.p/chardev_char-file.c.obj
[125/663] Compiling C object libchardev.a.p/chardev_char-io.c.obj
[126/663] Compiling C object libqmp.a.p/monitor_monitor.c.obj
[127/663] Compiling C object libblockdev.a.p/blockdev-nbd.c.obj
[128/663] Compiling C object libqmp.a.p/qom_qom-qmp-cmds.c.obj
[129/663] Compiling C object libchardev.a.p/chardev_char-pipe.c.obj
[130/663] Compiling C object libchardev.a.p/chardev_char-fe.c.obj
[131/663] Compiling C object libchardev.a.p/chardev_char-null.c.obj
[132/663] Compiling C object libqmp.a.p/monitor_qmp-cmds-control.c.obj
[133/663] Compiling C object libchardev.a.p/chardev_char-hub.c.obj
[134/663] Compiling C object libchardev.a.p/chardev_char-mux.c.obj
[135/663] Compiling C object libchardev.a.p/chardev_char-serial.c.obj
[136/663] Compiling C object libchardev.a.p/chardev_char-ringbuf.c.obj
[137/663] Compiling C object libchardev.a.p/chardev_char-udp.c.obj
[138/663] Compiling C object libchardev.a.p/chardev_char-stdio.c.obj
[139/663] Compiling C object libblockdev.a.p/blockdev.c.obj
[140/663] Compiling C object libblockdev.a.p/nbd_server.c.obj
[141/663] Compiling C object libchardev.a.p/chardev_char-console.c.obj
[142/663] Compiling C object libchardev.a.p/chardev_char.c.obj
[143/663] Compiling C object libchardev.a.p/chardev_char-win.c.obj
[144/663] Compiling C object libchardev.a.p/chardev_char-socket.c.obj
[145/663] Compiling C object libhwcore.a.p/hw_core_bus.c.obj
[146/663] Compiling C object libsystem.a.p/trace_control-target.c.obj
[147/663] Compiling C object libhwcore.a.p/hw_core_resetcontainer.c.obj
[148/663] Compiling C object libchardev.a.p/chardev_char-win-stdio.c.obj
[149/663] Compiling C object libhwcore.a.p/hw_core_qdev-clock.c.obj
[150/663] Compiling C object libhwcore.a.p/hw_core_irq.c.obj
[151/663] Compiling C object libhwcore.a.p/hw_core_vmstate-if.c.obj
[152/663] Compiling C object libsystem.a.p/ui_xemu-widescreen.c.obj
[153/663] Compiling C object libsystem.a.p/trace_trace-hmp-cmds.c.obj
[154/663] Compiling C object libhwcore.a.p/hw_core_resettable.c.obj
[155/663] Compiling C object libsystem.a.p/ui_dmabuf.c.obj
[156/663] Compiling C object libsystem.a.p/ui_input-keymap.c.obj
[157/663] Compiling C object libhwcore.a.p/hw_core_qdev.c.obj
In file included from /xemu/include/exec/cpu-common.h:13,
                 from /xemu/include/system/memory.h:17,
                 from /xemu/include/hw/boards.h:6,
                 from ../hw/core/qdev.c:37:
/xemu/include/hw/core/cpu.h:647:17: warning: redundant redeclaration of 'TlsGetValue' [-Wredundant-decls]
  647 | void *__stdcall TlsGetValue(unsigned long);
      |                 ^~~~~~~~~~~
In file included from /usr/local/mxe/usr/x86_64-w64-mingw32.static/include/winbase.h:29,
                 from /usr/local/mxe/usr/x86_64-w64-mingw32.static/include/windows.h:70,
                 from /usr/local/mxe/usr/x86_64-w64-mingw32.static/include/winsock2.h:23,
                 from /xemu/include/system/os-win32.h:29,
                 from /xemu/include/qemu/osdep.h:178,
                 from ../hw/core/qdev.c:28:
/usr/local/mxe/usr/x86_64-w64-mingw32.static/include/processthreadsapi.h:323:28: note: previous declaration of 'TlsGetValue' with type 'void *(DWORD)' {aka 'void *(long unsigned int)'}
  323 |   WINBASEAPI LPVOID WINAPI TlsGetValue (DWORD dwTlsIndex);
      |                            ^~~~~~~~~~~
/xemu/include/hw/core/cpu.h:647:17: warning: 'TlsGetValue' redeclared without dllimport attribute: previous dllimport ignored [-Wattributes]
  647 | void *__stdcall TlsGetValue(unsigned long);
      |                 ^~~~~~~~~~~
/xemu/include/hw/core/cpu.h:648:15: warning: redundant redeclaration of 'TlsSetValue' [-Wredundant-decls]
  648 | int __stdcall TlsSetValue(unsigned long, void *);
      |               ^~~~~~~~~~~
/usr/local/mxe/usr/x86_64-w64-mingw32.static/include/processthreadsapi.h:324:29: note: previous declaration of 'TlsSetValue' with type 'WINBOOL(DWORD,  void *)' {aka 'int(long unsigned int,  void *)'}
  324 |   WINBASEAPI WINBOOL WINAPI TlsSetValue (DWORD dwTlsIndex, LPVOID lpTlsValue);
      |                             ^~~~~~~~~~~
/xemu/include/hw/core/cpu.h:648:15: warning: 'TlsSetValue' redeclared without dllimport attribute: previous dllimport ignored [-Wattributes]
  648 | int __stdcall TlsSetValue(unsigned long, void *);
      |               ^~~~~~~~~~~
[158/663] Compiling C object libhwcore.a.p/hw_core_qdev-properties.c.obj
[159/663] Compiling C object libsystem.a.p/ui_cursor.c.obj
[160/663] Compiling C object libsystem.a.p/qom_qom-hmp-cmds.c.obj
[161/663] Compiling C object libsystem.a.p/ui_clipboard.c.obj
[162/663] Compiling C object libhwcore.a.p/hw_core_clock.c.obj
[163/663] Compiling C object libsystem.a.p/ui_input-legacy.c.obj
[164/663] Compiling C object libsystem.a.p/ui_kbd-state.c.obj
[165/663] Compiling C object libsystem.a.p/ui_keymaps.c.obj
[166/663] Compiling C object libsystem.a.p/ui_input-barrier.c.obj
[167/663] Compiling C object libsystem.a.p/ui_qemu-pixman.c.obj
[168/663] Compiling C object libsystem.a.p/ui_ui-qmp-cmds.c.obj
[169/663] Compiling C object libsystem.a.p/ui_spice-module.c.obj
[170/663] Compiling C object libsystem.a.p/ui_console.c.obj
In file included from /xemu/include/exec/cpu-common.h:13,
                 from /xemu/include/system/memory.h:17,
                 from ../ui/console.c:38:
/xemu/include/hw/core/cpu.h:647:17: warning: redundant redeclaration of 'TlsGetValue' [-Wredundant-decls]
  647 | void *__stdcall TlsGetValue(unsigned long);
      |                 ^~~~~~~~~~~
In file included from /usr/local/mxe/usr/x86_64-w64-mingw32.static/include/winbase.h:29,
                 from /usr/local/mxe/usr/x86_64-w64-mingw32.static/include/windows.h:70,
                 from /usr/local/mxe/usr/x86_64-w64-mingw32.static/include/winsock2.h:23,
                 from /xemu/include/system/os-win32.h:29,
                 from /xemu/include/qemu/osdep.h:178,
                 from ../ui/console.c:25:
/usr/local/mxe/usr/x86_64-w64-mingw32.static/include/processthreadsapi.h:323:28: note: previous declaration of 'TlsGetValue' with type 'void *(DWORD)' {aka 'void *(long unsigned int)'}
  323 |   WINBASEAPI LPVOID WINAPI TlsGetValue (DWORD dwTlsIndex);
      |                            ^~~~~~~~~~~
/xemu/include/hw/core/cpu.h:647:17: warning: 'TlsGetValue' redeclared without dllimport attribute: previous dllimport ignored [-Wattributes]
  647 | void *__stdcall TlsGetValue(unsigned long);
      |                 ^~~~~~~~~~~
/xemu/include/hw/core/cpu.h:648:15: warning: redundant redeclaration of 'TlsSetValue' [-Wredundant-decls]
  648 | int __stdcall TlsSetValue(unsigned long, void *);
      |               ^~~~~~~~~~~
/usr/local/mxe/usr/x86_64-w64-mingw32.static/include/processthreadsapi.h:324:29: note: previous declaration of 'TlsSetValue' with type 'WINBOOL(DWORD,  void *)' {aka 'int(long unsigned int,  void *)'}
  324 |   WINBASEAPI WINBOOL WINAPI TlsSetValue (DWORD dwTlsIndex, LPVOID lpTlsValue);
      |                             ^~~~~~~~~~~
/xemu/include/hw/core/cpu.h:648:15: warning: 'TlsSetValue' redeclared without dllimport attribute: previous dllimport ignored [-Wattributes]
  648 | int __stdcall TlsSetValue(unsigned long, void *);
      |               ^~~~~~~~~~~
[171/663] Compiling C object libsystem.a.p/ui_libretro-settings-stub.c.obj
[172/663] Compiling C object libsystem.a.p/ui_xemu-net.c.obj
In file included from ../ui/xemu-net.c:40:
../winpcap-loader/include/pcap/pcap.h:354:9: warning: redundant redeclaration of 'bpf_filter' [-Wredundant-decls]
  354 | u_int   bpf_filter(const struct bpf_insn *, const u_char *, u_int, u_int);
      |         ^~~~~~~~~~
In file included from ../winpcap-loader/include/pcap/pcap.h:51:
../winpcap-loader/include/pcap/bpf.h:919:14: note: previous declaration of 'bpf_filter' with type 'u_int(const struct bpf_insn *, const u_char *, u_int,  u_int)' {aka 'unsigned int(const struct bpf_insn *, const unsigned char *, unsigned int,  unsigned int)'}
  919 | extern u_int bpf_filter(const struct bpf_insn *, const u_char *, u_int, u_int);
      |              ^~~~~~~~~~
../winpcap-loader/include/pcap/pcap.h:355:9: warning: redundant redeclaration of 'bpf_validate' [-Wredundant-decls]
  355 | int     bpf_validate(const struct bpf_insn *f, int len);
      |         ^~~~~~~~~~~~
../winpcap-loader/include/pcap/bpf.h:918:12: note: previous declaration of 'bpf_validate' with type 'int(const struct bpf_insn *, int)'
  918 | extern int bpf_validate(const struct bpf_insn *, int);
      |            ^~~~~~~~~~~~
In file included from ../winpcap-loader/include/pcap/pcap.h:371:
../winpcap-loader/include/pcap/Win32-Extensions.h:103:5: warning: redundant redeclaration of 'pcap_offline_filter' [-Wredundant-decls]
  103 | int pcap_offline_filter(struct bpf_program *prog, const struct pcap_pkthdr *header, const u_char *pkt_data);
      |     ^~~~~~~~~~~~~~~~~~~
../winpcap-loader/include/pcap/pcap.h:321:9: note: previous declaration of 'pcap_offline_filter' with type 'int(struct bpf_program *, const struct pcap_pkthdr *, const u_char *)' {aka 'int(struct bpf_program *, const struct pcap_pkthdr *, const unsigned char *)'}
  321 | int     pcap_offline_filter(struct bpf_program *, const struct pcap_pkthdr *,
      |         ^~~~~~~~~~~~~~~~~~~
[173/663] Compiling C object libsystem.a.p/ui_input.c.obj
[174/663] Compiling C object libsystem.a.p/ui_util.c.obj
In file included from /xemu/include/exec/cpu-common.h:13,
                 from /xemu/include/system/memory.h:17,
                 from /xemu/include/hw/pci/pci.h:4,
                 from /xemu/include/hw/pci/pci_device.h:4,
                 from ../ui/util.c:20:
/xemu/include/hw/core/cpu.h:647:17: warning: redundant redeclaration of 'TlsGetValue' [-Wredundant-decls]
  647 | void *__stdcall TlsGetValue(unsigned long);
      |                 ^~~~~~~~~~~
In file included from /usr/local/mxe/usr/x86_64-w64-mingw32.static/include/winbase.h:29,
                 from /usr/local/mxe/usr/x86_64-w64-mingw32.static/include/windows.h:70,
                 from /usr/local/mxe/usr/x86_64-w64-mingw32.static/include/winsock2.h:23,
                 from /xemu/include/system/os-win32.h:29,
                 from /xemu/include/qemu/osdep.h:178,
                 from ../ui/util.c:18:
/usr/local/mxe/usr/x86_64-w64-mingw32.static/include/processthreadsapi.h:323:28: note: previous declaration of 'TlsGetValue' with type 'void *(DWORD)' {aka 'void *(long unsigned int)'}
  323 |   WINBASEAPI LPVOID WINAPI TlsGetValue (DWORD dwTlsIndex);
      |                            ^~~~~~~~~~~
/xemu/include/hw/core/cpu.h:647:17: warning: 'TlsGetValue' redeclared without dllimport attribute: previous dllimport ignored [-Wattributes]
  647 | void *__stdcall TlsGetValue(unsigned long);
      |                 ^~~~~~~~~~~
/xemu/include/hw/core/cpu.h:648:15: warning: redundant redeclaration of 'TlsSetValue' [-Wredundant-decls]
  648 | int __stdcall TlsSetValue(unsigned long, void *);
      |               ^~~~~~~~~~~
/usr/local/mxe/usr/x86_64-w64-mingw32.static/include/processthreadsapi.h:324:29: note: previous declaration of 'TlsSetValue' with type 'WINBOOL(DWORD,  void *)' {aka 'int(long unsigned int,  void *)'}
  324 |   WINBASEAPI WINBOOL WINAPI TlsSetValue (DWORD dwTlsIndex, LPVOID lpTlsValue);
      |                             ^~~~~~~~~~~
/xemu/include/hw/core/cpu.h:648:15: warning: 'TlsSetValue' redeclared without dllimport attribute: previous dllimport ignored [-Wattributes]
  648 | int __stdcall TlsSetValue(unsigned long, void *);
      |               ^~~~~~~~~~~
[175/663] Compiling C object libsystem.a.p/hw_acpi_ghes-stub.c.obj
[176/663] Compiling C object libsystem.a.p/gdbstub_syscalls.c.obj
In file included from /xemu/include/exec/cpu-common.h:13,
                 from ../gdbstub/internals.h:12,
                 from ../gdbstub/syscalls.c:21:
/xemu/include/hw/core/cpu.h:647:17: warning: redundant redeclaration of 'TlsGetValue' [-Wredundant-decls]
  647 | void *__stdcall TlsGetValue(unsigned long);
      |                 ^~~~~~~~~~~
In file included from /usr/local/mxe/usr/x86_64-w64-mingw32.static/include/winbase.h:29,
                 from /usr/local/mxe/usr/x86_64-w64-mingw32.static/include/windows.h:70,
                 from /usr/local/mxe/usr/x86_64-w64-mingw32.static/include/winsock2.h:23,
                 from /xemu/include/system/os-win32.h:29,
                 from /xemu/include/qemu/osdep.h:178,
                 from ../gdbstub/syscalls.c:13:
/usr/local/mxe/usr/x86_64-w64-mingw32.static/include/processthreadsapi.h:323:28: note: previous declaration of 'TlsGetValue' with type 'void *(DWORD)' {aka 'void *(long unsigned int)'}
  323 |   WINBASEAPI LPVOID WINAPI TlsGetValue (DWORD dwTlsIndex);
      |                            ^~~~~~~~~~~
/xemu/include/hw/core/cpu.h:647:17: warning: 'TlsGetValue' redeclared without dllimport attribute: previous dllimport ignored [-Wattributes]
  647 | void *__stdcall TlsGetValue(unsigned long);
      |                 ^~~~~~~~~~~
/xemu/include/hw/core/cpu.h:648:15: warning: redundant redeclaration of 'TlsSetValue' [-Wredundant-decls]
  648 | int __stdcall TlsSetValue(unsigned long, void *);
      |               ^~~~~~~~~~~
/usr/local/mxe/usr/x86_64-w64-mingw32.static/include/processthreadsapi.h:324:29: note: previous declaration of 'TlsSetValue' with type 'WINBOOL(DWORD,  void *)' {aka 'int(long unsigned int,  void *)'}
  324 |   WINBASEAPI WINBOOL WINAPI TlsSetValue (DWORD dwTlsIndex, LPVOID lpTlsValue);
      |                             ^~~~~~~~~~~
/xemu/include/hw/core/cpu.h:648:15: warning: 'TlsSetValue' redeclared without dllimport attribute: previous dllimport ignored [-Wattributes]
  648 | int __stdcall TlsSetValue(unsigned long, void *);
      |               ^~~~~~~~~~~
[177/663] Compiling C object libsystem.a.p/winpcap-loader_loader.c.obj
In file included from ../winpcap-loader/loader.c:21:
../winpcap-loader/include/pcap/pcap.h:354:9: warning: redundant redeclaration of 'bpf_filter' [-Wredundant-decls]
  354 | u_int   bpf_filter(const struct bpf_insn *, const u_char *, u_int, u_int);
      |         ^~~~~~~~~~
In file included from ../winpcap-loader/include/pcap/pcap.h:51:
../winpcap-loader/include/pcap/bpf.h:919:14: note: previous declaration of 'bpf_filter' with type 'u_int(const struct bpf_insn *, const u_char *, u_int,  u_int)' {aka 'unsigned int(const struct bpf_insn *, const unsigned char *, unsigned int,  unsigned int)'}
  919 | extern u_int bpf_filter(const struct bpf_insn *, const u_char *, u_int, u_int);
      |              ^~~~~~~~~~
../winpcap-loader/include/pcap/pcap.h:355:9: warning: redundant redeclaration of 'bpf_validate' [-Wredundant-decls]
  355 | int     bpf_validate(const struct bpf_insn *f, int len);
      |         ^~~~~~~~~~~~
../winpcap-loader/include/pcap/bpf.h:918:12: note: previous declaration of 'bpf_validate' with type 'int(const struct bpf_insn *, int)'
  918 | extern int bpf_validate(const struct bpf_insn *, int);
      |            ^~~~~~~~~~~~
In file included from ../winpcap-loader/include/pcap/pcap.h:371:
../winpcap-loader/include/pcap/Win32-Extensions.h:103:5: warning: redundant redeclaration of 'pcap_offline_filter' [-Wredundant-decls]
  103 | int pcap_offline_filter(struct bpf_program *prog, const struct pcap_pkthdr *header, const u_char *pkt_data);
      |     ^~~~~~~~~~~~~~~~~~~
../winpcap-loader/include/pcap/pcap.h:321:9: note: previous declaration of 'pcap_offline_filter' with type 'int(struct bpf_program *, const struct pcap_pkthdr *, const u_char *)' {aka 'int(struct bpf_program *, const struct pcap_pkthdr *, const unsigned char *)'}
  321 | int     pcap_offline_filter(struct bpf_program *, const struct pcap_pkthdr *,
      |         ^~~~~~~~~~~~~~~~~~~
[178/663] Compiling C object libsystem.a.p/ui_ui-hmp-cmds.c.obj
[179/663] Compiling C object libsystem.a.p/ui_vnc-stubs.c.obj
[180/663] Compiling C object libsystem.a.p/ui_libretro-stubs.c.obj
In file included from ../subprojects/SDL3-3.4.10/include/SDL3/SDL.h:35,
                 from ../ui/xemu-input.h:28,
                 from ../ui/libretro-stubs.c:27:
../subprojects/SDL3-3.4.10/include/SDL3/SDL_assert.h:131:25: warning: redundant redeclaration of '__debugbreak' [-Wredundant-decls]
  131 |     extern void __cdecl __debugbreak(void);
      |                         ^~~~~~~~~~~~
In file included from /usr/local/mxe/usr/x86_64-w64-mingw32.static/include/vadefs.h:9,
                 from /usr/local/mxe/usr/x86_64-w64-mingw32.static/include/_mingw_stdarg.h:14,
                 from /usr/local/mxe/usr/x86_64-w64-mingw32.static/include/stdarg.h:140,
                 from /usr/local/mxe/usr/lib/gcc/x86_64-w64-mingw32.static/16.1.0/include/stdarg.h:1,
                 from /xemu/include/qemu/osdep.h:108,
                 from ../ui/libretro-stubs.c:9:
/usr/local/mxe/usr/x86_64-w64-mingw32.static/include/_mingw.h:605:36: note: previous definition of '__debugbreak' with type 'void(void)'
  605 | __MINGW_INTRIN_INLINE void __cdecl __debugbreak(void)
      |                                    ^~~~~~~~~~~~
[181/663] Compiling C object libsystem.a.p/gdbstub_system.c.obj
In file included from ../gdbstub/system.c:26:
/xemu/include/hw/core/cpu.h:647:17: warning: redundant redeclaration of 'TlsGetValue' [-Wredundant-decls]
  647 | void *__stdcall TlsGetValue(unsigned long);
      |                 ^~~~~~~~~~~
In file included from /usr/local/mxe/usr/x86_64-w64-mingw32.static/include/winbase.h:29,
                 from /usr/local/mxe/usr/x86_64-w64-mingw32.static/include/windows.h:70,
                 from /usr/local/mxe/usr/x86_64-w64-mingw32.static/include/winsock2.h:23,
                 from /xemu/include/system/os-win32.h:29,
                 from /xemu/include/qemu/osdep.h:178,
                 from ../gdbstub/system.c:13:
/usr/local/mxe/usr/x86_64-w64-mingw32.static/include/processthreadsapi.h:323:28: note: previous declaration of 'TlsGetValue' with type 'void *(DWORD)' {aka 'void *(long unsigned int)'}
  323 |   WINBASEAPI LPVOID WINAPI TlsGetValue (DWORD dwTlsIndex);
      |                            ^~~~~~~~~~~
/xemu/include/hw/core/cpu.h:647:17: warning: 'TlsGetValue' redeclared without dllimport attribute: previous dllimport ignored [-Wattributes]
  647 | void *__stdcall TlsGetValue(unsigned long);
      |                 ^~~~~~~~~~~
/xemu/include/hw/core/cpu.h:648:15: warning: redundant redeclaration of 'TlsSetValue' [-Wredundant-decls]
  648 | int __stdcall TlsSetValue(unsigned long, void *);
      |               ^~~~~~~~~~~
/usr/local/mxe/usr/x86_64-w64-mingw32.static/include/processthreadsapi.h:324:29: note: previous declaration of 'TlsSetValue' with type 'WINBOOL(DWORD,  void *)' {aka 'int(long unsigned int,  void *)'}
  324 |   WINBASEAPI WINBOOL WINAPI TlsSetValue (DWORD dwTlsIndex, LPVOID lpTlsValue);
      |                             ^~~~~~~~~~~
/xemu/include/hw/core/cpu.h:648:15: warning: 'TlsSetValue' redeclared without dllimport attribute: previous dllimport ignored [-Wattributes]
  648 | int __stdcall TlsSetValue(unsigned long, void *);
      |               ^~~~~~~~~~~
[182/663] Compiling C object libsystem.a.p/hw_acpi_acpi_interface.c.obj
[183/663] Compiling C object libsystem.a.p/ui_console-vc-stubs.c.obj
[184/663] Compiling C object libsystem.a.p/hw_acpi_utils.c.obj
In file included from /xemu/include/exec/cpu-common.h:13,
                 from /xemu/include/system/memory.h:17,
                 from /xemu/include/hw/sysbus.h:7,
                 from /xemu/include/hw/nvram/fw_cfg.h:6,
                 from /xemu/include/hw/acpi/utils.h:4,
                 from ../hw/acpi/utils.c:26:
/xemu/include/hw/core/cpu.h:647:17: warning: redundant redeclaration of 'TlsGetValue' [-Wredundant-decls]
  647 | void *__stdcall TlsGetValue(unsigned long);
      |                 ^~~~~~~~~~~
In file included from /usr/local/mxe/usr/x86_64-w64-mingw32.static/include/winbase.h:29,
                 from /usr/local/mxe/usr/x86_64-w64-mingw32.static/include/windows.h:70,
                 from /usr/local/mxe/usr/x86_64-w64-mingw32.static/include/winsock2.h:23,
                 from /xemu/include/system/os-win32.h:29,
                 from /xemu/include/qemu/osdep.h:178,
                 from ../hw/acpi/utils.c:24:
/usr/local/mxe/usr/x86_64-w64-mingw32.static/include/processthreadsapi.h:323:28: note: previous declaration of 'TlsGetValue' with type 'void *(DWORD)' {aka 'void *(long unsigned int)'}
  323 |   WINBASEAPI LPVOID WINAPI TlsGetValue (DWORD dwTlsIndex);
      |                            ^~~~~~~~~~~
/xemu/include/hw/core/cpu.h:647:17: warning: 'TlsGetValue' redeclared without dllimport attribute: previous dllimport ignored [-Wattributes]
  647 | void *__stdcall TlsGetValue(unsigned long);
      |                 ^~~~~~~~~~~
/xemu/include/hw/core/cpu.h:648:15: warning: redundant redeclaration of 'TlsSetValue' [-Wredundant-decls]
  648 | int __stdcall TlsSetValue(unsigned long, void *);
      |               ^~~~~~~~~~~
/usr/local/mxe/usr/x86_64-w64-mingw32.static/include/processthreadsapi.h:324:29: note: previous declaration of 'TlsSetValue' with type 'WINBOOL(DWORD,  void *)' {aka 'int(long unsigned int,  void *)'}
  324 |   WINBASEAPI WINBOOL WINAPI TlsSetValue (DWORD dwTlsIndex, LPVOID lpTlsValue);
      |                             ^~~~~~~~~~~
/xemu/include/hw/core/cpu.h:648:15: warning: 'TlsSetValue' redeclared without dllimport attribute: previous dllimport ignored [-Wattributes]
  648 | int __stdcall TlsSetValue(unsigned long, void *);
      |               ^~~~~~~~~~~
[185/663] Compiling C object libsystem.a.p/hw_acpi_bios-linker-loader.c.obj
In file included from /xemu/include/exec/cpu-common.h:13,
                 from /xemu/include/system/memory.h:17,
                 from /xemu/include/hw/sysbus.h:7,
                 from /xemu/include/hw/nvram/fw_cfg.h:6,
                 from ../hw/acpi/bios-linker-loader.c:23:
/xemu/include/hw/core/cpu.h:647:17: warning: redundant redeclaration of 'TlsGetValue' [-Wredundant-decls]
  647 | void *__stdcall TlsGetValue(unsigned long);
      |                 ^~~~~~~~~~~
In file included from /usr/local/mxe/usr/x86_64-w64-mingw32.static/include/winbase.h:29,
                 from /usr/local/mxe/usr/x86_64-w64-mingw32.static/include/windows.h:70,
                 from /usr/local/mxe/usr/x86_64-w64-mingw32.static/include/winsock2.h:23,
                 from /xemu/include/system/os-win32.h:29,
                 from /xemu/include/qemu/osdep.h:178,
                 from ../hw/acpi/bios-linker-loader.c:21:
/usr/local/mxe/usr/x86_64-w64-mingw32.static/include/processthreadsapi.h:323:28: note: previous declaration of 'TlsGetValue' with type 'void *(DWORD)' {aka 'void *(long unsigned int)'}
  323 |   WINBASEAPI LPVOID WINAPI TlsGetValue (DWORD dwTlsIndex);
      |                            ^~~~~~~~~~~
/xemu/include/hw/core/cpu.h:647:17: warning: 'TlsGetValue' redeclared without dllimport attribute: previous dllimport ignored [-Wattributes]
  647 | void *__stdcall TlsGetValue(unsigned long);
      |                 ^~~~~~~~~~~
/xemu/include/hw/core/cpu.h:648:15: warning: redundant redeclaration of 'TlsSetValue' [-Wredundant-decls]
  648 | int __stdcall TlsSetValue(unsigned long, void *);
      |               ^~~~~~~~~~~
/usr/local/mxe/usr/x86_64-w64-mingw32.static/include/processthreadsapi.h:324:29: note: previous declaration of 'TlsSetValue' with type 'WINBOOL(DWORD,  void *)' {aka 'int(long unsigned int,  void *)'}
  324 |   WINBASEAPI WINBOOL WINAPI TlsSetValue (DWORD dwTlsIndex, LPVOID lpTlsValue);
      |                             ^~~~~~~~~~~
/xemu/include/hw/core/cpu.h:648:15: warning: 'TlsSetValue' redeclared without dllimport attribute: previous dllimport ignored [-Wattributes]
  648 | int __stdcall TlsSetValue(unsigned long, void *);
      |               ^~~~~~~~~~~
[186/663] Compiling C object libsystem.a.p/ui_libretro.c.obj
../ui/libretro.c: In function 'libretro_glo_log':
../ui/libretro.c:70:5: warning: function 'libretro_glo_log' might be a candidate for 'gnu_printf' format attribute [-Wsuggest-attribute=format]
   70 |     vsnprintf(buf, sizeof(buf), fmt, ap);
      |     ^~~~~~~~~
../ui/libretro.c: In function 'retro_init':
../ui/libretro.c:1148:30: warning: nested extern declaration of 'tls_key_tcg_ctx' [-Wnested-externs]
 1148 |         extern unsigned long tls_key_tcg_ctx;
      |                              ^~~~~~~~~~~~~~~
../ui/libretro.c:1149:30: warning: nested extern declaration of 'tls_key_current_cpu' [-Wnested-externs]
 1149 |         extern unsigned long tls_key_current_cpu;
      |                              ^~~~~~~~~~~~~~~~~~~
../ui/libretro.c:1150:33: warning: nested extern declaration of 'TlsAlloc' [-Wnested-externs]
 1150 |         unsigned long __stdcall TlsAlloc(void);
      |                                 ^~~~~~~~
../ui/libretro.c:1150:33: warning: redundant redeclaration of 'TlsAlloc' [-Wredundant-decls]
In file included from /usr/local/mxe/usr/x86_64-w64-mingw32.static/include/winbase.h:29,
                 from /usr/local/mxe/usr/x86_64-w64-mingw32.static/include/windows.h:70,
                 from /usr/local/mxe/usr/x86_64-w64-mingw32.static/include/winsock2.h:23,
                 from /xemu/include/system/os-win32.h:29,
                 from /xemu/include/qemu/osdep.h:178,
                 from ../ui/libretro.c:12:
/usr/local/mxe/usr/x86_64-w64-mingw32.static/include/processthreadsapi.h:322:27: note: previous declaration of 'TlsAlloc' with type 'DWORD(void)' {aka 'long unsigned int(void)'}
  322 |   WINBASEAPI DWORD WINAPI TlsAlloc (VOID);
      |                           ^~~~~~~~
../ui/libretro.c:1150:33: warning: 'TlsAlloc' redeclared without dllimport attribute: previous dllimport ignored [-Wattributes]
 1150 |         unsigned long __stdcall TlsAlloc(void);
      |                                 ^~~~~~~~
[187/663] Compiling C object libsystem.a.p/gdbstub_gdbstub.c.obj
In file included from /xemu/include/exec/cpu-common.h:13,
                 from /xemu/include/system/memory.h:17,
                 from /xemu/include/hw/boards.h:6,
                 from ../gdbstub/gdbstub.c:41:
/xemu/include/hw/core/cpu.h:647:17: warning: redundant redeclaration of 'TlsGetValue' [-Wredundant-decls]
  647 | void *__stdcall TlsGetValue(unsigned long);
      |                 ^~~~~~~~~~~
In file included from /usr/local/mxe/usr/x86_64-w64-mingw32.static/include/winbase.h:29,
                 from /usr/local/mxe/usr/x86_64-w64-mingw32.static/include/windows.h:70,
                 from /usr/local/mxe/usr/x86_64-w64-mingw32.static/include/winsock2.h:23,
                 from /xemu/include/system/os-win32.h:29,
                 from /xemu/include/qemu/osdep.h:178,
                 from ../gdbstub/gdbstub.c:26:
/usr/local/mxe/usr/x86_64-w64-mingw32.static/include/processthreadsapi.h:323:28: note: previous declaration of 'TlsGetValue' with type 'void *(DWORD)' {aka 'void *(long unsigned int)'}
  323 |   WINBASEAPI LPVOID WINAPI TlsGetValue (DWORD dwTlsIndex);
      |                            ^~~~~~~~~~~
/xemu/include/hw/core/cpu.h:647:17: warning: 'TlsGetValue' redeclared without dllimport attribute: previous dllimport ignored [-Wattributes]
  647 | void *__stdcall TlsGetValue(unsigned long);
      |                 ^~~~~~~~~~~
/xemu/include/hw/core/cpu.h:648:15: warning: redundant redeclaration of 'TlsSetValue' [-Wredundant-decls]
  648 | int __stdcall TlsSetValue(unsigned long, void *);
      |               ^~~~~~~~~~~
/usr/local/mxe/usr/x86_64-w64-mingw32.static/include/processthreadsapi.h:324:29: note: previous declaration of 'TlsSetValue' with type 'WINBOOL(DWORD,  void *)' {aka 'int(long unsigned int,  void *)'}
  324 |   WINBASEAPI WINBOOL WINAPI TlsSetValue (DWORD dwTlsIndex, LPVOID lpTlsValue);
      |                             ^~~~~~~~~~~
/xemu/include/hw/core/cpu.h:648:15: warning: 'TlsSetValue' redeclared without dllimport attribute: previous dllimport ignored [-Wattributes]
  648 | int __stdcall TlsSetValue(unsigned long, void *);
      |               ^~~~~~~~~~~
[188/663] Compiling C object libsystem.a.p/hw_acpi_core.c.obj
In file included from /xemu/include/exec/cpu-common.h:13,
                 from /xemu/include/system/memory.h:17,
                 from /xemu/include/hw/acpi/acpi.h:24,
                 from ../hw/acpi/core.c:24:
/xemu/include/hw/core/cpu.h:647:17: warning: redundant redeclaration of 'TlsGetValue' [-Wredundant-decls]
  647 | void *__stdcall TlsGetValue(unsigned long);
      |                 ^~~~~~~~~~~
In file included from /usr/local/mxe/usr/x86_64-w64-mingw32.static/include/winbase.h:29,
                 from /usr/local/mxe/usr/x86_64-w64-mingw32.static/include/windows.h:70,
                 from /usr/local/mxe/usr/x86_64-w64-mingw32.static/include/winsock2.h:23,
                 from /xemu/include/system/os-win32.h:29,
                 from /xemu/include/qemu/osdep.h:178,
                 from ../hw/acpi/core.c:22:
/usr/local/mxe/usr/x86_64-w64-mingw32.static/include/processthreadsapi.h:323:28: note: previous declaration of 'TlsGetValue' with type 'void *(DWORD)' {aka 'void *(long unsigned int)'}
  323 |   WINBASEAPI LPVOID WINAPI TlsGetValue (DWORD dwTlsIndex);
      |                            ^~~~~~~~~~~
/xemu/include/hw/core/cpu.h:647:17: warning: 'TlsGetValue' redeclared without dllimport attribute: previous dllimport ignored [-Wattributes]
  647 | void *__stdcall TlsGetValue(unsigned long);
      |                 ^~~~~~~~~~~
/xemu/include/hw/core/cpu.h:648:15: warning: redundant redeclaration of 'TlsSetValue' [-Wredundant-decls]
  648 | int __stdcall TlsSetValue(unsigned long, void *);
      |               ^~~~~~~~~~~
/usr/local/mxe/usr/x86_64-w64-mingw32.static/include/processthreadsapi.h:324:29: note: previous declaration of 'TlsSetValue' with type 'WINBOOL(DWORD,  void *)' {aka 'int(long unsigned int,  void *)'}
  324 |   WINBASEAPI WINBOOL WINAPI TlsSetValue (DWORD dwTlsIndex, LPVOID lpTlsValue);
      |                             ^~~~~~~~~~~
/xemu/include/hw/core/cpu.h:648:15: warning: 'TlsSetValue' redeclared without dllimport attribute: previous dllimport ignored [-Wattributes]
  648 | int __stdcall TlsSetValue(unsigned long, void *);
      |               ^~~~~~~~~~~
[189/663] Compiling C object libsystem.a.p/hw_acpi_ipmi-stub.c.obj
[190/663] Compiling C object libsystem.a.p/hw_acpi_hmat.c.obj
[191/663] Compiling C object libsystem.a.p/hw_acpi_vmgenid.c.obj
In file included from /xemu/include/exec/cpu-common.h:13,
                 from /xemu/include/system/memory.h:17,
                 from /xemu/include/hw/acpi/acpi.h:24,
                 from ../hw/acpi/vmgenid.c:16:
/xemu/include/hw/core/cpu.h:647:17: warning: redundant redeclaration of 'TlsGetValue' [-Wredundant-decls]
  647 | void *__stdcall TlsGetValue(unsigned long);
      |                 ^~~~~~~~~~~
In file included from /usr/local/mxe/usr/x86_64-w64-mingw32.static/include/winbase.h:29,
                 from /usr/local/mxe/usr/x86_64-w64-mingw32.static/include/windows.h:70,
                 from /usr/local/mxe/usr/x86_64-w64-mingw32.static/include/winsock2.h:23,
                 from /xemu/include/system/os-win32.h:29,
                 from /xemu/include/qemu/osdep.h:178,
                 from ../hw/acpi/vmgenid.c:13:
/usr/local/mxe/usr/x86_64-w64-mingw32.static/include/processthreadsapi.h:323:28: note: previous declaration of 'TlsGetValue' with type 'void *(DWORD)' {aka 'void *(long unsigned int)'}
  323 |   WINBASEAPI LPVOID WINAPI TlsGetValue (DWORD dwTlsIndex);
      |                            ^~~~~~~~~~~
/xemu/include/hw/core/cpu.h:647:17: warning: 'TlsGetValue' redeclared without dllimport attribute: previous dllimport ignored [-Wattributes]
  647 | void *__stdcall TlsGetValue(unsigned long);
      |                 ^~~~~~~~~~~
/xemu/include/hw/core/cpu.h:648:15: warning: redundant redeclaration of 'TlsSetValue' [-Wredundant-decls]
  648 | int __stdcall TlsSetValue(unsigned long, void *);
      |               ^~~~~~~~~~~
/usr/local/mxe/usr/x86_64-w64-mingw32.static/include/processthreadsapi.h:324:29: note: previous declaration of 'TlsSetValue' with type 'WINBOOL(DWORD,  void *)' {aka 'int(long unsigned int,  void *)'}
  324 |   WINBASEAPI WINBOOL WINAPI TlsSetValue (DWORD dwTlsIndex, LPVOID lpTlsValue);
      |                             ^~~~~~~~~~~
/xemu/include/hw/core/cpu.h:648:15: warning: 'TlsSetValue' redeclared without dllimport attribute: previous dllimport ignored [-Wattributes]
  648 | int __stdcall TlsSetValue(unsigned long, void *);
      |               ^~~~~~~~~~~
[192/663] Compiling C object libsystem.a.p/hw_acpi_pci.c.obj
In file included from /xemu/include/exec/cpu-common.h:13,
                 from /xemu/include/system/memory.h:17,
                 from /xemu/include/hw/boards.h:6,
                 from ../hw/acpi/pci.c:30:
/xemu/include/hw/core/cpu.h:647:17: warning: redundant redeclaration of 'TlsGetValue' [-Wredundant-decls]
  647 | void *__stdcall TlsGetValue(unsigned long);
      |                 ^~~~~~~~~~~
In file included from /usr/local/mxe/usr/x86_64-w64-mingw32.static/include/winbase.h:29,
                 from /usr/local/mxe/usr/x86_64-w64-mingw32.static/include/windows.h:70,
                 from /usr/local/mxe/usr/x86_64-w64-mingw32.static/include/winsock2.h:23,
                 from /xemu/include/system/os-win32.h:29,
                 from /xemu/include/qemu/osdep.h:178,
                 from ../hw/acpi/pci.c:26:
/usr/local/mxe/usr/x86_64-w64-mingw32.static/include/processthreadsapi.h:323:28: note: previous declaration of 'TlsGetValue' with type 'void *(DWORD)' {aka 'void *(long unsigned int)'}
  323 |   WINBASEAPI LPVOID WINAPI TlsGetValue (DWORD dwTlsIndex);
      |                            ^~~~~~~~~~~
/xemu/include/hw/core/cpu.h:647:17: warning: 'TlsGetValue' redeclared without dllimport attribute: previous dllimport ignored [-Wattributes]
  647 | void *__stdcall TlsGetValue(unsigned long);
      |                 ^~~~~~~~~~~
/xemu/include/hw/core/cpu.h:648:15: warning: redundant redeclaration of 'TlsSetValue' [-Wredundant-decls]
  648 | int __stdcall TlsSetValue(unsigned long, void *);
      |               ^~~~~~~~~~~
/usr/local/mxe/usr/x86_64-w64-mingw32.static/include/processthreadsapi.h:324:29: note: previous declaration of 'TlsSetValue' with type 'WINBOOL(DWORD,  void *)' {aka 'int(long unsigned int,  void *)'}
  324 |   WINBASEAPI WINBOOL WINAPI TlsSetValue (DWORD dwTlsIndex, LPVOID lpTlsValue);
      |                             ^~~~~~~~~~~
/xemu/include/hw/core/cpu.h:648:15: warning: 'TlsSetValue' redeclared without dllimport attribute: previous dllimport ignored [-Wattributes]
  648 | int __stdcall TlsSetValue(unsigned long, void *);
      |               ^~~~~~~~~~~
[193/663] Compiling C object libsystem.a.p/hw_acpi_pci-bridge.c.obj
In file included from /xemu/include/exec/cpu-common.h:13,
                 from /xemu/include/system/memory.h:17,
                 from /xemu/include/hw/pci/pci.h:4,
                 from /xemu/include/hw/pci/pci_device.h:4,
                 from /xemu/include/hw/pci/pci_bridge.h:29,
                 from ../hw/acpi/pci-bridge.c:17:
/xemu/include/hw/core/cpu.h:647:17: warning: redundant redeclaration of 'TlsGetValue' [-Wredundant-decls]
  647 | void *__stdcall TlsGetValue(unsigned long);
      |                 ^~~~~~~~~~~
In file included from /usr/local/mxe/usr/x86_64-w64-mingw32.static/include/winbase.h:29,
                 from /usr/local/mxe/usr/x86_64-w64-mingw32.static/include/windows.h:70,
                 from /usr/local/mxe/usr/x86_64-w64-mingw32.static/include/winsock2.h:23,
                 from /xemu/include/system/os-win32.h:29,
                 from /xemu/include/qemu/osdep.h:178,
                 from ../hw/acpi/pci-bridge.c:15:
/usr/local/mxe/usr/x86_64-w64-mingw32.static/include/processthreadsapi.h:323:28: note: previous declaration of 'TlsGetValue' with type 'void *(DWORD)' {aka 'void *(long unsigned int)'}
  323 |   WINBASEAPI LPVOID WINAPI TlsGetValue (DWORD dwTlsIndex);
      |                            ^~~~~~~~~~~
/xemu/include/hw/core/cpu.h:647:17: warning: 'TlsGetValue' redeclared without dllimport attribute: previous dllimport ignored [-Wattributes]
  647 | void *__stdcall TlsGetValue(unsigned long);
      |                 ^~~~~~~~~~~
/xemu/include/hw/core/cpu.h:648:15: warning: redundant redeclaration of 'TlsSetValue' [-Wredundant-decls]
  648 | int __stdcall TlsSetValue(unsigned long, void *);
      |               ^~~~~~~~~~~
/usr/local/mxe/usr/x86_64-w64-mingw32.static/include/processthreadsapi.h:324:29: note: previous declaration of 'TlsSetValue' with type 'WINBOOL(DWORD,  void *)' {aka 'int(long unsigned int,  void *)'}
  324 |   WINBASEAPI WINBOOL WINAPI TlsSetValue (DWORD dwTlsIndex, LPVOID lpTlsValue);
      |                             ^~~~~~~~~~~
/xemu/include/hw/core/cpu.h:648:15: warning: 'TlsSetValue' redeclared without dllimport attribute: previous dllimport ignored [-Wattributes]
  648 | int __stdcall TlsSetValue(unsigned long, void *);
      |               ^~~~~~~~~~~
[194/663] Compiling C object libsystem.a.p/hw_acpi_memory_hotplug.c.obj
In file included from /xemu/include/exec/cpu-common.h:13,
                 from /xemu/include/system/memory.h:17,
                 from /xemu/include/hw/acpi/acpi.h:24,
                 from /xemu/include/hw/acpi/memory_hotplug.h:6,
                 from ../hw/acpi/memory_hotplug.c:2:
/xemu/include/hw/core/cpu.h:647:17: warning: redundant redeclaration of 'TlsGetValue' [-Wredundant-decls]
  647 | void *__stdcall TlsGetValue(unsigned long);
      |                 ^~~~~~~~~~~
In file included from /usr/local/mxe/usr/x86_64-w64-mingw32.static/include/winbase.h:29,
                 from /usr/local/mxe/usr/x86_64-w64-mingw32.static/include/windows.h:70,
                 from /usr/local/mxe/usr/x86_64-w64-mingw32.static/include/winsock2.h:23,
                 from /xemu/include/system/os-win32.h:29,
                 from /xemu/include/qemu/osdep.h:178,
                 from ../hw/acpi/memory_hotplug.c:1:
/usr/local/mxe/usr/x86_64-w64-mingw32.static/include/processthreadsapi.h:323:28: note: previous declaration of 'TlsGetValue' with type 'void *(DWORD)' {aka 'void *(long unsigned int)'}
  323 |   WINBASEAPI LPVOID WINAPI TlsGetValue (DWORD dwTlsIndex);
      |                            ^~~~~~~~~~~
/xemu/include/hw/core/cpu.h:647:17: warning: 'TlsGetValue' redeclared without dllimport attribute: previous dllimport ignored [-Wattributes]
  647 | void *__stdcall TlsGetValue(unsigned long);
      |                 ^~~~~~~~~~~
/xemu/include/hw/core/cpu.h:648:15: warning: redundant redeclaration of 'TlsSetValue' [-Wredundant-decls]
  648 | int __stdcall TlsSetValue(unsigned long, void *);
      |               ^~~~~~~~~~~
/usr/local/mxe/usr/x86_64-w64-mingw32.static/include/processthreadsapi.h:324:29: note: previous declaration of 'TlsSetValue' with type 'WINBOOL(DWORD,  void *)' {aka 'int(long unsigned int,  void *)'}
  324 |   WINBASEAPI WINBOOL WINAPI TlsSetValue (DWORD dwTlsIndex, LPVOID lpTlsValue);
      |                             ^~~~~~~~~~~
/xemu/include/hw/core/cpu.h:648:15: warning: 'TlsSetValue' redeclared without dllimport attribute: previous dllimport ignored [-Wattributes]
  648 | int __stdcall TlsSetValue(unsigned long, void *);
      |               ^~~~~~~~~~~
[195/663] Compiling C object libsystem.a.p/hw_acpi_cpu_hotplug.c.obj
In file included from /xemu/include/exec/cpu-common.h:13,
                 from /xemu/include/system/memory.h:17,
                 from /xemu/include/hw/acpi/acpi.h:24,
                 from /xemu/include/hw/acpi/cpu_hotplug.h:16,
                 from ../hw/acpi/cpu_hotplug.c:13:
/xemu/include/hw/core/cpu.h:647:17: warning: redundant redeclaration of 'TlsGetValue' [-Wredundant-decls]
  647 | void *__stdcall TlsGetValue(unsigned long);
      |                 ^~~~~~~~~~~
In file included from /usr/local/mxe/usr/x86_64-w64-mingw32.static/include/winbase.h:29,
                 from /usr/local/mxe/usr/x86_64-w64-mingw32.static/include/windows.h:70,
                 from /usr/local/mxe/usr/x86_64-w64-mingw32.static/include/winsock2.h:23,
                 from /xemu/include/system/os-win32.h:29,
                 from /xemu/include/qemu/osdep.h:178,
                 from ../hw/acpi/cpu_hotplug.c:12:
/usr/local/mxe/usr/x86_64-w64-mingw32.static/include/processthreadsapi.h:323:28: note: previous declaration of 'TlsGetValue' with type 'void *(DWORD)' {aka 'void *(long unsigned int)'}
  323 |   WINBASEAPI LPVOID WINAPI TlsGetValue (DWORD dwTlsIndex);
      |                            ^~~~~~~~~~~
/xemu/include/hw/core/cpu.h:647:17: warning: 'TlsGetValue' redeclared without dllimport attribute: previous dllimport ignored [-Wattributes]
  647 | void *__stdcall TlsGetValue(unsigned long);
      |                 ^~~~~~~~~~~
/xemu/include/hw/core/cpu.h:648:15: warning: redundant redeclaration of 'TlsSetValue' [-Wredundant-decls]
  648 | int __stdcall TlsSetValue(unsigned long, void *);
      |               ^~~~~~~~~~~
/usr/local/mxe/usr/x86_64-w64-mingw32.static/include/processthreadsapi.h:324:29: note: previous declaration of 'TlsSetValue' with type 'WINBOOL(DWORD,  void *)' {aka 'int(long unsigned int,  void *)'}
  324 |   WINBASEAPI WINBOOL WINAPI TlsSetValue (DWORD dwTlsIndex, LPVOID lpTlsValue);
      |                             ^~~~~~~~~~~
/xemu/include/hw/core/cpu.h:648:15: warning: 'TlsSetValue' redeclared without dllimport attribute: previous dllimport ignored [-Wattributes]
  648 | int __stdcall TlsSetValue(unsigned long, void *);
      |               ^~~~~~~~~~~
[196/663] Compiling C object libsystem.a.p/hw_acpi_cxl-stub.c.obj
In file included from /xemu/include/exec/cpu-common.h:13,
                 from /xemu/include/system/memory.h:17,
                 from /xemu/include/hw/sysbus.h:7,
                 from /xemu/include/hw/pci/pci_host.h:31,
                 from /xemu/include/hw/cxl/cxl.h:16,
                 from /xemu/include/hw/acpi/cxl.h:22,
                 from ../hw/acpi/cxl-stub.c:7:
/xemu/include/hw/core/cpu.h:647:17: warning: redundant redeclaration of 'TlsGetValue' [-Wredundant-decls]
  647 | void *__stdcall TlsGetValue(unsigned long);
      |                 ^~~~~~~~~~~
In file included from /usr/local/mxe/usr/x86_64-w64-mingw32.static/include/winbase.h:29,
                 from /usr/local/mxe/usr/x86_64-w64-mingw32.static/include/windows.h:70,
                 from /usr/local/mxe/usr/x86_64-w64-mingw32.static/include/winsock2.h:23,
                 from /xemu/include/system/os-win32.h:29,
                 from /xemu/include/qemu/osdep.h:178,
                 from ../hw/acpi/cxl-stub.c:5:
/usr/local/mxe/usr/x86_64-w64-mingw32.static/include/processthreadsapi.h:323:28: note: previous declaration of 'TlsGetValue' with type 'void *(DWORD)' {aka 'void *(long unsigned int)'}
  323 |   WINBASEAPI LPVOID WINAPI TlsGetValue (DWORD dwTlsIndex);
      |                            ^~~~~~~~~~~
/xemu/include/hw/core/cpu.h:647:17: warning: 'TlsGetValue' redeclared without dllimport attribute: previous dllimport ignored [-Wattributes]
  647 | void *__stdcall TlsGetValue(unsigned long);
      |                 ^~~~~~~~~~~
/xemu/include/hw/core/cpu.h:648:15: warning: redundant redeclaration of 'TlsSetValue' [-Wredundant-decls]
  648 | int __stdcall TlsSetValue(unsigned long, void *);
      |               ^~~~~~~~~~~
/usr/local/mxe/usr/x86_64-w64-mingw32.static/include/processthreadsapi.h:324:29: note: previous declaration of 'TlsSetValue' with type 'WINBOOL(DWORD,  void *)' {aka 'int(long unsigned int,  void *)'}
  324 |   WINBASEAPI WINBOOL WINAPI TlsSetValue (DWORD dwTlsIndex, LPVOID lpTlsValue);
      |                             ^~~~~~~~~~~
/xemu/include/hw/core/cpu.h:648:15: warning: 'TlsSetValue' redeclared without dllimport attribute: previous dllimport ignored [-Wattributes]
  648 | int __stdcall TlsSetValue(unsigned long, void *);
      |               ^~~~~~~~~~~
[197/663] Compiling C object libsystem.a.p/hw_acpi_piix4.c.obj
In file included from /xemu/include/exec/cpu-common.h:13,
                 from /xemu/include/system/memory.h:17,
                 from /xemu/include/hw/isa/apm.h:4,
                 from ../hw/acpi/piix4.c:24:
/xemu/include/hw/core/cpu.h:647:17: warning: redundant redeclaration of 'TlsGetValue' [-Wredundant-decls]
  647 | void *__stdcall TlsGetValue(unsigned long);
      |                 ^~~~~~~~~~~
In file included from /usr/local/mxe/usr/x86_64-w64-mingw32.static/include/winbase.h:29,
                 from /usr/local/mxe/usr/x86_64-w64-mingw32.static/include/windows.h:70,
                 from /usr/local/mxe/usr/x86_64-w64-mingw32.static/include/winsock2.h:23,
                 from /xemu/include/system/os-win32.h:29,
                 from /xemu/include/qemu/osdep.h:178,
                 from ../hw/acpi/piix4.c:22:
/usr/local/mxe/usr/x86_64-w64-mingw32.static/include/processthreadsapi.h:323:28: note: previous declaration of 'TlsGetValue' with type 'void *(DWORD)' {aka 'void *(long unsigned int)'}
  323 |   WINBASEAPI LPVOID WINAPI TlsGetValue (DWORD dwTlsIndex);
      |                            ^~~~~~~~~~~
/xemu/include/hw/core/cpu.h:647:17: warning: 'TlsGetValue' redeclared without dllimport attribute: previous dllimport ignored [-Wattributes]
  647 | void *__stdcall TlsGetValue(unsigned long);
      |                 ^~~~~~~~~~~
/xemu/include/hw/core/cpu.h:648:15: warning: redundant redeclaration of 'TlsSetValue' [-Wredundant-decls]
  648 | int __stdcall TlsSetValue(unsigned long, void *);
      |               ^~~~~~~~~~~
/usr/local/mxe/usr/x86_64-w64-mingw32.static/include/processthreadsapi.h:324:29: note: previous declaration of 'TlsSetValue' with type 'WINBOOL(DWORD,  void *)' {aka 'int(long unsigned int,  void *)'}
  324 |   WINBASEAPI WINBOOL WINAPI TlsSetValue (DWORD dwTlsIndex, LPVOID lpTlsValue);
      |                             ^~~~~~~~~~~
/xemu/include/hw/core/cpu.h:648:15: warning: 'TlsSetValue' redeclared without dllimport attribute: previous dllimport ignored [-Wattributes]
  648 | int __stdcall TlsSetValue(unsigned long, void *);
      |               ^~~~~~~~~~~
[198/663] Compiling C object libsystem.a.p/hw_acpi_ghes_cper_stub.c.obj
[199/663] Compiling C object libsystem.a.p/hw_acpi_cpu.c.obj
In file included from /xemu/include/exec/cpu-common.h:13,
                 from /xemu/include/system/memory.h:17,
                 from /xemu/include/hw/acpi/acpi.h:24,
                 from /xemu/include/hw/acpi/cpu.h:17,
                 from ../hw/acpi/cpu.c:3:
/xemu/include/hw/core/cpu.h:647:17: warning: redundant redeclaration of 'TlsGetValue' [-Wredundant-decls]
  647 | void *__stdcall TlsGetValue(unsigned long);
      |                 ^~~~~~~~~~~
In file included from /usr/local/mxe/usr/x86_64-w64-mingw32.static/include/winbase.h:29,
                 from /usr/local/mxe/usr/x86_64-w64-mingw32.static/include/windows.h:70,
                 from /usr/local/mxe/usr/x86_64-w64-mingw32.static/include/winsock2.h:23,
                 from /xemu/include/system/os-win32.h:29,
                 from /xemu/include/qemu/osdep.h:178,
                 from ../hw/acpi/cpu.c:1:
/usr/local/mxe/usr/x86_64-w64-mingw32.static/include/processthreadsapi.h:323:28: note: previous declaration of 'TlsGetValue' with type 'void *(DWORD)' {aka 'void *(long unsigned int)'}
  323 |   WINBASEAPI LPVOID WINAPI TlsGetValue (DWORD dwTlsIndex);
      |                            ^~~~~~~~~~~
/xemu/include/hw/core/cpu.h:647:17: warning: 'TlsGetValue' redeclared without dllimport attribute: previous dllimport ignored [-Wattributes]
  647 | void *__stdcall TlsGetValue(unsigned long);
      |                 ^~~~~~~~~~~
/xemu/include/hw/core/cpu.h:648:15: warning: redundant redeclaration of 'TlsSetValue' [-Wredundant-decls]
  648 | int __stdcall TlsSetValue(unsigned long, void *);
      |               ^~~~~~~~~~~
/usr/local/mxe/usr/x86_64-w64-mingw32.static/include/processthreadsapi.h:324:29: note: previous declaration of 'TlsSetValue' with type 'WINBOOL(DWORD,  void *)' {aka 'int(long unsigned int,  void *)'}
  324 |   WINBASEAPI WINBOOL WINAPI TlsSetValue (DWORD dwTlsIndex, LPVOID lpTlsValue);
      |                             ^~~~~~~~~~~
/xemu/include/hw/core/cpu.h:648:15: warning: 'TlsSetValue' redeclared without dllimport attribute: previous dllimport ignored [-Wattributes]
  648 | int __stdcall TlsSetValue(unsigned long, void *);
      |               ^~~~~~~~~~~
[200/663] Compiling C object libsystem.a.p/hw_acpi_vmclock.c.obj
In file included from /xemu/include/exec/cpu-common.h:13,
                 from /xemu/include/system/memory.h:17,
                 from /xemu/include/hw/acpi/acpi.h:24,
                 from ../hw/acpi/vmclock.c:16:
/xemu/include/hw/core/cpu.h:647:17: warning: redundant redeclaration of 'TlsGetValue' [-Wredundant-decls]
  647 | void *__stdcall TlsGetValue(unsigned long);
      |                 ^~~~~~~~~~~
In file included from /usr/local/mxe/usr/x86_64-w64-mingw32.static/include/winbase.h:29,
                 from /usr/local/mxe/usr/x86_64-w64-mingw32.static/include/windows.h:70,
                 from /usr/local/mxe/usr/x86_64-w64-mingw32.static/include/winsock2.h:23,
                 from /xemu/include/system/os-win32.h:29,
                 from /xemu/include/qemu/osdep.h:178,
                 from ../hw/acpi/vmclock.c:12:
/usr/local/mxe/usr/x86_64-w64-mingw32.static/include/processthreadsapi.h:323:28: note: previous declaration of 'TlsGetValue' with type 'void *(DWORD)' {aka 'void *(long unsigned int)'}
  323 |   WINBASEAPI LPVOID WINAPI TlsGetValue (DWORD dwTlsIndex);
      |                            ^~~~~~~~~~~
/xemu/include/hw/core/cpu.h:647:17: warning: 'TlsGetValue' redeclared without dllimport attribute: previous dllimport ignored [-Wattributes]
  647 | void *__stdcall TlsGetValue(unsigned long);
      |                 ^~~~~~~~~~~
/xemu/include/hw/core/cpu.h:648:15: warning: redundant redeclaration of 'TlsSetValue' [-Wredundant-decls]
  648 | int __stdcall TlsSetValue(unsigned long, void *);
      |               ^~~~~~~~~~~
/usr/local/mxe/usr/x86_64-w64-mingw32.static/include/processthreadsapi.h:324:29: note: previous declaration of 'TlsSetValue' with type 'WINBOOL(DWORD,  void *)' {aka 'int(long unsigned int,  void *)'}
  324 |   WINBASEAPI WINBOOL WINAPI TlsSetValue (DWORD dwTlsIndex, LPVOID lpTlsValue);
      |                             ^~~~~~~~~~~
/xemu/include/hw/core/cpu.h:648:15: warning: 'TlsSetValue' redeclared without dllimport attribute: previous dllimport ignored [-Wattributes]
  648 | int __stdcall TlsSetValue(unsigned long, void *);
      |               ^~~~~~~~~~~
[201/663] Compiling C object libsystem.a.p/hw_acpi_acpi-qmp-cmds.c.obj
[202/663] Compiling C object libsystem.a.p/hw_acpi_erst.c.obj
In file included from /xemu/include/exec/cpu-common.h:13,
                 from /xemu/include/system/memory.h:17,
                 from ../hw/acpi/erst.c:15:
/xemu/include/hw/core/cpu.h:647:17: warning: redundant redeclaration of 'TlsGetValue' [-Wredundant-decls]
  647 | void *__stdcall TlsGetValue(unsigned long);
      |                 ^~~~~~~~~~~
In file included from /usr/local/mxe/usr/x86_64-w64-mingw32.static/include/winbase.h:29,
                 from /usr/local/mxe/usr/x86_64-w64-mingw32.static/include/windows.h:70,
                 from /usr/local/mxe/usr/x86_64-w64-mingw32.static/include/winsock2.h:23,
                 from /xemu/include/system/os-win32.h:29,
                 from /xemu/include/qemu/osdep.h:178,
                 from ../hw/acpi/erst.c:12:
/usr/local/mxe/usr/x86_64-w64-mingw32.static/include/processthreadsapi.h:323:28: note: previous declaration of 'TlsGetValue' with type 'void *(DWORD)' {aka 'void *(long unsigned int)'}
  323 |   WINBASEAPI LPVOID WINAPI TlsGetValue (DWORD dwTlsIndex);
      |                            ^~~~~~~~~~~
/xemu/include/hw/core/cpu.h:647:17: warning: 'TlsGetValue' redeclared without dllimport attribute: previous dllimport ignored [-Wattributes]
  647 | void *__stdcall TlsGetValue(unsigned long);
      |                 ^~~~~~~~~~~
/xemu/include/hw/core/cpu.h:648:15: warning: redundant redeclaration of 'TlsSetValue' [-Wredundant-decls]
  648 | int __stdcall TlsSetValue(unsigned long, void *);
      |               ^~~~~~~~~~~
/usr/local/mxe/usr/x86_64-w64-mingw32.static/include/processthreadsapi.h:324:29: note: previous declaration of 'TlsSetValue' with type 'WINBOOL(DWORD,  void *)' {aka 'int(long unsigned int,  void *)'}
  324 |   WINBASEAPI WINBOOL WINAPI TlsSetValue (DWORD dwTlsIndex, LPVOID lpTlsValue);
      |                             ^~~~~~~~~~~
/xemu/include/hw/core/cpu.h:648:15: warning: 'TlsSetValue' redeclared without dllimport attribute: previous dllimport ignored [-Wattributes]
  648 | int __stdcall TlsSetValue(unsigned long, void *);
      |               ^~~~~~~~~~~
[203/663] Compiling C object libsystem.a.p/hw_audio_model.c.obj
[204/663] Compiling C object libsystem.a.p/hw_acpi_nvdimm.c.obj
In file included from /xemu/include/exec/cpu-common.h:13,
                 from /xemu/include/system/memory.h:17,
                 from /xemu/include/hw/acpi/acpi.h:24,
                 from ../hw/acpi/nvdimm.c:32:
/xemu/include/hw/core/cpu.h:647:17: warning: redundant redeclaration of 'TlsGetValue' [-Wredundant-decls]
  647 | void *__stdcall TlsGetValue(unsigned long);
      |                 ^~~~~~~~~~~
In file included from /usr/local/mxe/usr/x86_64-w64-mingw32.static/include/winbase.h:29,
                 from /usr/local/mxe/usr/x86_64-w64-mingw32.static/include/windows.h:70,
                 from /usr/local/mxe/usr/x86_64-w64-mingw32.static/include/winsock2.h:23,
                 from /xemu/include/system/os-win32.h:29,
                 from /xemu/include/qemu/osdep.h:178,
                 from ../hw/acpi/nvdimm.c:29:
/usr/local/mxe/usr/x86_64-w64-mingw32.static/include/processthreadsapi.h:323:28: note: previous declaration of 'TlsGetValue' with type 'void *(DWORD)' {aka 'void *(long unsigned int)'}
  323 |   WINBASEAPI LPVOID WINAPI TlsGetValue (DWORD dwTlsIndex);
      |                            ^~~~~~~~~~~
/xemu/include/hw/core/cpu.h:647:17: warning: 'TlsGetValue' redeclared without dllimport attribute: previous dllimport ignored [-Wattributes]
  647 | void *__stdcall TlsGetValue(unsigned long);
      |                 ^~~~~~~~~~~
/xemu/include/hw/core/cpu.h:648:15: warning: redundant redeclaration of 'TlsSetValue' [-Wredundant-decls]
  648 | int __stdcall TlsSetValue(unsigned long, void *);
      |               ^~~~~~~~~~~
/usr/local/mxe/usr/x86_64-w64-mingw32.static/include/processthreadsapi.h:324:29: note: previous declaration of 'TlsSetValue' with type 'WINBOOL(DWORD,  void *)' {aka 'int(long unsigned int,  void *)'}
  324 |   WINBASEAPI WINBOOL WINAPI TlsSetValue (DWORD dwTlsIndex, LPVOID lpTlsValue);
      |                             ^~~~~~~~~~~
/xemu/include/hw/core/cpu.h:648:15: warning: 'TlsSetValue' redeclared without dllimport attribute: previous dllimport ignored [-Wattributes]
  648 | int __stdcall TlsSetValue(unsigned long, void *);
      |               ^~~~~~~~~~~
[205/663] Compiling C object libsystem.a.p/hw_acpi_pcihp.c.obj
In file included from /xemu/include/exec/cpu-common.h:13,
                 from /xemu/include/system/memory.h:17,
                 from /xemu/include/hw/acpi/acpi.h:24,
                 from /xemu/include/hw/acpi/pcihp.h:30,
                 from ../hw/acpi/pcihp.c:28:
/xemu/include/hw/core/cpu.h:647:17: warning: redundant redeclaration of 'TlsGetValue' [-Wredundant-decls]
  647 | void *__stdcall TlsGetValue(unsigned long);
      |                 ^~~~~~~~~~~
In file included from /usr/local/mxe/usr/x86_64-w64-mingw32.static/include/winbase.h:29,
                 from /usr/local/mxe/usr/x86_64-w64-mingw32.static/include/windows.h:70,
                 from /usr/local/mxe/usr/x86_64-w64-mingw32.static/include/winsock2.h:23,
                 from /xemu/include/system/os-win32.h:29,
                 from /xemu/include/qemu/osdep.h:178,
                 from ../hw/acpi/pcihp.c:27:
/usr/local/mxe/usr/x86_64-w64-mingw32.static/include/processthreadsapi.h:323:28: note: previous declaration of 'TlsGetValue' with type 'void *(DWORD)' {aka 'void *(long unsigned int)'}
  323 |   WINBASEAPI LPVOID WINAPI TlsGetValue (DWORD dwTlsIndex);
      |                            ^~~~~~~~~~~
/xemu/include/hw/core/cpu.h:647:17: warning: 'TlsGetValue' redeclared without dllimport attribute: previous dllimport ignored [-Wattributes]
  647 | void *__stdcall TlsGetValue(unsigned long);
      |                 ^~~~~~~~~~~
/xemu/include/hw/core/cpu.h:648:15: warning: redundant redeclaration of 'TlsSetValue' [-Wredundant-decls]
  648 | int __stdcall TlsSetValue(unsigned long, void *);
      |               ^~~~~~~~~~~
/usr/local/mxe/usr/x86_64-w64-mingw32.static/include/processthreadsapi.h:324:29: note: previous declaration of 'TlsSetValue' with type 'WINBOOL(DWORD,  void *)' {aka 'int(long unsigned int,  void *)'}
  324 |   WINBASEAPI WINBOOL WINAPI TlsSetValue (DWORD dwTlsIndex, LPVOID lpTlsValue);
      |                             ^~~~~~~~~~~
/xemu/include/hw/core/cpu.h:648:15: warning: 'TlsSetValue' redeclared without dllimport attribute: previous dllimport ignored [-Wattributes]
  648 | int __stdcall TlsSetValue(unsigned long, void *);
      |               ^~~~~~~~~~~
[206/663] Compiling C object libsystem.a.p/hw_acpi_viot.c.obj
In file included from /xemu/include/exec/cpu-common.h:13,
                 from /xemu/include/system/memory.h:17,
                 from /xemu/include/hw/acpi/acpi.h:24,
                 from ../hw/acpi/viot.c:7:
/xemu/include/hw/core/cpu.h:647:17: warning: redundant redeclaration of 'TlsGetValue' [-Wredundant-decls]
  647 | void *__stdcall TlsGetValue(unsigned long);
      |                 ^~~~~~~~~~~
In file included from /usr/local/mxe/usr/x86_64-w64-mingw32.static/include/winbase.h:29,
                 from /usr/local/mxe/usr/x86_64-w64-mingw32.static/include/windows.h:70,
                 from /usr/local/mxe/usr/x86_64-w64-mingw32.static/include/winsock2.h:23,
                 from /xemu/include/system/os-win32.h:29,
                 from /xemu/include/qemu/osdep.h:178,
                 from ../hw/acpi/viot.c:6:
/usr/local/mxe/usr/x86_64-w64-mingw32.static/include/processthreadsapi.h:323:28: note: previous declaration of 'TlsGetValue' with type 'void *(DWORD)' {aka 'void *(long unsigned int)'}
  323 |   WINBASEAPI LPVOID WINAPI TlsGetValue (DWORD dwTlsIndex);
      |                            ^~~~~~~~~~~
/xemu/include/hw/core/cpu.h:647:17: warning: 'TlsGetValue' redeclared without dllimport attribute: previous dllimport ignored [-Wattributes]
  647 | void *__stdcall TlsGetValue(unsigned long);
      |                 ^~~~~~~~~~~
/xemu/include/hw/core/cpu.h:648:15: warning: redundant redeclaration of 'TlsSetValue' [-Wredundant-decls]
  648 | int __stdcall TlsSetValue(unsigned long, void *);
      |               ^~~~~~~~~~~
/usr/local/mxe/usr/x86_64-w64-mingw32.static/include/processthreadsapi.h:324:29: note: previous declaration of 'TlsSetValue' with type 'WINBOOL(DWORD,  void *)' {aka 'int(long unsigned int,  void *)'}
  324 |   WINBASEAPI WINBOOL WINAPI TlsSetValue (DWORD dwTlsIndex, LPVOID lpTlsValue);
      |                             ^~~~~~~~~~~
/xemu/include/hw/core/cpu.h:648:15: warning: 'TlsSetValue' redeclared without dllimport attribute: previous dllimport ignored [-Wattributes]
  648 | int __stdcall TlsSetValue(unsigned long, void *);
      |               ^~~~~~~~~~~
[207/663] Compiling C object libsystem.a.p/hw_audio_pcspk.c.obj
In file included from /xemu/include/exec/cpu-common.h:13,
                 from /xemu/include/system/memory.h:17,
                 from /xemu/include/hw/isa/isa.h:6,
                 from ../hw/audio/pcspk.c:26:
/xemu/include/hw/core/cpu.h:647:17: warning: redundant redeclaration of 'TlsGetValue' [-Wredundant-decls]
  647 | void *__stdcall TlsGetValue(unsigned long);
      |                 ^~~~~~~~~~~
In file included from /usr/local/mxe/usr/x86_64-w64-mingw32.static/include/winbase.h:29,
                 from /usr/local/mxe/usr/x86_64-w64-mingw32.static/include/windows.h:70,
                 from /usr/local/mxe/usr/x86_64-w64-mingw32.static/include/winsock2.h:23,
                 from /xemu/include/system/os-win32.h:29,
                 from /xemu/include/qemu/osdep.h:178,
                 from ../hw/audio/pcspk.c:25:
/usr/local/mxe/usr/x86_64-w64-mingw32.static/include/processthreadsapi.h:323:28: note: previous declaration of 'TlsGetValue' with type 'void *(DWORD)' {aka 'void *(long unsigned int)'}
  323 |   WINBASEAPI LPVOID WINAPI TlsGetValue (DWORD dwTlsIndex);
      |                            ^~~~~~~~~~~
/xemu/include/hw/core/cpu.h:647:17: warning: 'TlsGetValue' redeclared without dllimport attribute: previous dllimport ignored [-Wattributes]
  647 | void *__stdcall TlsGetValue(unsigned long);
      |                 ^~~~~~~~~~~
/xemu/include/hw/core/cpu.h:648:15: warning: redundant redeclaration of 'TlsSetValue' [-Wredundant-decls]
  648 | int __stdcall TlsSetValue(unsigned long, void *);
      |               ^~~~~~~~~~~
/usr/local/mxe/usr/x86_64-w64-mingw32.static/include/processthreadsapi.h:324:29: note: previous declaration of 'TlsSetValue' with type 'WINBOOL(DWORD,  void *)' {aka 'int(long unsigned int,  void *)'}
  324 |   WINBASEAPI WINBOOL WINAPI TlsSetValue (DWORD dwTlsIndex, LPVOID lpTlsValue);
      |                             ^~~~~~~~~~~
/xemu/include/hw/core/cpu.h:648:15: warning: 'TlsSetValue' redeclared without dllimport attribute: previous dllimport ignored [-Wattributes]
  648 | int __stdcall TlsSetValue(unsigned long, void *);
      |               ^~~~~~~~~~~
[208/663] Compiling C object libsystem.a.p/hw_block_cdrom.c.obj
[209/663] Compiling C object libsystem.a.p/hw_acpi_aml-build.c.obj
In file included from /xemu/include/exec/cpu-common.h:13,
                 from /xemu/include/system/memory.h:17,
                 from /xemu/include/hw/boards.h:6,
                 from ../hw/acpi/aml-build.c:28:
/xemu/include/hw/core/cpu.h:647:17: warning: redundant redeclaration of 'TlsGetValue' [-Wredundant-decls]
  647 | void *__stdcall TlsGetValue(unsigned long);
      |                 ^~~~~~~~~~~
In file included from /usr/local/mxe/usr/x86_64-w64-mingw32.static/include/winbase.h:29,
                 from /usr/local/mxe/usr/x86_64-w64-mingw32.static/include/windows.h:70,
                 from /usr/local/mxe/usr/x86_64-w64-mingw32.static/include/winsock2.h:23,
                 from /xemu/include/system/os-win32.h:29,
                 from /xemu/include/qemu/osdep.h:178,
                 from ../hw/acpi/aml-build.c:22:
/usr/local/mxe/usr/x86_64-w64-mingw32.static/include/processthreadsapi.h:323:28: note: previous declaration of 'TlsGetValue' with type 'void *(DWORD)' {aka 'void *(long unsigned int)'}
  323 |   WINBASEAPI LPVOID WINAPI TlsGetValue (DWORD dwTlsIndex);
      |                            ^~~~~~~~~~~
/xemu/include/hw/core/cpu.h:647:17: warning: 'TlsGetValue' redeclared without dllimport attribute: previous dllimport ignored [-Wattributes]
  647 | void *__stdcall TlsGetValue(unsigned long);
      |                 ^~~~~~~~~~~
/xemu/include/hw/core/cpu.h:648:15: warning: redundant redeclaration of 'TlsSetValue' [-Wredundant-decls]
  648 | int __stdcall TlsSetValue(unsigned long, void *);
      |               ^~~~~~~~~~~
/usr/local/mxe/usr/x86_64-w64-mingw32.static/include/processthreadsapi.h:324:29: note: previous declaration of 'TlsSetValue' with type 'WINBOOL(DWORD,  void *)' {aka 'int(long unsigned int,  void *)'}
  324 |   WINBASEAPI WINBOOL WINAPI TlsSetValue (DWORD dwTlsIndex, LPVOID lpTlsValue);
      |                             ^~~~~~~~~~~
/xemu/include/hw/core/cpu.h:648:15: warning: 'TlsSetValue' redeclared without dllimport attribute: previous dllimport ignored [-Wattributes]
  648 | int __stdcall TlsSetValue(unsigned long, void *);
      |               ^~~~~~~~~~~
[210/663] Compiling C object libsystem.a.p/hw_block_block.c.obj
[211/663] Compiling C object libsystem.a.p/hw_block_hd-geometry.c.obj
[212/663] Compiling C object libsystem.a.p/hw_char_parallel-isa.c.obj
In file included from /xemu/include/exec/cpu-common.h:13,
                 from /xemu/include/system/memory.h:17,
                 from /xemu/include/hw/isa/isa.h:6,
                 from ../hw/char/parallel-isa.c:14:
/xemu/include/hw/core/cpu.h:647:17: warning: redundant redeclaration of 'TlsGetValue' [-Wredundant-decls]
  647 | void *__stdcall TlsGetValue(unsigned long);
      |                 ^~~~~~~~~~~
In file included from /usr/local/mxe/usr/x86_64-w64-mingw32.static/include/winbase.h:29,
                 from /usr/local/mxe/usr/x86_64-w64-mingw32.static/include/windows.h:70,
                 from /usr/local/mxe/usr/x86_64-w64-mingw32.static/include/winsock2.h:23,
                 from /xemu/include/system/os-win32.h:29,
                 from /xemu/include/qemu/osdep.h:178,
                 from ../hw/char/parallel-isa.c:12:
/usr/local/mxe/usr/x86_64-w64-mingw32.static/include/processthreadsapi.h:323:28: note: previous declaration of 'TlsGetValue' with type 'void *(DWORD)' {aka 'void *(long unsigned int)'}
  323 |   WINBASEAPI LPVOID WINAPI TlsGetValue (DWORD dwTlsIndex);
      |                            ^~~~~~~~~~~
/xemu/include/hw/core/cpu.h:647:17: warning: 'TlsGetValue' redeclared without dllimport attribute: previous dllimport ignored [-Wattributes]
  647 | void *__stdcall TlsGetValue(unsigned long);
      |                 ^~~~~~~~~~~
/xemu/include/hw/core/cpu.h:648:15: warning: redundant redeclaration of 'TlsSetValue' [-Wredundant-decls]
  648 | int __stdcall TlsSetValue(unsigned long, void *);
      |               ^~~~~~~~~~~
/usr/local/mxe/usr/x86_64-w64-mingw32.static/include/processthreadsapi.h:324:29: note: previous declaration of 'TlsSetValue' with type 'WINBOOL(DWORD,  void *)' {aka 'int(long unsigned int,  void *)'}
  324 |   WINBASEAPI WINBOOL WINAPI TlsSetValue (DWORD dwTlsIndex, LPVOID lpTlsValue);
      |                             ^~~~~~~~~~~
/xemu/include/hw/core/cpu.h:648:15: warning: 'TlsSetValue' redeclared without dllimport attribute: previous dllimport ignored [-Wattributes]
  648 | int __stdcall TlsSetValue(unsigned long, void *);
      |               ^~~~~~~~~~~
[213/663] Compiling C object libsystem.a.p/hw_audio_ac97.c.obj
In file included from /xemu/include/exec/cpu-common.h:13,
                 from /xemu/include/system/memory.h:17,
                 from /xemu/include/hw/pci/pci.h:4,
                 from /xemu/include/hw/pci/pci_device.h:4,
                 from ../hw/audio/ac97.c:23:
/xemu/include/hw/core/cpu.h:647:17: warning: redundant redeclaration of 'TlsGetValue' [-Wredundant-decls]
  647 | void *__stdcall TlsGetValue(unsigned long);
      |                 ^~~~~~~~~~~
In file included from /usr/local/mxe/usr/x86_64-w64-mingw32.static/include/winbase.h:29,
                 from /usr/local/mxe/usr/x86_64-w64-mingw32.static/include/windows.h:70,
                 from /usr/local/mxe/usr/x86_64-w64-mingw32.static/include/winsock2.h:23,
                 from /xemu/include/system/os-win32.h:29,
                 from /xemu/include/qemu/osdep.h:178,
                 from ../hw/audio/ac97.c:20:
/usr/local/mxe/usr/x86_64-w64-mingw32.static/include/processthreadsapi.h:323:28: note: previous declaration of 'TlsGetValue' with type 'void *(DWORD)' {aka 'void *(long unsigned int)'}
  323 |   WINBASEAPI LPVOID WINAPI TlsGetValue (DWORD dwTlsIndex);
      |                            ^~~~~~~~~~~
/xemu/include/hw/core/cpu.h:647:17: warning: 'TlsGetValue' redeclared without dllimport attribute: previous dllimport ignored [-Wattributes]
  647 | void *__stdcall TlsGetValue(unsigned long);
      |                 ^~~~~~~~~~~
/xemu/include/hw/core/cpu.h:648:15: warning: redundant redeclaration of 'TlsSetValue' [-Wredundant-decls]
  648 | int __stdcall TlsSetValue(unsigned long, void *);
      |               ^~~~~~~~~~~
/usr/local/mxe/usr/x86_64-w64-mingw32.static/include/processthreadsapi.h:324:29: note: previous declaration of 'TlsSetValue' with type 'WINBOOL(DWORD,  void *)' {aka 'int(long unsigned int,  void *)'}
  324 |   WINBASEAPI WINBOOL WINAPI TlsSetValue (DWORD dwTlsIndex, LPVOID lpTlsValue);
      |                             ^~~~~~~~~~~
/xemu/include/hw/core/cpu.h:648:15: warning: 'TlsSetValue' redeclared without dllimport attribute: previous dllimport ignored [-Wattributes]
  648 | int __stdcall TlsSetValue(unsigned long, void *);
      |               ^~~~~~~~~~~
[214/663] Compiling C object libsystem.a.p/hw_char_serial-isa.c.obj
In file included from /xemu/include/exec/cpu-common.h:13,
                 from /xemu/include/system/memory.h:17,
                 from /xemu/include/hw/char/serial.h:30,
                 from ../hw/char/serial-isa.c:31:
/xemu/include/hw/core/cpu.h:647:17: warning: redundant redeclaration of 'TlsGetValue' [-Wredundant-decls]
  647 | void *__stdcall TlsGetValue(unsigned long);
      |                 ^~~~~~~~~~~
In file included from /usr/local/mxe/usr/x86_64-w64-mingw32.static/include/winbase.h:29,
                 from /usr/local/mxe/usr/x86_64-w64-mingw32.static/include/windows.h:70,
                 from /usr/local/mxe/usr/x86_64-w64-mingw32.static/include/winsock2.h:23,
                 from /xemu/include/system/os-win32.h:29,
                 from /xemu/include/qemu/osdep.h:178,
                 from ../hw/char/serial-isa.c:26:
/usr/local/mxe/usr/x86_64-w64-mingw32.static/include/processthreadsapi.h:323:28: note: previous declaration of 'TlsGetValue' with type 'void *(DWORD)' {aka 'void *(long unsigned int)'}
  323 |   WINBASEAPI LPVOID WINAPI TlsGetValue (DWORD dwTlsIndex);
      |                            ^~~~~~~~~~~
/xemu/include/hw/core/cpu.h:647:17: warning: 'TlsGetValue' redeclared without dllimport attribute: previous dllimport ignored [-Wattributes]
  647 | void *__stdcall TlsGetValue(unsigned long);
      |                 ^~~~~~~~~~~
/xemu/include/hw/core/cpu.h:648:15: warning: redundant redeclaration of 'TlsSetValue' [-Wredundant-decls]
  648 | int __stdcall TlsSetValue(unsigned long, void *);
      |               ^~~~~~~~~~~
/usr/local/mxe/usr/x86_64-w64-mingw32.static/include/processthreadsapi.h:324:29: note: previous declaration of 'TlsSetValue' with type 'WINBOOL(DWORD,  void *)' {aka 'int(long unsigned int,  void *)'}
  324 |   WINBASEAPI WINBOOL WINAPI TlsSetValue (DWORD dwTlsIndex, LPVOID lpTlsValue);
      |                             ^~~~~~~~~~~
/xemu/include/hw/core/cpu.h:648:15: warning: 'TlsSetValue' redeclared without dllimport attribute: previous dllimport ignored [-Wattributes]
  648 | int __stdcall TlsSetValue(unsigned long, void *);
      |               ^~~~~~~~~~~
[215/663] Compiling C object libsystem.a.p/hw_core_generic-loader.c.obj
In file included from /xemu/include/exec/cpu-common.h:13,
                 from /xemu/include/system/memory.h:17,
                 from /xemu/include/system/dma.h:13,
                 from ../hw/core/generic-loader.c:34:
/xemu/include/hw/core/cpu.h:647:17: warning: redundant redeclaration of 'TlsGetValue' [-Wredundant-decls]
  647 | void *__stdcall TlsGetValue(unsigned long);
      |                 ^~~~~~~~~~~
In file included from /usr/local/mxe/usr/x86_64-w64-mingw32.static/include/winbase.h:29,
                 from /usr/local/mxe/usr/x86_64-w64-mingw32.static/include/windows.h:70,
                 from /usr/local/mxe/usr/x86_64-w64-mingw32.static/include/winsock2.h:23,
                 from /xemu/include/system/os-win32.h:29,
                 from /xemu/include/qemu/osdep.h:178,
                 from ../hw/core/generic-loader.c:33:
/usr/local/mxe/usr/x86_64-w64-mingw32.static/include/processthreadsapi.h:323:28: note: previous declaration of 'TlsGetValue' with type 'void *(DWORD)' {aka 'void *(long unsigned int)'}
  323 |   WINBASEAPI LPVOID WINAPI TlsGetValue (DWORD dwTlsIndex);
      |                            ^~~~~~~~~~~
/xemu/include/hw/core/cpu.h:647:17: warning: 'TlsGetValue' redeclared without dllimport attribute: previous dllimport ignored [-Wattributes]
  647 | void *__stdcall TlsGetValue(unsigned long);
      |                 ^~~~~~~~~~~
/xemu/include/hw/core/cpu.h:648:15: warning: redundant redeclaration of 'TlsSetValue' [-Wredundant-decls]
  648 | int __stdcall TlsSetValue(unsigned long, void *);
      |               ^~~~~~~~~~~
/usr/local/mxe/usr/x86_64-w64-mingw32.static/include/processthreadsapi.h:324:29: note: previous declaration of 'TlsSetValue' with type 'WINBOOL(DWORD,  void *)' {aka 'int(long unsigned int,  void *)'}
  324 |   WINBASEAPI WINBOOL WINAPI TlsSetValue (DWORD dwTlsIndex, LPVOID lpTlsValue);
      |                             ^~~~~~~~~~~
/xemu/include/hw/core/cpu.h:648:15: warning: 'TlsSetValue' redeclared without dllimport attribute: previous dllimport ignored [-Wattributes]
  648 | int __stdcall TlsSetValue(unsigned long, void *);
      |               ^~~~~~~~~~~
[216/663] Compiling C object libsystem.a.p/hw_core_fw-path-provider.c.obj
[217/663] Compiling C object libsystem.a.p/hw_core_cpu-system.c.obj
In file included from /xemu/include/exec/cpu-common.h:13,
                 from /xemu/include/exec/cputlb.h:23,
                 from ../hw/core/cpu-system.c:24:
/xemu/include/hw/core/cpu.h:647:17: warning: redundant redeclaration of 'TlsGetValue' [-Wredundant-decls]
  647 | void *__stdcall TlsGetValue(unsigned long);
      |                 ^~~~~~~~~~~
In file included from /usr/local/mxe/usr/x86_64-w64-mingw32.static/include/winbase.h:29,
                 from /usr/local/mxe/usr/x86_64-w64-mingw32.static/include/windows.h:70,
                 from /usr/local/mxe/usr/x86_64-w64-mingw32.static/include/winsock2.h:23,
                 from /xemu/include/system/os-win32.h:29,
                 from /xemu/include/qemu/osdep.h:178,
                 from ../hw/core/cpu-system.c:21:
/usr/local/mxe/usr/x86_64-w64-mingw32.static/include/processthreadsapi.h:323:28: note: previous declaration of 'TlsGetValue' with type 'void *(DWORD)' {aka 'void *(long unsigned int)'}
  323 |   WINBASEAPI LPVOID WINAPI TlsGetValue (DWORD dwTlsIndex);
      |                            ^~~~~~~~~~~
/xemu/include/hw/core/cpu.h:647:17: warning: 'TlsGetValue' redeclared without dllimport attribute: previous dllimport ignored [-Wattributes]
  647 | void *__stdcall TlsGetValue(unsigned long);
      |                 ^~~~~~~~~~~
/xemu/include/hw/core/cpu.h:648:15: warning: redundant redeclaration of 'TlsSetValue' [-Wredundant-decls]
  648 | int __stdcall TlsSetValue(unsigned long, void *);
      |               ^~~~~~~~~~~
/usr/local/mxe/usr/x86_64-w64-mingw32.static/include/processthreadsapi.h:324:29: note: previous declaration of 'TlsSetValue' with type 'WINBOOL(DWORD,  void *)' {aka 'int(long unsigned int,  void *)'}
  324 |   WINBASEAPI WINBOOL WINAPI TlsSetValue (DWORD dwTlsIndex, LPVOID lpTlsValue);
      |                             ^~~~~~~~~~~
/xemu/include/hw/core/cpu.h:648:15: warning: 'TlsSetValue' redeclared without dllimport attribute: previous dllimport ignored [-Wattributes]
  648 | int __stdcall TlsSetValue(unsigned long, void *);
      |               ^~~~~~~~~~~
[218/663] Compiling C object libsystem.a.p/hw_core_hotplug.c.obj
[219/663] Compiling C object libsystem.a.p/hw_char_serial.c.obj
In file included from /xemu/include/exec/cpu-common.h:13,
                 from /xemu/include/system/memory.h:17,
                 from /xemu/include/hw/char/serial.h:30,
                 from ../hw/char/serial.c:28:
/xemu/include/hw/core/cpu.h:647:17: warning: redundant redeclaration of 'TlsGetValue' [-Wredundant-decls]
  647 | void *__stdcall TlsGetValue(unsigned long);
      |                 ^~~~~~~~~~~
In file included from /usr/local/mxe/usr/x86_64-w64-mingw32.static/include/winbase.h:29,
                 from /usr/local/mxe/usr/x86_64-w64-mingw32.static/include/windows.h:70,
                 from /usr/local/mxe/usr/x86_64-w64-mingw32.static/include/winsock2.h:23,
                 from /xemu/include/system/os-win32.h:29,
                 from /xemu/include/qemu/osdep.h:178,
                 from ../hw/char/serial.c:26:
/usr/local/mxe/usr/x86_64-w64-mingw32.static/include/processthreadsapi.h:323:28: note: previous declaration of 'TlsGetValue' with type 'void *(DWORD)' {aka 'void *(long unsigned int)'}
  323 |   WINBASEAPI LPVOID WINAPI TlsGetValue (DWORD dwTlsIndex);
      |                            ^~~~~~~~~~~
/xemu/include/hw/core/cpu.h:647:17: warning: 'TlsGetValue' redeclared without dllimport attribute: previous dllimport ignored [-Wattributes]
  647 | void *__stdcall TlsGetValue(unsigned long);
      |                 ^~~~~~~~~~~
/xemu/include/hw/core/cpu.h:648:15: warning: redundant redeclaration of 'TlsSetValue' [-Wredundant-decls]
  648 | int __stdcall TlsSetValue(unsigned long, void *);
      |               ^~~~~~~~~~~
/usr/local/mxe/usr/x86_64-w64-mingw32.static/include/processthreadsapi.h:324:29: note: previous declaration of 'TlsSetValue' with type 'WINBOOL(DWORD,  void *)' {aka 'int(long unsigned int,  void *)'}
  324 |   WINBASEAPI WINBOOL WINAPI TlsSetValue (DWORD dwTlsIndex, LPVOID lpTlsValue);
      |                             ^~~~~~~~~~~
/xemu/include/hw/core/cpu.h:648:15: warning: 'TlsSetValue' redeclared without dllimport attribute: previous dllimport ignored [-Wattributes]
  648 | int __stdcall TlsSetValue(unsigned long, void *);
      |               ^~~~~~~~~~~
[220/663] Compiling C object libsystem.a.p/hw_core_gpio.c.obj
[221/663] Compiling C object libsystem.a.p/hw_core_qdev-fw.c.obj
[222/663] Compiling C object libsystem.a.p/hw_block_pflash_cfi01.c.obj
In file included from /xemu/include/exec/cpu-common.h:13,
                 from /xemu/include/system/memory.h:17,
                 from /xemu/include/hw/sysbus.h:7,
                 from ../hw/block/pflash_cfi01.c:51:
/xemu/include/hw/core/cpu.h:647:17: warning: redundant redeclaration of 'TlsGetValue' [-Wredundant-decls]
  647 | void *__stdcall TlsGetValue(unsigned long);
      |                 ^~~~~~~~~~~
In file included from /usr/local/mxe/usr/x86_64-w64-mingw32.static/include/winbase.h:29,
                 from /usr/local/mxe/usr/x86_64-w64-mingw32.static/include/windows.h:70,
                 from /usr/local/mxe/usr/x86_64-w64-mingw32.static/include/winsock2.h:23,
                 from /xemu/include/system/os-win32.h:29,
                 from /xemu/include/qemu/osdep.h:178,
                 from ../hw/block/pflash_cfi01.c:39:
/usr/local/mxe/usr/x86_64-w64-mingw32.static/include/processthreadsapi.h:323:28: note: previous declaration of 'TlsGetValue' with type 'void *(DWORD)' {aka 'void *(long unsigned int)'}
  323 |   WINBASEAPI LPVOID WINAPI TlsGetValue (DWORD dwTlsIndex);
      |                            ^~~~~~~~~~~
/xemu/include/hw/core/cpu.h:647:17: warning: 'TlsGetValue' redeclared without dllimport attribute: previous dllimport ignored [-Wattributes]
  647 | void *__stdcall TlsGetValue(unsigned long);
      |                 ^~~~~~~~~~~
/xemu/include/hw/core/cpu.h:648:15: warning: redundant redeclaration of 'TlsSetValue' [-Wredundant-decls]
  648 | int __stdcall TlsSetValue(unsigned long, void *);
      |               ^~~~~~~~~~~
/usr/local/mxe/usr/x86_64-w64-mingw32.static/include/processthreadsapi.h:324:29: note: previous declaration of 'TlsSetValue' with type 'WINBOOL(DWORD,  void *)' {aka 'int(long unsigned int,  void *)'}
  324 |   WINBASEAPI WINBOOL WINAPI TlsSetValue (DWORD dwTlsIndex, LPVOID lpTlsValue);
      |                             ^~~~~~~~~~~
/xemu/include/hw/core/cpu.h:648:15: warning: 'TlsSetValue' redeclared without dllimport attribute: previous dllimport ignored [-Wattributes]
  648 | int __stdcall TlsSetValue(unsigned long, void *);
      |               ^~~~~~~~~~~
[223/663] Compiling C object libsystem.a.p/hw_core_machine-hmp-cmds.c.obj
In file included from /xemu/include/exec/cpu-common.h:13,
                 from /xemu/include/system/memory.h:17,
                 from /xemu/include/hw/boards.h:6,
                 from ../hw/core/machine-hmp-cmds.c:27:
/xemu/include/hw/core/cpu.h:647:17: warning: redundant redeclaration of 'TlsGetValue' [-Wredundant-decls]
  647 | void *__stdcall TlsGetValue(unsigned long);
      |                 ^~~~~~~~~~~
In file included from /usr/local/mxe/usr/x86_64-w64-mingw32.static/include/winbase.h:29,
                 from /usr/local/mxe/usr/x86_64-w64-mingw32.static/include/windows.h:70,
                 from /usr/local/mxe/usr/x86_64-w64-mingw32.static/include/winsock2.h:23,
                 from /xemu/include/system/os-win32.h:29,
                 from /xemu/include/qemu/osdep.h:178,
                 from ../hw/core/machine-hmp-cmds.c:16:
/usr/local/mxe/usr/x86_64-w64-mingw32.static/include/processthreadsapi.h:323:28: note: previous declaration of 'TlsGetValue' with type 'void *(DWORD)' {aka 'void *(long unsigned int)'}
  323 |   WINBASEAPI LPVOID WINAPI TlsGetValue (DWORD dwTlsIndex);
      |                            ^~~~~~~~~~~
/xemu/include/hw/core/cpu.h:647:17: warning: 'TlsGetValue' redeclared without dllimport attribute: previous dllimport ignored [-Wattributes]
  647 | void *__stdcall TlsGetValue(unsigned long);
      |                 ^~~~~~~~~~~
/xemu/include/hw/core/cpu.h:648:15: warning: redundant redeclaration of 'TlsSetValue' [-Wredundant-decls]
  648 | int __stdcall TlsSetValue(unsigned long, void *);
      |               ^~~~~~~~~~~
/usr/local/mxe/usr/x86_64-w64-mingw32.static/include/processthreadsapi.h:324:29: note: previous declaration of 'TlsSetValue' with type 'WINBOOL(DWORD,  void *)' {aka 'int(long unsigned int,  void *)'}
  324 |   WINBASEAPI WINBOOL WINAPI TlsSetValue (DWORD dwTlsIndex, LPVOID lpTlsValue);
      |                             ^~~~~~~~~~~
/xemu/include/hw/core/cpu.h:648:15: warning: 'TlsSetValue' redeclared without dllimport attribute: previous dllimport ignored [-Wattributes]
  648 | int __stdcall TlsSetValue(unsigned long, void *);
      |               ^~~~~~~~~~~
[224/663] Compiling C object libsystem.a.p/hw_core_nmi.c.obj
[225/663] Compiling C object libsystem.a.p/hw_core_reset.c.obj
[226/663] Compiling C object libsystem.a.p/hw_core_vm-change-state-handler.c.obj
[227/663] Compiling C object libsystem.a.p/hw_core_null-machine.c.obj
In file included from /xemu/include/exec/cpu-common.h:13,
                 from /xemu/include/system/memory.h:17,
                 from /xemu/include/hw/boards.h:6,
                 from ../hw/core/null-machine.c:16:
/xemu/include/hw/core/cpu.h:647:17: warning: redundant redeclaration of 'TlsGetValue' [-Wredundant-decls]
  647 | void *__stdcall TlsGetValue(unsigned long);
      |                 ^~~~~~~~~~~
In file included from /usr/local/mxe/usr/x86_64-w64-mingw32.static/include/winbase.h:29,
                 from /usr/local/mxe/usr/x86_64-w64-mingw32.static/include/windows.h:70,
                 from /usr/local/mxe/usr/x86_64-w64-mingw32.static/include/winsock2.h:23,
                 from /xemu/include/system/os-win32.h:29,
                 from /xemu/include/qemu/osdep.h:178,
                 from ../hw/core/null-machine.c:14:
/usr/local/mxe/usr/x86_64-w64-mingw32.static/include/processthreadsapi.h:323:28: note: previous declaration of 'TlsGetValue' with type 'void *(DWORD)' {aka 'void *(long unsigned int)'}
  323 |   WINBASEAPI LPVOID WINAPI TlsGetValue (DWORD dwTlsIndex);
      |                            ^~~~~~~~~~~
/xemu/include/hw/core/cpu.h:647:17: warning: 'TlsGetValue' redeclared without dllimport attribute: previous dllimport ignored [-Wattributes]
  647 | void *__stdcall TlsGetValue(unsigned long);
      |                 ^~~~~~~~~~~
/xemu/include/hw/core/cpu.h:648:15: warning: redundant redeclaration of 'TlsSetValue' [-Wredundant-decls]
  648 | int __stdcall TlsSetValue(unsigned long, void *);
      |               ^~~~~~~~~~~
/usr/local/mxe/usr/x86_64-w64-mingw32.static/include/processthreadsapi.h:324:29: note: previous declaration of 'TlsSetValue' with type 'WINBOOL(DWORD,  void *)' {aka 'int(long unsigned int,  void *)'}
  324 |   WINBASEAPI WINBOOL WINAPI TlsSetValue (DWORD dwTlsIndex, LPVOID lpTlsValue);
      |                             ^~~~~~~~~~~
/xemu/include/hw/core/cpu.h:648:15: warning: 'TlsSetValue' redeclared without dllimport attribute: previous dllimport ignored [-Wattributes]
  648 | int __stdcall TlsSetValue(unsigned long, void *);
      |               ^~~~~~~~~~~
[228/663] Compiling C object libsystem.a.p/hw_core_machine-qmp-cmds.c.obj
In file included from /xemu/include/exec/cpu-common.h:13,
                 from /xemu/include/system/memory.h:17,
                 from /xemu/include/hw/boards.h:6,
                 from ../hw/core/machine-qmp-cmds.c:12:
/xemu/include/hw/core/cpu.h:647:17: warning: redundant redeclaration of 'TlsGetValue' [-Wredundant-decls]
  647 | void *__stdcall TlsGetValue(unsigned long);
      |                 ^~~~~~~~~~~
In file included from /usr/local/mxe/usr/x86_64-w64-mingw32.static/include/winbase.h:29,
                 from /usr/local/mxe/usr/x86_64-w64-mingw32.static/include/windows.h:70,
                 from /usr/local/mxe/usr/x86_64-w64-mingw32.static/include/winsock2.h:23,
                 from /xemu/include/system/os-win32.h:29,
                 from /xemu/include/qemu/osdep.h:178,
                 from ../hw/core/machine-qmp-cmds.c:10:
/usr/local/mxe/usr/x86_64-w64-mingw32.static/include/processthreadsapi.h:323:28: note: previous declaration of 'TlsGetValue' with type 'void *(DWORD)' {aka 'void *(long unsigned int)'}
  323 |   WINBASEAPI LPVOID WINAPI TlsGetValue (DWORD dwTlsIndex);
      |                            ^~~~~~~~~~~
/xemu/include/hw/core/cpu.h:647:17: warning: 'TlsGetValue' redeclared without dllimport attribute: previous dllimport ignored [-Wattributes]
  647 | void *__stdcall TlsGetValue(unsigned long);
      |                 ^~~~~~~~~~~
/xemu/include/hw/core/cpu.h:648:15: warning: redundant redeclaration of 'TlsSetValue' [-Wredundant-decls]
  648 | int __stdcall TlsSetValue(unsigned long, void *);
      |               ^~~~~~~~~~~
/usr/local/mxe/usr/x86_64-w64-mingw32.static/include/processthreadsapi.h:324:29: note: previous declaration of 'TlsSetValue' with type 'WINBOOL(DWORD,  void *)' {aka 'int(long unsigned int,  void *)'}
  324 |   WINBASEAPI WINBOOL WINAPI TlsSetValue (DWORD dwTlsIndex, LPVOID lpTlsValue);
      |                             ^~~~~~~~~~~
/xemu/include/hw/core/cpu.h:648:15: warning: 'TlsSetValue' redeclared without dllimport attribute: previous dllimport ignored [-Wattributes]
  648 | int __stdcall TlsSetValue(unsigned long, void *);
      |               ^~~~~~~~~~~
[229/663] Compiling C object libsystem.a.p/hw_core_qdev-hotplug.c.obj
In file included from /xemu/include/exec/cpu-common.h:13,
                 from /xemu/include/system/memory.h:17,
                 from /xemu/include/hw/boards.h:6,
                 from ../hw/core/qdev-hotplug.c:14:
/xemu/include/hw/core/cpu.h:647:17: warning: redundant redeclaration of 'TlsGetValue' [-Wredundant-decls]
  647 | void *__stdcall TlsGetValue(unsigned long);
      |                 ^~~~~~~~~~~
In file included from /usr/local/mxe/usr/x86_64-w64-mingw32.static/include/winbase.h:29,
                 from /usr/local/mxe/usr/x86_64-w64-mingw32.static/include/windows.h:70,
                 from /usr/local/mxe/usr/x86_64-w64-mingw32.static/include/winsock2.h:23,
                 from /xemu/include/system/os-win32.h:29,
                 from /xemu/include/qemu/osdep.h:178,
                 from ../hw/core/qdev-hotplug.c:12:
/usr/local/mxe/usr/x86_64-w64-mingw32.static/include/processthreadsapi.h:323:28: note: previous declaration of 'TlsGetValue' with type 'void *(DWORD)' {aka 'void *(long unsigned int)'}
  323 |   WINBASEAPI LPVOID WINAPI TlsGetValue (DWORD dwTlsIndex);
      |                            ^~~~~~~~~~~
/xemu/include/hw/core/cpu.h:647:17: warning: 'TlsGetValue' redeclared without dllimport attribute: previous dllimport ignored [-Wattributes]
  647 | void *__stdcall TlsGetValue(unsigned long);
      |                 ^~~~~~~~~~~
/xemu/include/hw/core/cpu.h:648:15: warning: redundant redeclaration of 'TlsSetValue' [-Wredundant-decls]
  648 | int __stdcall TlsSetValue(unsigned long, void *);
      |               ^~~~~~~~~~~
/usr/local/mxe/usr/x86_64-w64-mingw32.static/include/processthreadsapi.h:324:29: note: previous declaration of 'TlsSetValue' with type 'WINBOOL(DWORD,  void *)' {aka 'int(long unsigned int,  void *)'}
  324 |   WINBASEAPI WINBOOL WINAPI TlsSetValue (DWORD dwTlsIndex, LPVOID lpTlsValue);
      |                             ^~~~~~~~~~~
/xemu/include/hw/core/cpu.h:648:15: warning: 'TlsSetValue' redeclared without dllimport attribute: previous dllimport ignored [-Wattributes]
  648 | int __stdcall TlsSetValue(unsigned long, void *);
      |               ^~~~~~~~~~~
[230/663] Compiling C object libsystem.a.p/hw_cpu_core.c.obj
In file included from /xemu/include/exec/cpu-common.h:13,
                 from /xemu/include/system/memory.h:17,
                 from /xemu/include/hw/boards.h:6,
                 from ../hw/cpu/core.c:12:
/xemu/include/hw/core/cpu.h:647:17: warning: redundant redeclaration of 'TlsGetValue' [-Wredundant-decls]
  647 | void *__stdcall TlsGetValue(unsigned long);
      |                 ^~~~~~~~~~~
In file included from /usr/local/mxe/usr/x86_64-w64-mingw32.static/include/winbase.h:29,
                 from /usr/local/mxe/usr/x86_64-w64-mingw32.static/include/windows.h:70,
                 from /usr/local/mxe/usr/x86_64-w64-mingw32.static/include/winsock2.h:23,
                 from /xemu/include/system/os-win32.h:29,
                 from /xemu/include/qemu/osdep.h:178,
                 from ../hw/cpu/core.c:10:
/usr/local/mxe/usr/x86_64-w64-mingw32.static/include/processthreadsapi.h:323:28: note: previous declaration of 'TlsGetValue' with type 'void *(DWORD)' {aka 'void *(long unsigned int)'}
  323 |   WINBASEAPI LPVOID WINAPI TlsGetValue (DWORD dwTlsIndex);
      |                            ^~~~~~~~~~~
/xemu/include/hw/core/cpu.h:647:17: warning: 'TlsGetValue' redeclared without dllimport attribute: previous dllimport ignored [-Wattributes]
  647 | void *__stdcall TlsGetValue(unsigned long);
      |                 ^~~~~~~~~~~
/xemu/include/hw/core/cpu.h:648:15: warning: redundant redeclaration of 'TlsSetValue' [-Wredundant-decls]
  648 | int __stdcall TlsSetValue(unsigned long, void *);
      |               ^~~~~~~~~~~
/usr/local/mxe/usr/x86_64-w64-mingw32.static/include/processthreadsapi.h:324:29: note: previous declaration of 'TlsSetValue' with type 'WINBOOL(DWORD,  void *)' {aka 'int(long unsigned int,  void *)'}
  324 |   WINBASEAPI WINBOOL WINAPI TlsSetValue (DWORD dwTlsIndex, LPVOID lpTlsValue);
      |                             ^~~~~~~~~~~
/xemu/include/hw/core/cpu.h:648:15: warning: 'TlsSetValue' redeclared without dllimport attribute: previous dllimport ignored [-Wattributes]
  648 | int __stdcall TlsSetValue(unsigned long, void *);
      |               ^~~~~~~~~~~
[231/663] Compiling C object libsystem.a.p/hw_core_sysbus.c.obj
In file included from /xemu/include/exec/cpu-common.h:13,
                 from /xemu/include/system/memory.h:17,
                 from /xemu/include/hw/sysbus.h:7,
                 from ../hw/core/sysbus.c:22:
/xemu/include/hw/core/cpu.h:647:17: warning: redundant redeclaration of 'TlsGetValue' [-Wredundant-decls]
  647 | void *__stdcall TlsGetValue(unsigned long);
      |                 ^~~~~~~~~~~
In file included from /usr/local/mxe/usr/x86_64-w64-mingw32.static/include/winbase.h:29,
                 from /usr/local/mxe/usr/x86_64-w64-mingw32.static/include/windows.h:70,
                 from /usr/local/mxe/usr/x86_64-w64-mingw32.static/include/winsock2.h:23,
                 from /xemu/include/system/os-win32.h:29,
                 from /xemu/include/qemu/osdep.h:178,
                 from ../hw/core/sysbus.c:20:
/usr/local/mxe/usr/x86_64-w64-mingw32.static/include/processthreadsapi.h:323:28: note: previous declaration of 'TlsGetValue' with type 'void *(DWORD)' {aka 'void *(long unsigned int)'}
  323 |   WINBASEAPI LPVOID WINAPI TlsGetValue (DWORD dwTlsIndex);
      |                            ^~~~~~~~~~~
/xemu/include/hw/core/cpu.h:647:17: warning: 'TlsGetValue' redeclared without dllimport attribute: previous dllimport ignored [-Wattributes]
  647 | void *__stdcall TlsGetValue(unsigned long);
      |                 ^~~~~~~~~~~
/xemu/include/hw/core/cpu.h:648:15: warning: redundant redeclaration of 'TlsSetValue' [-Wredundant-decls]
  648 | int __stdcall TlsSetValue(unsigned long, void *);
      |               ^~~~~~~~~~~
/usr/local/mxe/usr/x86_64-w64-mingw32.static/include/processthreadsapi.h:324:29: note: previous declaration of 'TlsSetValue' with type 'WINBOOL(DWORD,  void *)' {aka 'int(long unsigned int,  void *)'}
  324 |   WINBASEAPI WINBOOL WINAPI TlsSetValue (DWORD dwTlsIndex, LPVOID lpTlsValue);
      |                             ^~~~~~~~~~~
/xemu/include/hw/core/cpu.h:648:15: warning: 'TlsSetValue' redeclared without dllimport attribute: previous dllimport ignored [-Wattributes]
  648 | int __stdcall TlsSetValue(unsigned long, void *);
      |               ^~~~~~~~~~~
[232/663] Compiling C object libsystem.a.p/hw_core_numa.c.obj
In file included from /xemu/include/exec/cpu-common.h:13,
                 from /xemu/include/system/memory.h:17,
                 from /xemu/include/system/hostmem.h:19,
                 from ../hw/core/numa.c:27:
/xemu/include/hw/core/cpu.h:647:17: warning: redundant redeclaration of 'TlsGetValue' [-Wredundant-decls]
  647 | void *__stdcall TlsGetValue(unsigned long);
      |                 ^~~~~~~~~~~
In file included from /usr/local/mxe/usr/x86_64-w64-mingw32.static/include/winbase.h:29,
                 from /usr/local/mxe/usr/x86_64-w64-mingw32.static/include/windows.h:70,
                 from /usr/local/mxe/usr/x86_64-w64-mingw32.static/include/winsock2.h:23,
                 from /xemu/include/system/os-win32.h:29,
                 from /xemu/include/qemu/osdep.h:178,
                 from ../hw/core/numa.c:25:
/usr/local/mxe/usr/x86_64-w64-mingw32.static/include/processthreadsapi.h:323:28: note: previous declaration of 'TlsGetValue' with type 'void *(DWORD)' {aka 'void *(long unsigned int)'}
  323 |   WINBASEAPI LPVOID WINAPI TlsGetValue (DWORD dwTlsIndex);
      |                            ^~~~~~~~~~~
/xemu/include/hw/core/cpu.h:647:17: warning: 'TlsGetValue' redeclared without dllimport attribute: previous dllimport ignored [-Wattributes]
  647 | void *__stdcall TlsGetValue(unsigned long);
      |                 ^~~~~~~~~~~
/xemu/include/hw/core/cpu.h:648:15: warning: redundant redeclaration of 'TlsSetValue' [-Wredundant-decls]
  648 | int __stdcall TlsSetValue(unsigned long, void *);
      |               ^~~~~~~~~~~
/usr/local/mxe/usr/x86_64-w64-mingw32.static/include/processthreadsapi.h:324:29: note: previous declaration of 'TlsSetValue' with type 'WINBOOL(DWORD,  void *)' {aka 'int(long unsigned int,  void *)'}
  324 |   WINBASEAPI WINBOOL WINAPI TlsSetValue (DWORD dwTlsIndex, LPVOID lpTlsValue);
      |                             ^~~~~~~~~~~
/xemu/include/hw/core/cpu.h:648:15: warning: 'TlsSetValue' redeclared without dllimport attribute: previous dllimport ignored [-Wattributes]
  648 | int __stdcall TlsSetValue(unsigned long, void *);
      |               ^~~~~~~~~~~
[233/663] Compiling C object libsystem.a.p/hw_core_clock-vmstate.c.obj
[234/663] Compiling C object libsystem.a.p/hw_core_machine.c.obj
In file included from /xemu/include/exec/cpu-common.h:13,
                 from /xemu/include/system/memory.h:17,
                 from /xemu/include/hw/boards.h:6,
                 from ../hw/core/machine.c:17:
/xemu/include/hw/core/cpu.h:647:17: warning: redundant redeclaration of 'TlsGetValue' [-Wredundant-decls]
  647 | void *__stdcall TlsGetValue(unsigned long);
      |                 ^~~~~~~~~~~
In file included from /usr/local/mxe/usr/x86_64-w64-mingw32.static/include/winbase.h:29,
                 from /usr/local/mxe/usr/x86_64-w64-mingw32.static/include/windows.h:70,
                 from /usr/local/mxe/usr/x86_64-w64-mingw32.static/include/winsock2.h:23,
                 from /xemu/include/system/os-win32.h:29,
                 from /xemu/include/qemu/osdep.h:178,
                 from ../hw/core/machine.c:13:
/usr/local/mxe/usr/x86_64-w64-mingw32.static/include/processthreadsapi.h:323:28: note: previous declaration of 'TlsGetValue' with type 'void *(DWORD)' {aka 'void *(long unsigned int)'}
  323 |   WINBASEAPI LPVOID WINAPI TlsGetValue (DWORD dwTlsIndex);
      |                            ^~~~~~~~~~~
/xemu/include/hw/core/cpu.h:647:17: warning: 'TlsGetValue' redeclared without dllimport attribute: previous dllimport ignored [-Wattributes]
  647 | void *__stdcall TlsGetValue(unsigned long);
      |                 ^~~~~~~~~~~
/xemu/include/hw/core/cpu.h:648:15: warning: redundant redeclaration of 'TlsSetValue' [-Wredundant-decls]
  648 | int __stdcall TlsSetValue(unsigned long, void *);
      |               ^~~~~~~~~~~
/usr/local/mxe/usr/x86_64-w64-mingw32.static/include/processthreadsapi.h:324:29: note: previous declaration of 'TlsSetValue' with type 'WINBOOL(DWORD,  void *)' {aka 'int(long unsigned int,  void *)'}
  324 |   WINBASEAPI WINBOOL WINAPI TlsSetValue (DWORD dwTlsIndex, LPVOID lpTlsValue);
      |                             ^~~~~~~~~~~
/xemu/include/hw/core/cpu.h:648:15: warning: 'TlsSetValue' redeclared without dllimport attribute: previous dllimport ignored [-Wattributes]
  648 | int __stdcall TlsSetValue(unsigned long, void *);
      |               ^~~~~~~~~~~
[235/663] Compiling C object libsystem.a.p/hw_display_edid-region.c.obj
In file included from /xemu/include/exec/cpu-common.h:13,
                 from /xemu/include/system/memory.h:17,
                 from ../hw/display/edid-region.c:2:
/xemu/include/hw/core/cpu.h:647:17: warning: redundant redeclaration of 'TlsGetValue' [-Wredundant-decls]
  647 | void *__stdcall TlsGetValue(unsigned long);
      |                 ^~~~~~~~~~~
In file included from /usr/local/mxe/usr/x86_64-w64-mingw32.static/include/winbase.h:29,
                 from /usr/local/mxe/usr/x86_64-w64-mingw32.static/include/windows.h:70,
                 from /usr/local/mxe/usr/x86_64-w64-mingw32.static/include/winsock2.h:23,
                 from /xemu/include/system/os-win32.h:29,
                 from /xemu/include/qemu/osdep.h:178,
                 from ../hw/display/edid-region.c:1:
/usr/local/mxe/usr/x86_64-w64-mingw32.static/include/processthreadsapi.h:323:28: note: previous declaration of 'TlsGetValue' with type 'void *(DWORD)' {aka 'void *(long unsigned int)'}
  323 |   WINBASEAPI LPVOID WINAPI TlsGetValue (DWORD dwTlsIndex);
      |                            ^~~~~~~~~~~
/xemu/include/hw/core/cpu.h:647:17: warning: 'TlsGetValue' redeclared without dllimport attribute: previous dllimport ignored [-Wattributes]
  647 | void *__stdcall TlsGetValue(unsigned long);
      |                 ^~~~~~~~~~~
/xemu/include/hw/core/cpu.h:648:15: warning: redundant redeclaration of 'TlsSetValue' [-Wredundant-decls]
  648 | int __stdcall TlsSetValue(unsigned long, void *);
      |               ^~~~~~~~~~~
/usr/local/mxe/usr/x86_64-w64-mingw32.static/include/processthreadsapi.h:324:29: note: previous declaration of 'TlsSetValue' with type 'WINBOOL(DWORD,  void *)' {aka 'int(long unsigned int,  void *)'}
  324 |   WINBASEAPI WINBOOL WINAPI TlsSetValue (DWORD dwTlsIndex, LPVOID lpTlsValue);
      |                             ^~~~~~~~~~~
/xemu/include/hw/core/cpu.h:648:15: warning: 'TlsSetValue' redeclared without dllimport attribute: previous dllimport ignored [-Wattributes]
  648 | int __stdcall TlsSetValue(unsigned long, void *);
      |               ^~~~~~~~~~~
[236/663] Compiling C object libsystem.a.p/hw_cxl_cxl-host-stubs.c.obj
In file included from /xemu/include/exec/cpu-common.h:13,
                 from /xemu/include/system/memory.h:17,
                 from /xemu/include/hw/sysbus.h:7,
                 from /xemu/include/hw/pci/pci_host.h:31,
                 from /xemu/include/hw/cxl/cxl.h:16,
                 from ../hw/cxl/cxl-host-stubs.c:8:
/xemu/include/hw/core/cpu.h:647:17: warning: redundant redeclaration of 'TlsGetValue' [-Wredundant-decls]
  647 | void *__stdcall TlsGetValue(unsigned long);
      |                 ^~~~~~~~~~~
In file included from /usr/local/mxe/usr/x86_64-w64-mingw32.static/include/winbase.h:29,
                 from /usr/local/mxe/usr/x86_64-w64-mingw32.static/include/windows.h:70,
                 from /usr/local/mxe/usr/x86_64-w64-mingw32.static/include/winsock2.h:23,
                 from /xemu/include/system/os-win32.h:29,
                 from /xemu/include/qemu/osdep.h:178,
                 from ../hw/cxl/cxl-host-stubs.c:6:
/usr/local/mxe/usr/x86_64-w64-mingw32.static/include/processthreadsapi.h:323:28: note: previous declaration of 'TlsGetValue' with type 'void *(DWORD)' {aka 'void *(long unsigned int)'}
  323 |   WINBASEAPI LPVOID WINAPI TlsGetValue (DWORD dwTlsIndex);
      |                            ^~~~~~~~~~~
/xemu/include/hw/core/cpu.h:647:17: warning: 'TlsGetValue' redeclared without dllimport attribute: previous dllimport ignored [-Wattributes]
  647 | void *__stdcall TlsGetValue(unsigned long);
      |                 ^~~~~~~~~~~
/xemu/include/hw/core/cpu.h:648:15: warning: redundant redeclaration of 'TlsSetValue' [-Wredundant-decls]
  648 | int __stdcall TlsSetValue(unsigned long, void *);
      |               ^~~~~~~~~~~
/usr/local/mxe/usr/x86_64-w64-mingw32.static/include/processthreadsapi.h:324:29: note: previous declaration of 'TlsSetValue' with type 'WINBOOL(DWORD,  void *)' {aka 'int(long unsigned int,  void *)'}
  324 |   WINBASEAPI WINBOOL WINAPI TlsSetValue (DWORD dwTlsIndex, LPVOID lpTlsValue);
      |                             ^~~~~~~~~~~
/xemu/include/hw/core/cpu.h:648:15: warning: 'TlsSetValue' redeclared without dllimport attribute: previous dllimport ignored [-Wattributes]
  648 | int __stdcall TlsSetValue(unsigned long, void *);
      |               ^~~~~~~~~~~
[237/663] Compiling C object libsystem.a.p/hw_display_edid-generate.c.obj
[238/663] Compiling C object libsystem.a.p/hw_hyperv_hv-balloon-stub.c.obj
[239/663] Compiling C object libsystem.a.p/hw_display_ramfb-stubs.c.obj
[240/663] Compiling C object libsystem.a.p/hw_core_qdev-properties-system.c.obj
In file included from /xemu/include/exec/cpu-common.h:13,
                 from /xemu/include/system/memory.h:17,
                 from /xemu/include/hw/pci/pci.h:4,
                 from ../hw/core/qdev-properties-system.c:35:
/xemu/include/hw/core/cpu.h:647:17: warning: redundant redeclaration of 'TlsGetValue' [-Wredundant-decls]
  647 | void *__stdcall TlsGetValue(unsigned long);
      |                 ^~~~~~~~~~~
In file included from /usr/local/mxe/usr/x86_64-w64-mingw32.static/include/winbase.h:29,
                 from /usr/local/mxe/usr/x86_64-w64-mingw32.static/include/windows.h:70,
                 from /usr/local/mxe/usr/x86_64-w64-mingw32.static/include/winsock2.h:23,
                 from /xemu/include/system/os-win32.h:29,
                 from /xemu/include/qemu/osdep.h:178,
                 from ../hw/core/qdev-properties-system.c:13:
/usr/local/mxe/usr/x86_64-w64-mingw32.static/include/processthreadsapi.h:323:28: note: previous declaration of 'TlsGetValue' with type 'void *(DWORD)' {aka 'void *(long unsigned int)'}
  323 |   WINBASEAPI LPVOID WINAPI TlsGetValue (DWORD dwTlsIndex);
      |                            ^~~~~~~~~~~
/xemu/include/hw/core/cpu.h:647:17: warning: 'TlsGetValue' redeclared without dllimport attribute: previous dllimport ignored [-Wattributes]
  647 | void *__stdcall TlsGetValue(unsigned long);
      |                 ^~~~~~~~~~~
/xemu/include/hw/core/cpu.h:648:15: warning: redundant redeclaration of 'TlsSetValue' [-Wredundant-decls]
  648 | int __stdcall TlsSetValue(unsigned long, void *);
      |               ^~~~~~~~~~~
/usr/local/mxe/usr/x86_64-w64-mingw32.static/include/processthreadsapi.h:324:29: note: previous declaration of 'TlsSetValue' with type 'WINBOOL(DWORD,  void *)' {aka 'int(long unsigned int,  void *)'}
  324 |   WINBASEAPI WINBOOL WINAPI TlsSetValue (DWORD dwTlsIndex, LPVOID lpTlsValue);
      |                             ^~~~~~~~~~~
/xemu/include/hw/core/cpu.h:648:15: warning: 'TlsSetValue' redeclared without dllimport attribute: previous dllimport ignored [-Wattributes]
  648 | int __stdcall TlsSetValue(unsigned long, void *);
      |               ^~~~~~~~~~~
[241/663] Compiling C object libsystem.a.p/hw_i2c_smbus_master.c.obj
[242/663] Compiling C object libsystem.a.p/hw_core_loader.c.obj
In file included from /xemu/include/exec/cpu-common.h:13,
                 from /xemu/include/system/memory.h:17,
                 from /xemu/include/hw/sysbus.h:7,
                 from /xemu/include/hw/nvram/fw_cfg.h:6,
                 from /xemu/include/hw/loader.h:3,
                 from ../hw/core/loader.c:61:
/xemu/include/hw/core/cpu.h:647:17: warning: redundant redeclaration of 'TlsGetValue' [-Wredundant-decls]
  647 | void *__stdcall TlsGetValue(unsigned long);
      |                 ^~~~~~~~~~~
In file included from /usr/local/mxe/usr/x86_64-w64-mingw32.static/include/winbase.h:29,
                 from /usr/local/mxe/usr/x86_64-w64-mingw32.static/include/windows.h:70,
                 from /usr/local/mxe/usr/x86_64-w64-mingw32.static/include/winsock2.h:23,
                 from /xemu/include/system/os-win32.h:29,
                 from /xemu/include/qemu/osdep.h:178,
                 from ../hw/core/loader.c:45:
/usr/local/mxe/usr/x86_64-w64-mingw32.static/include/processthreadsapi.h:323:28: note: previous declaration of 'TlsGetValue' with type 'void *(DWORD)' {aka 'void *(long unsigned int)'}
  323 |   WINBASEAPI LPVOID WINAPI TlsGetValue (DWORD dwTlsIndex);
      |                            ^~~~~~~~~~~
/xemu/include/hw/core/cpu.h:647:17: warning: 'TlsGetValue' redeclared without dllimport attribute: previous dllimport ignored [-Wattributes]
  647 | void *__stdcall TlsGetValue(unsigned long);
      |                 ^~~~~~~~~~~
/xemu/include/hw/core/cpu.h:648:15: warning: redundant redeclaration of 'TlsSetValue' [-Wredundant-decls]
  648 | int __stdcall TlsSetValue(unsigned long, void *);
      |               ^~~~~~~~~~~
/usr/local/mxe/usr/x86_64-w64-mingw32.static/include/processthreadsapi.h:324:29: note: previous declaration of 'TlsSetValue' with type 'WINBOOL(DWORD,  void *)' {aka 'int(long unsigned int,  void *)'}
  324 |   WINBASEAPI WINBOOL WINAPI TlsSetValue (DWORD dwTlsIndex, LPVOID lpTlsValue);
      |                             ^~~~~~~~~~~
/xemu/include/hw/core/cpu.h:648:15: warning: 'TlsSetValue' redeclared without dllimport attribute: previous dllimport ignored [-Wattributes]
  648 | int __stdcall TlsSetValue(unsigned long, void *);
      |               ^~~~~~~~~~~
[243/663] Compiling C object libsystem.a.p/hw_i2c_smbus_slave.c.obj
[244/663] Compiling C object libsystem.a.p/hw_i2c_core.c.obj
[245/663] Compiling C object libsystem.a.p/hw_dma_i8257.c.obj
In file included from /xemu/include/exec/cpu-common.h:13,
                 from /xemu/include/system/memory.h:17,
                 from /xemu/include/hw/isa/isa.h:6,
                 from ../hw/dma/i8257.c:26:
/xemu/include/hw/core/cpu.h:647:17: warning: redundant redeclaration of 'TlsGetValue' [-Wredundant-decls]
  647 | void *__stdcall TlsGetValue(unsigned long);
      |                 ^~~~~~~~~~~
In file included from /usr/local/mxe/usr/x86_64-w64-mingw32.static/include/winbase.h:29,
                 from /usr/local/mxe/usr/x86_64-w64-mingw32.static/include/windows.h:70,
                 from /usr/local/mxe/usr/x86_64-w64-mingw32.static/include/winsock2.h:23,
                 from /xemu/include/system/os-win32.h:29,
                 from /xemu/include/qemu/osdep.h:178,
                 from ../hw/dma/i8257.c:25:
/usr/local/mxe/usr/x86_64-w64-mingw32.static/include/processthreadsapi.h:323:28: note: previous declaration of 'TlsGetValue' with type 'void *(DWORD)' {aka 'void *(long unsigned int)'}
  323 |   WINBASEAPI LPVOID WINAPI TlsGetValue (DWORD dwTlsIndex);
      |                            ^~~~~~~~~~~
/xemu/include/hw/core/cpu.h:647:17: warning: 'TlsGetValue' redeclared without dllimport attribute: previous dllimport ignored [-Wattributes]
  647 | void *__stdcall TlsGetValue(unsigned long);
      |                 ^~~~~~~~~~~
/xemu/include/hw/core/cpu.h:648:15: warning: redundant redeclaration of 'TlsSetValue' [-Wredundant-decls]
  648 | int __stdcall TlsSetValue(unsigned long, void *);
      |               ^~~~~~~~~~~
/usr/local/mxe/usr/x86_64-w64-mingw32.static/include/processthreadsapi.h:324:29: note: previous declaration of 'TlsSetValue' with type 'WINBOOL(DWORD,  void *)' {aka 'int(long unsigned int,  void *)'}
  324 |   WINBASEAPI WINBOOL WINAPI TlsSetValue (DWORD dwTlsIndex, LPVOID lpTlsValue);
      |                             ^~~~~~~~~~~
/xemu/include/hw/core/cpu.h:648:15: warning: 'TlsSetValue' redeclared without dllimport attribute: previous dllimport ignored [-Wattributes]
  648 | int __stdcall TlsSetValue(unsigned long, void *);
      |               ^~~~~~~~~~~
[246/663] Compiling C object libsystem.a.p/hw_ide_ide-bus.c.obj
In file included from /xemu/include/exec/cpu-common.h:13,
                 from /xemu/include/system/memory.h:17,
                 from /xemu/include/system/ioport.h:27,
                 from /xemu/include/hw/ide/ide-bus.h:4,
                 from ../hw/ide/ide-internal.h:10,
                 from ../hw/ide/ide-bus.c:27:
/xemu/include/hw/core/cpu.h:647:17: warning: redundant redeclaration of 'TlsGetValue' [-Wredundant-decls]
  647 | void *__stdcall TlsGetValue(unsigned long);
      |                 ^~~~~~~~~~~
In file included from /usr/local/mxe/usr/x86_64-w64-mingw32.static/include/winbase.h:29,
                 from /usr/local/mxe/usr/x86_64-w64-mingw32.static/include/windows.h:70,
                 from /usr/local/mxe/usr/x86_64-w64-mingw32.static/include/winsock2.h:23,
                 from /xemu/include/system/os-win32.h:29,
                 from /xemu/include/qemu/osdep.h:178,
                 from ../hw/ide/ide-bus.c:20:
/usr/local/mxe/usr/x86_64-w64-mingw32.static/include/processthreadsapi.h:323:28: note: previous declaration of 'TlsGetValue' with type 'void *(DWORD)' {aka 'void *(long unsigned int)'}
  323 |   WINBASEAPI LPVOID WINAPI TlsGetValue (DWORD dwTlsIndex);
      |                            ^~~~~~~~~~~
/xemu/include/hw/core/cpu.h:647:17: warning: 'TlsGetValue' redeclared without dllimport attribute: previous dllimport ignored [-Wattributes]
  647 | void *__stdcall TlsGetValue(unsigned long);
      |                 ^~~~~~~~~~~
/xemu/include/hw/core/cpu.h:648:15: warning: redundant redeclaration of 'TlsSetValue' [-Wredundant-decls]
  648 | int __stdcall TlsSetValue(unsigned long, void *);
      |               ^~~~~~~~~~~
/usr/local/mxe/usr/x86_64-w64-mingw32.static/include/processthreadsapi.h:324:29: note: previous declaration of 'TlsSetValue' with type 'WINBOOL(DWORD,  void *)' {aka 'int(long unsigned int,  void *)'}
  324 |   WINBASEAPI WINBOOL WINAPI TlsSetValue (DWORD dwTlsIndex, LPVOID lpTlsValue);
      |                             ^~~~~~~~~~~
/xemu/include/hw/core/cpu.h:648:15: warning: 'TlsSetValue' redeclared without dllimport attribute: previous dllimport ignored [-Wattributes]
  648 | int __stdcall TlsSetValue(unsigned long, void *);
      |               ^~~~~~~~~~~
[247/663] Compiling C object libsystem.a.p/hw_i2c_pm_smbus.c.obj
In file included from /xemu/include/exec/cpu-common.h:13,
                 from /xemu/include/system/memory.h:17,
                 from /xemu/include/hw/boards.h:6,
                 from ../hw/i2c/pm_smbus.c:22:
/xemu/include/hw/core/cpu.h:647:17: warning: redundant redeclaration of 'TlsGetValue' [-Wredundant-decls]
  647 | void *__stdcall TlsGetValue(unsigned long);
      |                 ^~~~~~~~~~~
In file included from /usr/local/mxe/usr/x86_64-w64-mingw32.static/include/winbase.h:29,
                 from /usr/local/mxe/usr/x86_64-w64-mingw32.static/include/windows.h:70,
                 from /usr/local/mxe/usr/x86_64-w64-mingw32.static/include/winsock2.h:23,
                 from /xemu/include/system/os-win32.h:29,
                 from /xemu/include/qemu/osdep.h:178,
                 from ../hw/i2c/pm_smbus.c:21:
/usr/local/mxe/usr/x86_64-w64-mingw32.static/include/processthreadsapi.h:323:28: note: previous declaration of 'TlsGetValue' with type 'void *(DWORD)' {aka 'void *(long unsigned int)'}
  323 |   WINBASEAPI LPVOID WINAPI TlsGetValue (DWORD dwTlsIndex);
      |                            ^~~~~~~~~~~
/xemu/include/hw/core/cpu.h:647:17: warning: 'TlsGetValue' redeclared without dllimport attribute: previous dllimport ignored [-Wattributes]
  647 | void *__stdcall TlsGetValue(unsigned long);
      |                 ^~~~~~~~~~~
/xemu/include/hw/core/cpu.h:648:15: warning: redundant redeclaration of 'TlsSetValue' [-Wredundant-decls]
  648 | int __stdcall TlsSetValue(unsigned long, void *);
      |               ^~~~~~~~~~~
/usr/local/mxe/usr/x86_64-w64-mingw32.static/include/processthreadsapi.h:324:29: note: previous declaration of 'TlsSetValue' with type 'WINBOOL(DWORD,  void *)' {aka 'int(long unsigned int,  void *)'}
  324 |   WINBASEAPI WINBOOL WINAPI TlsSetValue (DWORD dwTlsIndex, LPVOID lpTlsValue);
      |                             ^~~~~~~~~~~
/xemu/include/hw/core/cpu.h:648:15: warning: 'TlsSetValue' redeclared without dllimport attribute: previous dllimport ignored [-Wattributes]
  648 | int __stdcall TlsSetValue(unsigned long, void *);
      |               ^~~~~~~~~~~
[248/663] Compiling C object libsystem.a.p/hw_display_vga-pci.c.obj
In file included from /xemu/include/exec/cpu-common.h:13,
                 from /xemu/include/system/memory.h:17,
                 from /xemu/include/hw/pci/pci.h:4,
                 from /xemu/include/hw/pci/pci_device.h:4,
                 from ../hw/display/vga-pci.c:28:
/xemu/include/hw/core/cpu.h:647:17: warning: redundant redeclaration of 'TlsGetValue' [-Wredundant-decls]
  647 | void *__stdcall TlsGetValue(unsigned long);
      |                 ^~~~~~~~~~~
In file included from /usr/local/mxe/usr/x86_64-w64-mingw32.static/include/winbase.h:29,
                 from /usr/local/mxe/usr/x86_64-w64-mingw32.static/include/windows.h:70,
                 from /usr/local/mxe/usr/x86_64-w64-mingw32.static/include/winsock2.h:23,
                 from /xemu/include/system/os-win32.h:29,
                 from /xemu/include/qemu/osdep.h:178,
                 from ../hw/display/vga-pci.c:27:
/usr/local/mxe/usr/x86_64-w64-mingw32.static/include/processthreadsapi.h:323:28: note: previous declaration of 'TlsGetValue' with type 'void *(DWORD)' {aka 'void *(long unsigned int)'}
  323 |   WINBASEAPI LPVOID WINAPI TlsGetValue (DWORD dwTlsIndex);
      |                            ^~~~~~~~~~~
/xemu/include/hw/core/cpu.h:647:17: warning: 'TlsGetValue' redeclared without dllimport attribute: previous dllimport ignored [-Wattributes]
  647 | void *__stdcall TlsGetValue(unsigned long);
      |                 ^~~~~~~~~~~
/xemu/include/hw/core/cpu.h:648:15: warning: redundant redeclaration of 'TlsSetValue' [-Wredundant-decls]
  648 | int __stdcall TlsSetValue(unsigned long, void *);
      |               ^~~~~~~~~~~
/usr/local/mxe/usr/x86_64-w64-mingw32.static/include/processthreadsapi.h:324:29: note: previous declaration of 'TlsSetValue' with type 'WINBOOL(DWORD,  void *)' {aka 'int(long unsigned int,  void *)'}
  324 |   WINBASEAPI WINBOOL WINAPI TlsSetValue (DWORD dwTlsIndex, LPVOID lpTlsValue);
      |                             ^~~~~~~~~~~
/xemu/include/hw/core/cpu.h:648:15: warning: 'TlsSetValue' redeclared without dllimport attribute: previous dllimport ignored [-Wattributes]
  648 | int __stdcall TlsSetValue(unsigned long, void *);
      |               ^~~~~~~~~~~
[249/663] Compiling C object libsystem.a.p/hw_display_acpi-vga.c.obj
In file included from /xemu/include/exec/cpu-common.h:13,
                 from /xemu/include/system/memory.h:17,
                 from /xemu/include/hw/pci/pci.h:4,
                 from ../hw/display/acpi-vga.c:3:
/xemu/include/hw/core/cpu.h:647:17: warning: redundant redeclaration of 'TlsGetValue' [-Wredundant-decls]
  647 | void *__stdcall TlsGetValue(unsigned long);
      |                 ^~~~~~~~~~~
In file included from /usr/local/mxe/usr/x86_64-w64-mingw32.static/include/winbase.h:29,
                 from /usr/local/mxe/usr/x86_64-w64-mingw32.static/include/windows.h:70,
                 from /usr/local/mxe/usr/x86_64-w64-mingw32.static/include/winsock2.h:23,
                 from /xemu/include/system/os-win32.h:29,
                 from /xemu/include/qemu/osdep.h:178,
                 from ../hw/display/acpi-vga.c:1:
/usr/local/mxe/usr/x86_64-w64-mingw32.static/include/processthreadsapi.h:323:28: note: previous declaration of 'TlsGetValue' with type 'void *(DWORD)' {aka 'void *(long unsigned int)'}
  323 |   WINBASEAPI LPVOID WINAPI TlsGetValue (DWORD dwTlsIndex);
      |                            ^~~~~~~~~~~
/xemu/include/hw/core/cpu.h:647:17: warning: 'TlsGetValue' redeclared without dllimport attribute: previous dllimport ignored [-Wattributes]
  647 | void *__stdcall TlsGetValue(unsigned long);
      |                 ^~~~~~~~~~~
/xemu/include/hw/core/cpu.h:648:15: warning: redundant redeclaration of 'TlsSetValue' [-Wredundant-decls]
  648 | int __stdcall TlsSetValue(unsigned long, void *);
      |               ^~~~~~~~~~~
/usr/local/mxe/usr/x86_64-w64-mingw32.static/include/processthreadsapi.h:324:29: note: previous declaration of 'TlsSetValue' with type 'WINBOOL(DWORD,  void *)' {aka 'int(long unsigned int,  void *)'}
  324 |   WINBASEAPI WINBOOL WINAPI TlsSetValue (DWORD dwTlsIndex, LPVOID lpTlsValue);
      |                             ^~~~~~~~~~~
/xemu/include/hw/core/cpu.h:648:15: warning: 'TlsSetValue' redeclared without dllimport attribute: previous dllimport ignored [-Wattributes]
  648 | int __stdcall TlsSetValue(unsigned long, void *);
      |               ^~~~~~~~~~~
[250/663] Compiling C object libsystem.a.p/hw_ide_cf.c.obj
In file included from /xemu/include/exec/cpu-common.h:13,
                 from /xemu/include/system/memory.h:17,
                 from /xemu/include/system/dma.h:13,
                 from /xemu/include/hw/ide/ide-dev.h:23,
                 from ../hw/ide/cf.c:19:
/xemu/include/hw/core/cpu.h:647:17: warning: redundant redeclaration of 'TlsGetValue' [-Wredundant-decls]
  647 | void *__stdcall TlsGetValue(unsigned long);
      |                 ^~~~~~~~~~~
In file included from /usr/local/mxe/usr/x86_64-w64-mingw32.static/include/winbase.h:29,
                 from /usr/local/mxe/usr/x86_64-w64-mingw32.static/include/windows.h:70,
                 from /usr/local/mxe/usr/x86_64-w64-mingw32.static/include/winsock2.h:23,
                 from /xemu/include/system/os-win32.h:29,
                 from /xemu/include/qemu/osdep.h:178,
                 from ../hw/ide/cf.c:18:
/usr/local/mxe/usr/x86_64-w64-mingw32.static/include/processthreadsapi.h:323:28: note: previous declaration of 'TlsGetValue' with type 'void *(DWORD)' {aka 'void *(long unsigned int)'}
  323 |   WINBASEAPI LPVOID WINAPI TlsGetValue (DWORD dwTlsIndex);
      |                            ^~~~~~~~~~~
/xemu/include/hw/core/cpu.h:647:17: warning: 'TlsGetValue' redeclared without dllimport attribute: previous dllimport ignored [-Wattributes]
  647 | void *__stdcall TlsGetValue(unsigned long);
      |                 ^~~~~~~~~~~
/xemu/include/hw/core/cpu.h:648:15: warning: redundant redeclaration of 'TlsSetValue' [-Wredundant-decls]
  648 | int __stdcall TlsSetValue(unsigned long, void *);
      |               ^~~~~~~~~~~
/usr/local/mxe/usr/x86_64-w64-mingw32.static/include/processthreadsapi.h:324:29: note: previous declaration of 'TlsSetValue' with type 'WINBOOL(DWORD,  void *)' {aka 'int(long unsigned int,  void *)'}
  324 |   WINBASEAPI WINBOOL WINAPI TlsSetValue (DWORD dwTlsIndex, LPVOID lpTlsValue);
      |                             ^~~~~~~~~~~
/xemu/include/hw/core/cpu.h:648:15: warning: 'TlsSetValue' redeclared without dllimport attribute: previous dllimport ignored [-Wattributes]
  648 | int __stdcall TlsSetValue(unsigned long, void *);
      |               ^~~~~~~~~~~
[251/663] Compiling C object libsystem.a.p/hw_ide_ioport.c.obj
In file included from /xemu/include/exec/cpu-common.h:13,
                 from /xemu/include/system/memory.h:17,
                 from /xemu/include/hw/isa/isa.h:6,
                 from ../hw/ide/ioport.c:27:
/xemu/include/hw/core/cpu.h:647:17: warning: redundant redeclaration of 'TlsGetValue' [-Wredundant-decls]
  647 | void *__stdcall TlsGetValue(unsigned long);
      |                 ^~~~~~~~~~~
In file included from /usr/local/mxe/usr/x86_64-w64-mingw32.static/include/winbase.h:29,
                 from /usr/local/mxe/usr/x86_64-w64-mingw32.static/include/windows.h:70,
                 from /usr/local/mxe/usr/x86_64-w64-mingw32.static/include/winsock2.h:23,
                 from /xemu/include/system/os-win32.h:29,
                 from /xemu/include/qemu/osdep.h:178,
                 from ../hw/ide/ioport.c:26:
/usr/local/mxe/usr/x86_64-w64-mingw32.static/include/processthreadsapi.h:323:28: note: previous declaration of 'TlsGetValue' with type 'void *(DWORD)' {aka 'void *(long unsigned int)'}
  323 |   WINBASEAPI LPVOID WINAPI TlsGetValue (DWORD dwTlsIndex);
      |                            ^~~~~~~~~~~
/xemu/include/hw/core/cpu.h:647:17: warning: 'TlsGetValue' redeclared without dllimport attribute: previous dllimport ignored [-Wattributes]
  647 | void *__stdcall TlsGetValue(unsigned long);
      |                 ^~~~~~~~~~~
/xemu/include/hw/core/cpu.h:648:15: warning: redundant redeclaration of 'TlsSetValue' [-Wredundant-decls]
  648 | int __stdcall TlsSetValue(unsigned long, void *);
      |               ^~~~~~~~~~~
/usr/local/mxe/usr/x86_64-w64-mingw32.static/include/processthreadsapi.h:324:29: note: previous declaration of 'TlsSetValue' with type 'WINBOOL(DWORD,  void *)' {aka 'int(long unsigned int,  void *)'}
  324 |   WINBASEAPI WINBOOL WINAPI TlsSetValue (DWORD dwTlsIndex, LPVOID lpTlsValue);
      |                             ^~~~~~~~~~~
/xemu/include/hw/core/cpu.h:648:15: warning: 'TlsSetValue' redeclared without dllimport attribute: previous dllimport ignored [-Wattributes]
  648 | int __stdcall TlsSetValue(unsigned long, void *);
      |               ^~~~~~~~~~~
[252/663] Compiling C object libsystem.a.p/hw_i2c_smbus_eeprom.c.obj
In file included from /xemu/include/exec/cpu-common.h:13,
                 from /xemu/include/system/memory.h:17,
                 from /xemu/include/hw/boards.h:6,
                 from ../hw/i2c/smbus_eeprom.c:28:
/xemu/include/hw/core/cpu.h:647:17: warning: redundant redeclaration of 'TlsGetValue' [-Wredundant-decls]
  647 | void *__stdcall TlsGetValue(unsigned long);
      |                 ^~~~~~~~~~~
In file included from /usr/local/mxe/usr/x86_64-w64-mingw32.static/include/winbase.h:29,
                 from /usr/local/mxe/usr/x86_64-w64-mingw32.static/include/windows.h:70,
                 from /usr/local/mxe/usr/x86_64-w64-mingw32.static/include/winsock2.h:23,
                 from /xemu/include/system/os-win32.h:29,
                 from /xemu/include/qemu/osdep.h:178,
                 from ../hw/i2c/smbus_eeprom.c:25:
/usr/local/mxe/usr/x86_64-w64-mingw32.static/include/processthreadsapi.h:323:28: note: previous declaration of 'TlsGetValue' with type 'void *(DWORD)' {aka 'void *(long unsigned int)'}
  323 |   WINBASEAPI LPVOID WINAPI TlsGetValue (DWORD dwTlsIndex);
      |                            ^~~~~~~~~~~
/xemu/include/hw/core/cpu.h:647:17: warning: 'TlsGetValue' redeclared without dllimport attribute: previous dllimport ignored [-Wattributes]
  647 | void *__stdcall TlsGetValue(unsigned long);
      |                 ^~~~~~~~~~~
/xemu/include/hw/core/cpu.h:648:15: warning: redundant redeclaration of 'TlsSetValue' [-Wredundant-decls]
  648 | int __stdcall TlsSetValue(unsigned long, void *);
      |               ^~~~~~~~~~~
/usr/local/mxe/usr/x86_64-w64-mingw32.static/include/processthreadsapi.h:324:29: note: previous declaration of 'TlsSetValue' with type 'WINBOOL(DWORD,  void *)' {aka 'int(long unsigned int,  void *)'}
  324 |   WINBASEAPI WINBOOL WINAPI TlsSetValue (DWORD dwTlsIndex, LPVOID lpTlsValue);
      |                             ^~~~~~~~~~~
/xemu/include/hw/core/cpu.h:648:15: warning: 'TlsSetValue' redeclared without dllimport attribute: previous dllimport ignored [-Wattributes]
  648 | int __stdcall TlsSetValue(unsigned long, void *);
      |               ^~~~~~~~~~~
[253/663] Compiling C object libsystem.a.p/hw_ide_ide-dev.c.obj
In file included from /xemu/include/exec/cpu-common.h:13,
                 from /xemu/include/system/memory.h:17,
                 from /xemu/include/system/dma.h:13,
                 from /xemu/include/hw/ide/ide-dev.h:23,
                 from ../hw/ide/ide-dev.c:25:
/xemu/include/hw/core/cpu.h:647:17: warning: redundant redeclaration of 'TlsGetValue' [-Wredundant-decls]
  647 | void *__stdcall TlsGetValue(unsigned long);
      |                 ^~~~~~~~~~~
In file included from /usr/local/mxe/usr/x86_64-w64-mingw32.static/include/winbase.h:29,
                 from /usr/local/mxe/usr/x86_64-w64-mingw32.static/include/windows.h:70,
                 from /usr/local/mxe/usr/x86_64-w64-mingw32.static/include/winsock2.h:23,
                 from /xemu/include/system/os-win32.h:29,
                 from /xemu/include/qemu/osdep.h:178,
                 from ../hw/ide/ide-dev.c:20:
/usr/local/mxe/usr/x86_64-w64-mingw32.static/include/processthreadsapi.h:323:28: note: previous declaration of 'TlsGetValue' with type 'void *(DWORD)' {aka 'void *(long unsigned int)'}
  323 |   WINBASEAPI LPVOID WINAPI TlsGetValue (DWORD dwTlsIndex);
      |                            ^~~~~~~~~~~
/xemu/include/hw/core/cpu.h:647:17: warning: 'TlsGetValue' redeclared without dllimport attribute: previous dllimport ignored [-Wattributes]
  647 | void *__stdcall TlsGetValue(unsigned long);
      |                 ^~~~~~~~~~~
/xemu/include/hw/core/cpu.h:648:15: warning: redundant redeclaration of 'TlsSetValue' [-Wredundant-decls]
  648 | int __stdcall TlsSetValue(unsigned long, void *);
      |               ^~~~~~~~~~~
/usr/local/mxe/usr/x86_64-w64-mingw32.static/include/processthreadsapi.h:324:29: note: previous declaration of 'TlsSetValue' with type 'WINBOOL(DWORD,  void *)' {aka 'int(long unsigned int,  void *)'}
  324 |   WINBASEAPI WINBOOL WINAPI TlsSetValue (DWORD dwTlsIndex, LPVOID lpTlsValue);
      |                             ^~~~~~~~~~~
/xemu/include/hw/core/cpu.h:648:15: warning: 'TlsSetValue' redeclared without dllimport attribute: previous dllimport ignored [-Wattributes]
  648 | int __stdcall TlsSetValue(unsigned long, void *);
      |               ^~~~~~~~~~~
[254/663] Compiling C object libsystem.a.p/hw_intc_intc.c.obj
[255/663] Compiling C object libsystem.a.p/hw_ide_piix.c.obj
In file included from /xemu/include/exec/cpu-common.h:13,
                 from /xemu/include/system/memory.h:17,
                 from /xemu/include/hw/pci/pci.h:4,
                 from ../hw/ide/piix.c:32:
/xemu/include/hw/core/cpu.h:647:17: warning: redundant redeclaration of 'TlsGetValue' [-Wredundant-decls]
  647 | void *__stdcall TlsGetValue(unsigned long);
      |                 ^~~~~~~~~~~
In file included from /usr/local/mxe/usr/x86_64-w64-mingw32.static/include/winbase.h:29,
                 from /usr/local/mxe/usr/x86_64-w64-mingw32.static/include/windows.h:70,
                 from /usr/local/mxe/usr/x86_64-w64-mingw32.static/include/winsock2.h:23,
                 from /xemu/include/system/os-win32.h:29,
                 from /xemu/include/qemu/osdep.h:178,
                 from ../hw/ide/piix.c:30:
/usr/local/mxe/usr/x86_64-w64-mingw32.static/include/processthreadsapi.h:323:28: note: previous declaration of 'TlsGetValue' with type 'void *(DWORD)' {aka 'void *(long unsigned int)'}
  323 |   WINBASEAPI LPVOID WINAPI TlsGetValue (DWORD dwTlsIndex);
      |                            ^~~~~~~~~~~
/xemu/include/hw/core/cpu.h:647:17: warning: 'TlsGetValue' redeclared without dllimport attribute: previous dllimport ignored [-Wattributes]
  647 | void *__stdcall TlsGetValue(unsigned long);
      |                 ^~~~~~~~~~~
/xemu/include/hw/core/cpu.h:648:15: warning: redundant redeclaration of 'TlsSetValue' [-Wredundant-decls]
  648 | int __stdcall TlsSetValue(unsigned long, void *);
      |               ^~~~~~~~~~~
/usr/local/mxe/usr/x86_64-w64-mingw32.static/include/processthreadsapi.h:324:29: note: previous declaration of 'TlsSetValue' with type 'WINBOOL(DWORD,  void *)' {aka 'int(long unsigned int,  void *)'}
  324 |   WINBASEAPI WINBOOL WINAPI TlsSetValue (DWORD dwTlsIndex, LPVOID lpTlsValue);
      |                             ^~~~~~~~~~~
/xemu/include/hw/core/cpu.h:648:15: warning: 'TlsSetValue' redeclared without dllimport attribute: previous dllimport ignored [-Wattributes]
  648 | int __stdcall TlsSetValue(unsigned long, void *);
      |               ^~~~~~~~~~~
[256/663] Compiling C object libsystem.a.p/hw_intc_i8259_common.c.obj
In file included from /xemu/include/exec/cpu-common.h:13,
                 from /xemu/include/system/memory.h:17,
                 from /xemu/include/hw/isa/isa.h:6,
                 from /xemu/include/hw/isa/i8259_internal.h:28,
                 from ../hw/intc/i8259_common.c:28:
/xemu/include/hw/core/cpu.h:647:17: warning: redundant redeclaration of 'TlsGetValue' [-Wredundant-decls]
  647 | void *__stdcall TlsGetValue(unsigned long);
      |                 ^~~~~~~~~~~
In file included from /usr/local/mxe/usr/x86_64-w64-mingw32.static/include/winbase.h:29,
                 from /usr/local/mxe/usr/x86_64-w64-mingw32.static/include/windows.h:70,
                 from /usr/local/mxe/usr/x86_64-w64-mingw32.static/include/winsock2.h:23,
                 from /xemu/include/system/os-win32.h:29,
                 from /xemu/include/qemu/osdep.h:178,
                 from ../hw/intc/i8259_common.c:26:
/usr/local/mxe/usr/x86_64-w64-mingw32.static/include/processthreadsapi.h:323:28: note: previous declaration of 'TlsGetValue' with type 'void *(DWORD)' {aka 'void *(long unsigned int)'}
  323 |   WINBASEAPI LPVOID WINAPI TlsGetValue (DWORD dwTlsIndex);
      |                            ^~~~~~~~~~~
/xemu/include/hw/core/cpu.h:647:17: warning: 'TlsGetValue' redeclared without dllimport attribute: previous dllimport ignored [-Wattributes]
  647 | void *__stdcall TlsGetValue(unsigned long);
      |                 ^~~~~~~~~~~
/xemu/include/hw/core/cpu.h:648:15: warning: redundant redeclaration of 'TlsSetValue' [-Wredundant-decls]
  648 | int __stdcall TlsSetValue(unsigned long, void *);
      |               ^~~~~~~~~~~
/usr/local/mxe/usr/x86_64-w64-mingw32.static/include/processthreadsapi.h:324:29: note: previous declaration of 'TlsSetValue' with type 'WINBOOL(DWORD,  void *)' {aka 'int(long unsigned int,  void *)'}
  324 |   WINBASEAPI WINBOOL WINAPI TlsSetValue (DWORD dwTlsIndex, LPVOID lpTlsValue);
      |                             ^~~~~~~~~~~
/xemu/include/hw/core/cpu.h:648:15: warning: 'TlsSetValue' redeclared without dllimport attribute: previous dllimport ignored [-Wattributes]
  648 | int __stdcall TlsSetValue(unsigned long, void *);
      |               ^~~~~~~~~~~
[257/663] Compiling C object libsystem.a.p/hw_ide_pci.c.obj
In file included from /xemu/include/exec/cpu-common.h:13,
                 from /xemu/include/system/memory.h:17,
                 from /xemu/include/hw/pci/pci.h:4,
                 from ../hw/ide/pci.c:28:
/xemu/include/hw/core/cpu.h:647:17: warning: redundant redeclaration of 'TlsGetValue' [-Wredundant-decls]
  647 | void *__stdcall TlsGetValue(unsigned long);
      |                 ^~~~~~~~~~~
In file included from /usr/local/mxe/usr/x86_64-w64-mingw32.static/include/winbase.h:29,
                 from /usr/local/mxe/usr/x86_64-w64-mingw32.static/include/windows.h:70,
                 from /usr/local/mxe/usr/x86_64-w64-mingw32.static/include/winsock2.h:23,
                 from /xemu/include/system/os-win32.h:29,
                 from /xemu/include/qemu/osdep.h:178,
                 from ../hw/ide/pci.c:26:
/usr/local/mxe/usr/x86_64-w64-mingw32.static/include/processthreadsapi.h:323:28: note: previous declaration of 'TlsGetValue' with type 'void *(DWORD)' {aka 'void *(long unsigned int)'}
  323 |   WINBASEAPI LPVOID WINAPI TlsGetValue (DWORD dwTlsIndex);
      |                            ^~~~~~~~~~~
/xemu/include/hw/core/cpu.h:647:17: warning: 'TlsGetValue' redeclared without dllimport attribute: previous dllimport ignored [-Wattributes]
  647 | void *__stdcall TlsGetValue(unsigned long);
      |                 ^~~~~~~~~~~
/xemu/include/hw/core/cpu.h:648:15: warning: redundant redeclaration of 'TlsSetValue' [-Wredundant-decls]
  648 | int __stdcall TlsSetValue(unsigned long, void *);
      |               ^~~~~~~~~~~
/usr/local/mxe/usr/x86_64-w64-mingw32.static/include/processthreadsapi.h:324:29: note: previous declaration of 'TlsSetValue' with type 'WINBOOL(DWORD,  void *)' {aka 'int(long unsigned int,  void *)'}
  324 |   WINBASEAPI WINBOOL WINAPI TlsSetValue (DWORD dwTlsIndex, LPVOID lpTlsValue);
      |                             ^~~~~~~~~~~
/xemu/include/hw/core/cpu.h:648:15: warning: 'TlsSetValue' redeclared without dllimport attribute: previous dllimport ignored [-Wattributes]
  648 | int __stdcall TlsSetValue(unsigned long, void *);
      |               ^~~~~~~~~~~
[258/663] Compiling C object libsystem.a.p/hw_intc_kvm_irqcount.c.obj
[259/663] Compiling C object libsystem.a.p/hw_input_pckbd.c.obj
In file included from /xemu/include/exec/cpu-common.h:13,
                 from /xemu/include/system/memory.h:17,
                 from /xemu/include/hw/isa/isa.h:6,
                 from ../hw/input/pckbd.c:30:
/xemu/include/hw/core/cpu.h:647:17: warning: redundant redeclaration of 'TlsGetValue' [-Wredundant-decls]
  647 | void *__stdcall TlsGetValue(unsigned long);
      |                 ^~~~~~~~~~~
In file included from /usr/local/mxe/usr/x86_64-w64-mingw32.static/include/winbase.h:29,
                 from /usr/local/mxe/usr/x86_64-w64-mingw32.static/include/windows.h:70,
                 from /usr/local/mxe/usr/x86_64-w64-mingw32.static/include/winsock2.h:23,
                 from /xemu/include/system/os-win32.h:29,
                 from /xemu/include/qemu/osdep.h:178,
                 from ../hw/input/pckbd.c:25:
/usr/local/mxe/usr/x86_64-w64-mingw32.static/include/processthreadsapi.h:323:28: note: previous declaration of 'TlsGetValue' with type 'void *(DWORD)' {aka 'void *(long unsigned int)'}
  323 |   WINBASEAPI LPVOID WINAPI TlsGetValue (DWORD dwTlsIndex);
      |                            ^~~~~~~~~~~
/xemu/include/hw/core/cpu.h:647:17: warning: 'TlsGetValue' redeclared without dllimport attribute: previous dllimport ignored [-Wattributes]
  647 | void *__stdcall TlsGetValue(unsigned long);
      |                 ^~~~~~~~~~~
/xemu/include/hw/core/cpu.h:648:15: warning: redundant redeclaration of 'TlsSetValue' [-Wredundant-decls]
  648 | int __stdcall TlsSetValue(unsigned long, void *);
      |               ^~~~~~~~~~~
/usr/local/mxe/usr/x86_64-w64-mingw32.static/include/processthreadsapi.h:324:29: note: previous declaration of 'TlsSetValue' with type 'WINBOOL(DWORD,  void *)' {aka 'int(long unsigned int,  void *)'}
  324 |   WINBASEAPI WINBOOL WINAPI TlsSetValue (DWORD dwTlsIndex, LPVOID lpTlsValue);
      |                             ^~~~~~~~~~~
/xemu/include/hw/core/cpu.h:648:15: warning: 'TlsSetValue' redeclared without dllimport attribute: previous dllimport ignored [-Wattributes]
  648 | int __stdcall TlsSetValue(unsigned long, void *);
      |               ^~~~~~~~~~~
[260/663] Compiling C object libsystem.a.p/hw_input_hid.c.obj
[261/663] Compiling C object libsystem.a.p/hw_mem_cxl_type3_stubs.c.obj
[262/663] Compiling C object libsystem.a.p/hw_isa_apm.c.obj
In file included from /xemu/include/exec/cpu-common.h:13,
                 from /xemu/include/system/memory.h:17,
                 from /xemu/include/hw/isa/apm.h:4,
                 from ../hw/isa/apm.c:24:
/xemu/include/hw/core/cpu.h:647:17: warning: redundant redeclaration of 'TlsGetValue' [-Wredundant-decls]
  647 | void *__stdcall TlsGetValue(unsigned long);
      |                 ^~~~~~~~~~~
In file included from /usr/local/mxe/usr/x86_64-w64-mingw32.static/include/winbase.h:29,
                 from /usr/local/mxe/usr/x86_64-w64-mingw32.static/include/windows.h:70,
                 from /usr/local/mxe/usr/x86_64-w64-mingw32.static/include/winsock2.h:23,
                 from /xemu/include/system/os-win32.h:29,
                 from /xemu/include/qemu/osdep.h:178,
                 from ../hw/isa/apm.c:23:
/usr/local/mxe/usr/x86_64-w64-mingw32.static/include/processthreadsapi.h:323:28: note: previous declaration of 'TlsGetValue' with type 'void *(DWORD)' {aka 'void *(long unsigned int)'}
  323 |   WINBASEAPI LPVOID WINAPI TlsGetValue (DWORD dwTlsIndex);
      |                            ^~~~~~~~~~~
/xemu/include/hw/core/cpu.h:647:17: warning: 'TlsGetValue' redeclared without dllimport attribute: previous dllimport ignored [-Wattributes]
  647 | void *__stdcall TlsGetValue(unsigned long);
      |                 ^~~~~~~~~~~
/xemu/include/hw/core/cpu.h:648:15: warning: redundant redeclaration of 'TlsSetValue' [-Wredundant-decls]
  648 | int __stdcall TlsSetValue(unsigned long, void *);
      |               ^~~~~~~~~~~
/usr/local/mxe/usr/x86_64-w64-mingw32.static/include/processthreadsapi.h:324:29: note: previous declaration of 'TlsSetValue' with type 'WINBOOL(DWORD,  void *)' {aka 'int(long unsigned int,  void *)'}
  324 |   WINBASEAPI WINBOOL WINAPI TlsSetValue (DWORD dwTlsIndex, LPVOID lpTlsValue);
      |                             ^~~~~~~~~~~
/xemu/include/hw/core/cpu.h:648:15: warning: 'TlsSetValue' redeclared without dllimport attribute: previous dllimport ignored [-Wattributes]
  648 | int __stdcall TlsSetValue(unsigned long, void *);
      |               ^~~~~~~~~~~
[263/663] Compiling C object libsystem.a.p/hw_intc_ioapic_common.c.obj
In file included from /xemu/include/exec/cpu-common.h:13,
                 from /xemu/include/system/memory.h:17,
                 from /xemu/hw/intc/ioapic_internal.h:25,
                 from ../hw/intc/ioapic_common.c:28:
/xemu/include/hw/core/cpu.h:647:17: warning: redundant redeclaration of 'TlsGetValue' [-Wredundant-decls]
  647 | void *__stdcall TlsGetValue(unsigned long);
      |                 ^~~~~~~~~~~
In file included from /usr/local/mxe/usr/x86_64-w64-mingw32.static/include/winbase.h:29,
                 from /usr/local/mxe/usr/x86_64-w64-mingw32.static/include/windows.h:70,
                 from /usr/local/mxe/usr/x86_64-w64-mingw32.static/include/winsock2.h:23,
                 from /xemu/include/system/os-win32.h:29,
                 from /xemu/include/qemu/osdep.h:178,
                 from ../hw/intc/ioapic_common.c:22:
/usr/local/mxe/usr/x86_64-w64-mingw32.static/include/processthreadsapi.h:323:28: note: previous declaration of 'TlsGetValue' with type 'void *(DWORD)' {aka 'void *(long unsigned int)'}
  323 |   WINBASEAPI LPVOID WINAPI TlsGetValue (DWORD dwTlsIndex);
      |                            ^~~~~~~~~~~
/xemu/include/hw/core/cpu.h:647:17: warning: 'TlsGetValue' redeclared without dllimport attribute: previous dllimport ignored [-Wattributes]
  647 | void *__stdcall TlsGetValue(unsigned long);
      |                 ^~~~~~~~~~~
/xemu/include/hw/core/cpu.h:648:15: warning: redundant redeclaration of 'TlsSetValue' [-Wredundant-decls]
  648 | int __stdcall TlsSetValue(unsigned long, void *);
      |               ^~~~~~~~~~~
/usr/local/mxe/usr/x86_64-w64-mingw32.static/include/processthreadsapi.h:324:29: note: previous declaration of 'TlsSetValue' with type 'WINBOOL(DWORD,  void *)' {aka 'int(long unsigned int,  void *)'}
  324 |   WINBASEAPI WINBOOL WINAPI TlsSetValue (DWORD dwTlsIndex, LPVOID lpTlsValue);
      |                             ^~~~~~~~~~~
/xemu/include/hw/core/cpu.h:648:15: warning: 'TlsSetValue' redeclared without dllimport attribute: previous dllimport ignored [-Wattributes]
  648 | int __stdcall TlsSetValue(unsigned long, void *);
      |               ^~~~~~~~~~~
[264/663] Compiling C object libsystem.a.p/hw_isa_isa-bus.c.obj
In file included from /xemu/include/exec/cpu-common.h:13,
                 from /xemu/include/system/memory.h:17,
                 from /xemu/include/hw/sysbus.h:7,
                 from ../hw/isa/isa-bus.c:24:
/xemu/include/hw/core/cpu.h:647:17: warning: redundant redeclaration of 'TlsGetValue' [-Wredundant-decls]
  647 | void *__stdcall TlsGetValue(unsigned long);
      |                 ^~~~~~~~~~~
In file included from /usr/local/mxe/usr/x86_64-w64-mingw32.static/include/winbase.h:29,
                 from /usr/local/mxe/usr/x86_64-w64-mingw32.static/include/windows.h:70,
                 from /usr/local/mxe/usr/x86_64-w64-mingw32.static/include/winsock2.h:23,
                 from /xemu/include/system/os-win32.h:29,
                 from /xemu/include/qemu/osdep.h:178,
                 from ../hw/isa/isa-bus.c:20:
/usr/local/mxe/usr/x86_64-w64-mingw32.static/include/processthreadsapi.h:323:28: note: previous declaration of 'TlsGetValue' with type 'void *(DWORD)' {aka 'void *(long unsigned int)'}
  323 |   WINBASEAPI LPVOID WINAPI TlsGetValue (DWORD dwTlsIndex);
      |                            ^~~~~~~~~~~
/xemu/include/hw/core/cpu.h:647:17: warning: 'TlsGetValue' redeclared without dllimport attribute: previous dllimport ignored [-Wattributes]
  647 | void *__stdcall TlsGetValue(unsigned long);
      |                 ^~~~~~~~~~~
/xemu/include/hw/core/cpu.h:648:15: warning: redundant redeclaration of 'TlsSetValue' [-Wredundant-decls]
  648 | int __stdcall TlsSetValue(unsigned long, void *);
      |               ^~~~~~~~~~~
/usr/local/mxe/usr/x86_64-w64-mingw32.static/include/processthreadsapi.h:324:29: note: previous declaration of 'TlsSetValue' with type 'WINBOOL(DWORD,  void *)' {aka 'int(long unsigned int,  void *)'}
  324 |   WINBASEAPI WINBOOL WINAPI TlsSetValue (DWORD dwTlsIndex, LPVOID lpTlsValue);
      |                             ^~~~~~~~~~~
/xemu/include/hw/core/cpu.h:648:15: warning: 'TlsSetValue' redeclared without dllimport attribute: previous dllimport ignored [-Wattributes]
  648 | int __stdcall TlsSetValue(unsigned long, void *);
      |               ^~~~~~~~~~~
[265/663] Compiling C object libsystem.a.p/hw_ide_atapi.c.obj
In file included from /xemu/include/exec/cpu-common.h:13,
                 from /xemu/include/system/memory.h:17,
                 from /xemu/include/system/ioport.h:27,
                 from /xemu/include/hw/ide/ide-bus.h:4,
                 from ../hw/ide/ide-internal.h:10,
                 from ../hw/ide/atapi.c:31:
/xemu/include/hw/core/cpu.h:647:17: warning: redundant redeclaration of 'TlsGetValue' [-Wredundant-decls]
  647 | void *__stdcall TlsGetValue(unsigned long);
      |                 ^~~~~~~~~~~
In file included from /usr/local/mxe/usr/x86_64-w64-mingw32.static/include/winbase.h:29,
                 from /usr/local/mxe/usr/x86_64-w64-mingw32.static/include/windows.h:70,
                 from /usr/local/mxe/usr/x86_64-w64-mingw32.static/include/winsock2.h:23,
                 from /xemu/include/system/os-win32.h:29,
                 from /xemu/include/qemu/osdep.h:178,
                 from ../hw/ide/atapi.c:26:
/usr/local/mxe/usr/x86_64-w64-mingw32.static/include/processthreadsapi.h:323:28: note: previous declaration of 'TlsGetValue' with type 'void *(DWORD)' {aka 'void *(long unsigned int)'}
  323 |   WINBASEAPI LPVOID WINAPI TlsGetValue (DWORD dwTlsIndex);
      |                            ^~~~~~~~~~~
/xemu/include/hw/core/cpu.h:647:17: warning: 'TlsGetValue' redeclared without dllimport attribute: previous dllimport ignored [-Wattributes]
  647 | void *__stdcall TlsGetValue(unsigned long);
      |                 ^~~~~~~~~~~
/xemu/include/hw/core/cpu.h:648:15: warning: redundant redeclaration of 'TlsSetValue' [-Wredundant-decls]
  648 | int __stdcall TlsSetValue(unsigned long, void *);
      |               ^~~~~~~~~~~
/usr/local/mxe/usr/x86_64-w64-mingw32.static/include/processthreadsapi.h:324:29: note: previous declaration of 'TlsSetValue' with type 'WINBOOL(DWORD,  void *)' {aka 'int(long unsigned int,  void *)'}
  324 |   WINBASEAPI WINBOOL WINAPI TlsSetValue (DWORD dwTlsIndex, LPVOID lpTlsValue);
      |                             ^~~~~~~~~~~
/xemu/include/hw/core/cpu.h:648:15: warning: 'TlsSetValue' redeclared without dllimport attribute: previous dllimport ignored [-Wattributes]
  648 | int __stdcall TlsSetValue(unsigned long, void *);
      |               ^~~~~~~~~~~
[266/663] Compiling C object libsystem.a.p/hw_display_vga.c.obj
In file included from /xemu/include/exec/cpu-common.h:13,
                 from /xemu/include/system/memory.h:17,
                 from /xemu/include/hw/i386/x86.h:21,
                 from ../hw/display/vga.c:31:
/xemu/include/hw/core/cpu.h:647:17: warning: redundant redeclaration of 'TlsGetValue' [-Wredundant-decls]
  647 | void *__stdcall TlsGetValue(unsigned long);
      |                 ^~~~~~~~~~~
In file included from /usr/local/mxe/usr/x86_64-w64-mingw32.static/include/winbase.h:29,
                 from /usr/local/mxe/usr/x86_64-w64-mingw32.static/include/windows.h:70,
                 from /usr/local/mxe/usr/x86_64-w64-mingw32.static/include/winsock2.h:23,
                 from /xemu/include/system/os-win32.h:29,
                 from /xemu/include/qemu/osdep.h:178,
                 from ../hw/display/vga.c:25:
/usr/local/mxe/usr/x86_64-w64-mingw32.static/include/processthreadsapi.h:323:28: note: previous declaration of 'TlsGetValue' with type 'void *(DWORD)' {aka 'void *(long unsigned int)'}
  323 |   WINBASEAPI LPVOID WINAPI TlsGetValue (DWORD dwTlsIndex);
      |                            ^~~~~~~~~~~
/xemu/include/hw/core/cpu.h:647:17: warning: 'TlsGetValue' redeclared without dllimport attribute: previous dllimport ignored [-Wattributes]
  647 | void *__stdcall TlsGetValue(unsigned long);
      |                 ^~~~~~~~~~~
/xemu/include/hw/core/cpu.h:648:15: warning: redundant redeclaration of 'TlsSetValue' [-Wredundant-decls]
  648 | int __stdcall TlsSetValue(unsigned long, void *);
      |               ^~~~~~~~~~~
/usr/local/mxe/usr/x86_64-w64-mingw32.static/include/processthreadsapi.h:324:29: note: previous declaration of 'TlsSetValue' with type 'WINBOOL(DWORD,  void *)' {aka 'int(long unsigned int,  void *)'}
  324 |   WINBASEAPI WINBOOL WINAPI TlsSetValue (DWORD dwTlsIndex, LPVOID lpTlsValue);
      |                             ^~~~~~~~~~~
/xemu/include/hw/core/cpu.h:648:15: warning: 'TlsSetValue' redeclared without dllimport attribute: previous dllimport ignored [-Wattributes]
  648 | int __stdcall TlsSetValue(unsigned long, void *);
      |               ^~~~~~~~~~~
[267/663] Compiling C object libsystem.a.p/hw_intc_i8259.c.obj
In file included from /xemu/include/exec/cpu-common.h:13,
                 from /xemu/include/system/memory.h:17,
                 from /xemu/include/hw/isa/isa.h:6,
                 from ../hw/intc/i8259.c:28:
/xemu/include/hw/core/cpu.h:647:17: warning: redundant redeclaration of 'TlsGetValue' [-Wredundant-decls]
  647 | void *__stdcall TlsGetValue(unsigned long);
      |                 ^~~~~~~~~~~
In file included from /usr/local/mxe/usr/x86_64-w64-mingw32.static/include/winbase.h:29,
                 from /usr/local/mxe/usr/x86_64-w64-mingw32.static/include/windows.h:70,
                 from /usr/local/mxe/usr/x86_64-w64-mingw32.static/include/winsock2.h:23,
                 from /xemu/include/system/os-win32.h:29,
                 from /xemu/include/qemu/osdep.h:178,
                 from ../hw/intc/i8259.c:25:
/usr/local/mxe/usr/x86_64-w64-mingw32.static/include/processthreadsapi.h:323:28: note: previous declaration of 'TlsGetValue' with type 'void *(DWORD)' {aka 'void *(long unsigned int)'}
  323 |   WINBASEAPI LPVOID WINAPI TlsGetValue (DWORD dwTlsIndex);
      |                            ^~~~~~~~~~~
/xemu/include/hw/core/cpu.h:647:17: warning: 'TlsGetValue' redeclared without dllimport attribute: previous dllimport ignored [-Wattributes]
  647 | void *__stdcall TlsGetValue(unsigned long);
      |                 ^~~~~~~~~~~
/xemu/include/hw/core/cpu.h:648:15: warning: redundant redeclaration of 'TlsSetValue' [-Wredundant-decls]
  648 | int __stdcall TlsSetValue(unsigned long, void *);
      |               ^~~~~~~~~~~
/usr/local/mxe/usr/x86_64-w64-mingw32.static/include/processthreadsapi.h:324:29: note: previous declaration of 'TlsSetValue' with type 'WINBOOL(DWORD,  void *)' {aka 'int(long unsigned int,  void *)'}
  324 |   WINBASEAPI WINBOOL WINAPI TlsSetValue (DWORD dwTlsIndex, LPVOID lpTlsValue);
      |                             ^~~~~~~~~~~
/xemu/include/hw/core/cpu.h:648:15: warning: 'TlsSetValue' redeclared without dllimport attribute: previous dllimport ignored [-Wattributes]
  648 | int __stdcall TlsSetValue(unsigned long, void *);
      |               ^~~~~~~~~~~
[268/663] Compiling C object libsystem.a.p/hw_net_rocker_qmp-norocker.c.obj
[269/663] Compiling C object libsystem.a.p/hw_input_ps2.c.obj
In file included from /xemu/include/exec/cpu-common.h:13,
                 from /xemu/include/system/memory.h:17,
                 from /xemu/include/hw/sysbus.h:7,
                 from ../hw/input/ps2.c:28:
/xemu/include/hw/core/cpu.h:647:17: warning: redundant redeclaration of 'TlsGetValue' [-Wredundant-decls]
  647 | void *__stdcall TlsGetValue(unsigned long);
      |                 ^~~~~~~~~~~
In file included from /usr/local/mxe/usr/x86_64-w64-mingw32.static/include/winbase.h:29,
                 from /usr/local/mxe/usr/x86_64-w64-mingw32.static/include/windows.h:70,
                 from /usr/local/mxe/usr/x86_64-w64-mingw32.static/include/winsock2.h:23,
                 from /xemu/include/system/os-win32.h:29,
                 from /xemu/include/qemu/osdep.h:178,
                 from ../hw/input/ps2.c:25:
/usr/local/mxe/usr/x86_64-w64-mingw32.static/include/processthreadsapi.h:323:28: note: previous declaration of 'TlsGetValue' with type 'void *(DWORD)' {aka 'void *(long unsigned int)'}
  323 |   WINBASEAPI LPVOID WINAPI TlsGetValue (DWORD dwTlsIndex);
      |                            ^~~~~~~~~~~
/xemu/include/hw/core/cpu.h:647:17: warning: 'TlsGetValue' redeclared without dllimport attribute: previous dllimport ignored [-Wattributes]
  647 | void *__stdcall TlsGetValue(unsigned long);
      |                 ^~~~~~~~~~~
/xemu/include/hw/core/cpu.h:648:15: warning: redundant redeclaration of 'TlsSetValue' [-Wredundant-decls]
  648 | int __stdcall TlsSetValue(unsigned long, void *);
      |               ^~~~~~~~~~~
/usr/local/mxe/usr/x86_64-w64-mingw32.static/include/processthreadsapi.h:324:29: note: previous declaration of 'TlsSetValue' with type 'WINBOOL(DWORD,  void *)' {aka 'int(long unsigned int,  void *)'}
  324 |   WINBASEAPI WINBOOL WINAPI TlsSetValue (DWORD dwTlsIndex, LPVOID lpTlsValue);
      |                             ^~~~~~~~~~~
/xemu/include/hw/core/cpu.h:648:15: warning: 'TlsSetValue' redeclared without dllimport attribute: previous dllimport ignored [-Wattributes]
  648 | int __stdcall TlsSetValue(unsigned long, void *);
      |               ^~~~~~~~~~~
[270/663] Compiling C object libsystem.a.p/hw_net_vhost_net-stub.c.obj
In file included from /xemu/include/exec/cpu-common.h:13,
                 from /xemu/include/system/memory.h:17,
                 from /xemu/include/hw/virtio/virtio.h:17,
                 from /xemu/include/hw/virtio/virtio-net.h:19,
                 from ../hw/net/vhost_net-stub.c:17:
/xemu/include/hw/core/cpu.h:647:17: warning: redundant redeclaration of 'TlsGetValue' [-Wredundant-decls]
  647 | void *__stdcall TlsGetValue(unsigned long);
      |                 ^~~~~~~~~~~
In file included from /usr/local/mxe/usr/x86_64-w64-mingw32.static/include/winbase.h:29,
                 from /usr/local/mxe/usr/x86_64-w64-mingw32.static/include/windows.h:70,
                 from /usr/local/mxe/usr/x86_64-w64-mingw32.static/include/winsock2.h:23,
                 from /xemu/include/system/os-win32.h:29,
                 from /xemu/include/qemu/osdep.h:178,
                 from ../hw/net/vhost_net-stub.c:13:
/usr/local/mxe/usr/x86_64-w64-mingw32.static/include/processthreadsapi.h:323:28: note: previous declaration of 'TlsGetValue' with type 'void *(DWORD)' {aka 'void *(long unsigned int)'}
  323 |   WINBASEAPI LPVOID WINAPI TlsGetValue (DWORD dwTlsIndex);
      |                            ^~~~~~~~~~~
/xemu/include/hw/core/cpu.h:647:17: warning: 'TlsGetValue' redeclared without dllimport attribute: previous dllimport ignored [-Wattributes]
  647 | void *__stdcall TlsGetValue(unsigned long);
      |                 ^~~~~~~~~~~
/xemu/include/hw/core/cpu.h:648:15: warning: redundant redeclaration of 'TlsSetValue' [-Wredundant-decls]
  648 | int __stdcall TlsSetValue(unsigned long, void *);
      |               ^~~~~~~~~~~
/usr/local/mxe/usr/x86_64-w64-mingw32.static/include/processthreadsapi.h:324:29: note: previous declaration of 'TlsSetValue' with type 'WINBOOL(DWORD,  void *)' {aka 'int(long unsigned int,  void *)'}
  324 |   WINBASEAPI WINBOOL WINAPI TlsSetValue (DWORD dwTlsIndex, LPVOID lpTlsValue);
      |                             ^~~~~~~~~~~
/xemu/include/hw/core/cpu.h:648:15: warning: 'TlsSetValue' redeclared without dllimport attribute: previous dllimport ignored [-Wattributes]
  648 | int __stdcall TlsSetValue(unsigned long, void *);
      |               ^~~~~~~~~~~
[271/663] Compiling C object libsystem.a.p/hw_mem_memory-device.c.obj
In file included from /xemu/include/exec/cpu-common.h:13,
                 from /xemu/include/system/memory.h:17,
                 from /xemu/include/hw/boards.h:6,
                 from ../hw/mem/memory-device.c:16:
/xemu/include/hw/core/cpu.h:647:17: warning: redundant redeclaration of 'TlsGetValue' [-Wredundant-decls]
  647 | void *__stdcall TlsGetValue(unsigned long);
      |                 ^~~~~~~~~~~
In file included from /usr/local/mxe/usr/x86_64-w64-mingw32.static/include/winbase.h:29,
                 from /usr/local/mxe/usr/x86_64-w64-mingw32.static/include/windows.h:70,
                 from /usr/local/mxe/usr/x86_64-w64-mingw32.static/include/winsock2.h:23,
                 from /xemu/include/system/os-win32.h:29,
                 from /xemu/include/qemu/osdep.h:178,
                 from ../hw/mem/memory-device.c:12:
/usr/local/mxe/usr/x86_64-w64-mingw32.static/include/processthreadsapi.h:323:28: note: previous declaration of 'TlsGetValue' with type 'void *(DWORD)' {aka 'void *(long unsigned int)'}
  323 |   WINBASEAPI LPVOID WINAPI TlsGetValue (DWORD dwTlsIndex);
      |                            ^~~~~~~~~~~
/xemu/include/hw/core/cpu.h:647:17: warning: 'TlsGetValue' redeclared without dllimport attribute: previous dllimport ignored [-Wattributes]
  647 | void *__stdcall TlsGetValue(unsigned long);
      |                 ^~~~~~~~~~~
/xemu/include/hw/core/cpu.h:648:15: warning: redundant redeclaration of 'TlsSetValue' [-Wredundant-decls]
  648 | int __stdcall TlsSetValue(unsigned long, void *);
      |               ^~~~~~~~~~~
/usr/local/mxe/usr/x86_64-w64-mingw32.static/include/processthreadsapi.h:324:29: note: previous declaration of 'TlsSetValue' with type 'WINBOOL(DWORD,  void *)' {aka 'int(long unsigned int,  void *)'}
  324 |   WINBASEAPI WINBOOL WINAPI TlsSetValue (DWORD dwTlsIndex, LPVOID lpTlsValue);
      |                             ^~~~~~~~~~~
/xemu/include/hw/core/cpu.h:648:15: warning: 'TlsSetValue' redeclared without dllimport attribute: previous dllimport ignored [-Wattributes]
  648 | int __stdcall TlsSetValue(unsigned long, void *);
      |               ^~~~~~~~~~~
[272/663] Compiling C object libsystem.a.p/hw_misc_pci-testdev.c.obj
In file included from /xemu/include/exec/cpu-common.h:13,
                 from /xemu/include/system/memory.h:17,
                 from /xemu/include/hw/pci/pci.h:4,
                 from /xemu/include/hw/pci/pci_device.h:4,
                 from ../hw/misc/pci-testdev.c:22:
/xemu/include/hw/core/cpu.h:647:17: warning: redundant redeclaration of 'TlsGetValue' [-Wredundant-decls]
  647 | void *__stdcall TlsGetValue(unsigned long);
      |                 ^~~~~~~~~~~
In file included from /usr/local/mxe/usr/x86_64-w64-mingw32.static/include/winbase.h:29,
                 from /usr/local/mxe/usr/x86_64-w64-mingw32.static/include/windows.h:70,
                 from /usr/local/mxe/usr/x86_64-w64-mingw32.static/include/winsock2.h:23,
                 from /xemu/include/system/os-win32.h:29,
                 from /xemu/include/qemu/osdep.h:178,
                 from ../hw/misc/pci-testdev.c:21:
/usr/local/mxe/usr/x86_64-w64-mingw32.static/include/processthreadsapi.h:323:28: note: previous declaration of 'TlsGetValue' with type 'void *(DWORD)' {aka 'void *(long unsigned int)'}
  323 |   WINBASEAPI LPVOID WINAPI TlsGetValue (DWORD dwTlsIndex);
      |                            ^~~~~~~~~~~
/xemu/include/hw/core/cpu.h:647:17: warning: 'TlsGetValue' redeclared without dllimport attribute: previous dllimport ignored [-Wattributes]
  647 | void *__stdcall TlsGetValue(unsigned long);
      |                 ^~~~~~~~~~~
/xemu/include/hw/core/cpu.h:648:15: warning: redundant redeclaration of 'TlsSetValue' [-Wredundant-decls]
  648 | int __stdcall TlsSetValue(unsigned long, void *);
      |               ^~~~~~~~~~~
/usr/local/mxe/usr/x86_64-w64-mingw32.static/include/processthreadsapi.h:324:29: note: previous declaration of 'TlsSetValue' with type 'WINBOOL(DWORD,  void *)' {aka 'int(long unsigned int,  void *)'}
  324 |   WINBASEAPI WINBOOL WINAPI TlsSetValue (DWORD dwTlsIndex, LPVOID lpTlsValue);
      |                             ^~~~~~~~~~~
/xemu/include/hw/core/cpu.h:648:15: warning: 'TlsSetValue' redeclared without dllimport attribute: previous dllimport ignored [-Wattributes]
  648 | int __stdcall TlsSetValue(unsigned long, void *);
      |               ^~~~~~~~~~~
[273/663] Compiling C object libsystem.a.p/hw_net_rocker_rocker-hmp-cmds.c.obj
[274/663] Compiling C object libsystem.a.p/hw_nvram_fw_cfg-interface.c.obj
In file included from /xemu/include/exec/cpu-common.h:13,
                 from /xemu/include/system/memory.h:17,
                 from /xemu/include/hw/sysbus.h:7,
                 from /xemu/include/hw/nvram/fw_cfg.h:6,
                 from ../hw/nvram/fw_cfg-interface.c:10:
/xemu/include/hw/core/cpu.h:647:17: warning: redundant redeclaration of 'TlsGetValue' [-Wredundant-decls]
  647 | void *__stdcall TlsGetValue(unsigned long);
      |                 ^~~~~~~~~~~
In file included from /usr/local/mxe/usr/x86_64-w64-mingw32.static/include/winbase.h:29,
                 from /usr/local/mxe/usr/x86_64-w64-mingw32.static/include/windows.h:70,
                 from /usr/local/mxe/usr/x86_64-w64-mingw32.static/include/winsock2.h:23,
                 from /xemu/include/system/os-win32.h:29,
                 from /xemu/include/qemu/osdep.h:178,
                 from ../hw/nvram/fw_cfg-interface.c:9:
/usr/local/mxe/usr/x86_64-w64-mingw32.static/include/processthreadsapi.h:323:28: note: previous declaration of 'TlsGetValue' with type 'void *(DWORD)' {aka 'void *(long unsigned int)'}
  323 |   WINBASEAPI LPVOID WINAPI TlsGetValue (DWORD dwTlsIndex);
      |                            ^~~~~~~~~~~
/xemu/include/hw/core/cpu.h:647:17: warning: 'TlsGetValue' redeclared without dllimport attribute: previous dllimport ignored [-Wattributes]
  647 | void *__stdcall TlsGetValue(unsigned long);
      |                 ^~~~~~~~~~~
/xemu/include/hw/core/cpu.h:648:15: warning: redundant redeclaration of 'TlsSetValue' [-Wredundant-decls]
  648 | int __stdcall TlsSetValue(unsigned long, void *);
      |               ^~~~~~~~~~~
/usr/local/mxe/usr/x86_64-w64-mingw32.static/include/processthreadsapi.h:324:29: note: previous declaration of 'TlsSetValue' with type 'WINBOOL(DWORD,  void *)' {aka 'int(long unsigned int,  void *)'}
  324 |   WINBASEAPI WINBOOL WINAPI TlsSetValue (DWORD dwTlsIndex, LPVOID lpTlsValue);
      |                             ^~~~~~~~~~~
/xemu/include/hw/core/cpu.h:648:15: warning: 'TlsSetValue' redeclared without dllimport attribute: previous dllimport ignored [-Wattributes]
  648 | int __stdcall TlsSetValue(unsigned long, void *);
      |               ^~~~~~~~~~~
[275/663] Compiling C object libsystem.a.p/hw_isa_piix.c.obj
In file included from /xemu/include/exec/cpu-common.h:13,
                 from /xemu/include/system/memory.h:17,
                 from /xemu/include/hw/isa/isa.h:6,
                 from /xemu/include/hw/dma/i8257.h:4,
                 from ../hw/isa/piix.c:29:
/xemu/include/hw/core/cpu.h:647:17: warning: redundant redeclaration of 'TlsGetValue' [-Wredundant-decls]
  647 | void *__stdcall TlsGetValue(unsigned long);
      |                 ^~~~~~~~~~~
In file included from /usr/local/mxe/usr/x86_64-w64-mingw32.static/include/winbase.h:29,
                 from /usr/local/mxe/usr/x86_64-w64-mingw32.static/include/windows.h:70,
                 from /usr/local/mxe/usr/x86_64-w64-mingw32.static/include/winsock2.h:23,
                 from /xemu/include/system/os-win32.h:29,
                 from /xemu/include/qemu/osdep.h:178,
                 from ../hw/isa/piix.c:26:
/usr/local/mxe/usr/x86_64-w64-mingw32.static/include/processthreadsapi.h:323:28: note: previous declaration of 'TlsGetValue' with type 'void *(DWORD)' {aka 'void *(long unsigned int)'}
  323 |   WINBASEAPI LPVOID WINAPI TlsGetValue (DWORD dwTlsIndex);
      |                            ^~~~~~~~~~~
/xemu/include/hw/core/cpu.h:647:17: warning: 'TlsGetValue' redeclared without dllimport attribute: previous dllimport ignored [-Wattributes]
  647 | void *__stdcall TlsGetValue(unsigned long);
      |                 ^~~~~~~~~~~
/xemu/include/hw/core/cpu.h:648:15: warning: redundant redeclaration of 'TlsSetValue' [-Wredundant-decls]
  648 | int __stdcall TlsSetValue(unsigned long, void *);
      |               ^~~~~~~~~~~
/usr/local/mxe/usr/x86_64-w64-mingw32.static/include/processthreadsapi.h:324:29: note: previous declaration of 'TlsSetValue' with type 'WINBOOL(DWORD,  void *)' {aka 'int(long unsigned int,  void *)'}
  324 |   WINBASEAPI WINBOOL WINAPI TlsSetValue (DWORD dwTlsIndex, LPVOID lpTlsValue);
      |                             ^~~~~~~~~~~
/xemu/include/hw/core/cpu.h:648:15: warning: 'TlsSetValue' redeclared without dllimport attribute: previous dllimport ignored [-Wattributes]
  648 | int __stdcall TlsSetValue(unsigned long, void *);
      |               ^~~~~~~~~~~
[276/663] Compiling C object libsystem.a.p/hw_mem_pc-dimm.c.obj
In file included from /xemu/include/exec/cpu-common.h:13,
                 from /xemu/include/system/memory.h:17,
                 from /xemu/include/hw/boards.h:6,
                 from ../hw/mem/pc-dimm.c:22:
/xemu/include/hw/core/cpu.h:647:17: warning: redundant redeclaration of 'TlsGetValue' [-Wredundant-decls]
  647 | void *__stdcall TlsGetValue(unsigned long);
      |                 ^~~~~~~~~~~
In file included from /usr/local/mxe/usr/x86_64-w64-mingw32.static/include/winbase.h:29,
                 from /usr/local/mxe/usr/x86_64-w64-mingw32.static/include/windows.h:70,
                 from /usr/local/mxe/usr/x86_64-w64-mingw32.static/include/winsock2.h:23,
                 from /xemu/include/system/os-win32.h:29,
                 from /xemu/include/qemu/osdep.h:178,
                 from ../hw/mem/pc-dimm.c:21:
/usr/local/mxe/usr/x86_64-w64-mingw32.static/include/processthreadsapi.h:323:28: note: previous declaration of 'TlsGetValue' with type 'void *(DWORD)' {aka 'void *(long unsigned int)'}
  323 |   WINBASEAPI LPVOID WINAPI TlsGetValue (DWORD dwTlsIndex);
      |                            ^~~~~~~~~~~
/xemu/include/hw/core/cpu.h:647:17: warning: 'TlsGetValue' redeclared without dllimport attribute: previous dllimport ignored [-Wattributes]
  647 | void *__stdcall TlsGetValue(unsigned long);
      |                 ^~~~~~~~~~~
/xemu/include/hw/core/cpu.h:648:15: warning: redundant redeclaration of 'TlsSetValue' [-Wredundant-decls]
  648 | int __stdcall TlsSetValue(unsigned long, void *);
      |               ^~~~~~~~~~~
/usr/local/mxe/usr/x86_64-w64-mingw32.static/include/processthreadsapi.h:324:29: note: previous declaration of 'TlsSetValue' with type 'WINBOOL(DWORD,  void *)' {aka 'int(long unsigned int,  void *)'}
  324 |   WINBASEAPI WINBOOL WINAPI TlsSetValue (DWORD dwTlsIndex, LPVOID lpTlsValue);
      |                             ^~~~~~~~~~~
/xemu/include/hw/core/cpu.h:648:15: warning: 'TlsSetValue' redeclared without dllimport attribute: previous dllimport ignored [-Wattributes]
  648 | int __stdcall TlsSetValue(unsigned long, void *);
      |               ^~~~~~~~~~~
[277/663] Compiling C object libsystem.a.p/hw_ide_core.c.obj
In file included from /xemu/include/exec/cpu-common.h:13,
                 from /xemu/include/system/memory.h:17,
                 from /xemu/include/hw/isa/isa.h:6,
                 from ../hw/ide/core.c:28:
/xemu/include/hw/core/cpu.h:647:17: warning: redundant redeclaration of 'TlsGetValue' [-Wredundant-decls]
  647 | void *__stdcall TlsGetValue(unsigned long);
      |                 ^~~~~~~~~~~
In file included from /usr/local/mxe/usr/x86_64-w64-mingw32.static/include/winbase.h:29,
                 from /usr/local/mxe/usr/x86_64-w64-mingw32.static/include/windows.h:70,
                 from /usr/local/mxe/usr/x86_64-w64-mingw32.static/include/winsock2.h:23,
                 from /xemu/include/system/os-win32.h:29,
                 from /xemu/include/qemu/osdep.h:178,
                 from ../hw/ide/core.c:26:
/usr/local/mxe/usr/x86_64-w64-mingw32.static/include/processthreadsapi.h:323:28: note: previous declaration of 'TlsGetValue' with type 'void *(DWORD)' {aka 'void *(long unsigned int)'}
  323 |   WINBASEAPI LPVOID WINAPI TlsGetValue (DWORD dwTlsIndex);
      |                            ^~~~~~~~~~~
/xemu/include/hw/core/cpu.h:647:17: warning: 'TlsGetValue' redeclared without dllimport attribute: previous dllimport ignored [-Wattributes]
  647 | void *__stdcall TlsGetValue(unsigned long);
      |                 ^~~~~~~~~~~
/xemu/include/hw/core/cpu.h:648:15: warning: redundant redeclaration of 'TlsSetValue' [-Wredundant-decls]
  648 | int __stdcall TlsSetValue(unsigned long, void *);
      |               ^~~~~~~~~~~
/usr/local/mxe/usr/x86_64-w64-mingw32.static/include/processthreadsapi.h:324:29: note: previous declaration of 'TlsSetValue' with type 'WINBOOL(DWORD,  void *)' {aka 'int(long unsigned int,  void *)'}
  324 |   WINBASEAPI WINBOOL WINAPI TlsSetValue (DWORD dwTlsIndex, LPVOID lpTlsValue);
      |                             ^~~~~~~~~~~
/xemu/include/hw/core/cpu.h:648:15: warning: 'TlsSetValue' redeclared without dllimport attribute: previous dllimport ignored [-Wattributes]
  648 | int __stdcall TlsSetValue(unsigned long, void *);
      |               ^~~~~~~~~~~
[278/663] Compiling C object libsystem.a.p/hw_pci_msi.c.obj
In file included from /xemu/include/exec/cpu-common.h:13,
                 from /xemu/include/system/memory.h:17,
                 from /xemu/include/hw/pci/pci.h:4,
                 from /xemu/include/hw/pci/pci_device.h:4,
                 from /xemu/include/hw/pci/msi.h:24,
                 from ../hw/pci/msi.c:22:
/xemu/include/hw/core/cpu.h:647:17: warning: redundant redeclaration of 'TlsGetValue' [-Wredundant-decls]
  647 | void *__stdcall TlsGetValue(unsigned long);
      |                 ^~~~~~~~~~~
In file included from /usr/local/mxe/usr/x86_64-w64-mingw32.static/include/winbase.h:29,
                 from /usr/local/mxe/usr/x86_64-w64-mingw32.static/include/windows.h:70,
                 from /usr/local/mxe/usr/x86_64-w64-mingw32.static/include/winsock2.h:23,
                 from /xemu/include/system/os-win32.h:29,
                 from /xemu/include/qemu/osdep.h:178,
                 from ../hw/pci/msi.c:21:
/usr/local/mxe/usr/x86_64-w64-mingw32.static/include/processthreadsapi.h:323:28: note: previous declaration of 'TlsGetValue' with type 'void *(DWORD)' {aka 'void *(long unsigned int)'}
  323 |   WINBASEAPI LPVOID WINAPI TlsGetValue (DWORD dwTlsIndex);
      |                            ^~~~~~~~~~~
/xemu/include/hw/core/cpu.h:647:17: warning: 'TlsGetValue' redeclared without dllimport attribute: previous dllimport ignored [-Wattributes]
  647 | void *__stdcall TlsGetValue(unsigned long);
      |                 ^~~~~~~~~~~
/xemu/include/hw/core/cpu.h:648:15: warning: redundant redeclaration of 'TlsSetValue' [-Wredundant-decls]
  648 | int __stdcall TlsSetValue(unsigned long, void *);
      |               ^~~~~~~~~~~
/usr/local/mxe/usr/x86_64-w64-mingw32.static/include/processthreadsapi.h:324:29: note: previous declaration of 'TlsSetValue' with type 'WINBOOL(DWORD,  void *)' {aka 'int(long unsigned int,  void *)'}
  324 |   WINBASEAPI WINBOOL WINAPI TlsSetValue (DWORD dwTlsIndex, LPVOID lpTlsValue);
      |                             ^~~~~~~~~~~
/xemu/include/hw/core/cpu.h:648:15: warning: 'TlsSetValue' redeclared without dllimport attribute: previous dllimport ignored [-Wattributes]
  648 | int __stdcall TlsSetValue(unsigned long, void *);
      |               ^~~~~~~~~~~
[279/663] Compiling C object libsystem.a.p/hw_pci_pci_host.c.obj
In file included from /xemu/include/exec/cpu-common.h:13,
                 from /xemu/include/system/memory.h:17,
                 from /xemu/include/hw/pci/pci.h:4,
                 from ../hw/pci/pci_host.c:22:
/xemu/include/hw/core/cpu.h:647:17: warning: redundant redeclaration of 'TlsGetValue' [-Wredundant-decls]
  647 | void *__stdcall TlsGetValue(unsigned long);
      |                 ^~~~~~~~~~~
In file included from /usr/local/mxe/usr/x86_64-w64-mingw32.static/include/winbase.h:29,
                 from /usr/local/mxe/usr/x86_64-w64-mingw32.static/include/windows.h:70,
                 from /usr/local/mxe/usr/x86_64-w64-mingw32.static/include/winsock2.h:23,
                 from /xemu/include/system/os-win32.h:29,
                 from /xemu/include/qemu/osdep.h:178,
                 from ../hw/pci/pci_host.c:21:
/usr/local/mxe/usr/x86_64-w64-mingw32.static/include/processthreadsapi.h:323:28: note: previous declaration of 'TlsGetValue' with type 'void *(DWORD)' {aka 'void *(long unsigned int)'}
  323 |   WINBASEAPI LPVOID WINAPI TlsGetValue (DWORD dwTlsIndex);
      |                            ^~~~~~~~~~~
/xemu/include/hw/core/cpu.h:647:17: warning: 'TlsGetValue' redeclared without dllimport attribute: previous dllimport ignored [-Wattributes]
  647 | void *__stdcall TlsGetValue(unsigned long);
      |                 ^~~~~~~~~~~
/xemu/include/hw/core/cpu.h:648:15: warning: redundant redeclaration of 'TlsSetValue' [-Wredundant-decls]
  648 | int __stdcall TlsSetValue(unsigned long, void *);
      |               ^~~~~~~~~~~
/usr/local/mxe/usr/x86_64-w64-mingw32.static/include/processthreadsapi.h:324:29: note: previous declaration of 'TlsSetValue' with type 'WINBOOL(DWORD,  void *)' {aka 'int(long unsigned int,  void *)'}
  324 |   WINBASEAPI WINBOOL WINAPI TlsSetValue (DWORD dwTlsIndex, LPVOID lpTlsValue);
      |                             ^~~~~~~~~~~
/xemu/include/hw/core/cpu.h:648:15: warning: 'TlsSetValue' redeclared without dllimport attribute: previous dllimport ignored [-Wattributes]
  648 | int __stdcall TlsSetValue(unsigned long, void *);
      |               ^~~~~~~~~~~
[280/663] Compiling C object libsystem.a.p/hw_pci_pci_bridge.c.obj
In file included from /xemu/include/exec/cpu-common.h:13,
                 from /xemu/include/system/memory.h:17,
                 from /xemu/include/hw/pci/pci.h:4,
                 from /xemu/include/hw/pci/pci_device.h:4,
                 from /xemu/include/hw/pci/pci_bridge.h:29,
                 from ../hw/pci/pci_bridge.c:34:
/xemu/include/hw/core/cpu.h:647:17: warning: redundant redeclaration of 'TlsGetValue' [-Wredundant-decls]
  647 | void *__stdcall TlsGetValue(unsigned long);
      |                 ^~~~~~~~~~~
In file included from /usr/local/mxe/usr/x86_64-w64-mingw32.static/include/winbase.h:29,
                 from /usr/local/mxe/usr/x86_64-w64-mingw32.static/include/windows.h:70,
                 from /usr/local/mxe/usr/x86_64-w64-mingw32.static/include/winsock2.h:23,
                 from /xemu/include/system/os-win32.h:29,
                 from /xemu/include/qemu/osdep.h:178,
                 from ../hw/pci/pci_bridge.c:32:
/usr/local/mxe/usr/x86_64-w64-mingw32.static/include/processthreadsapi.h:323:28: note: previous declaration of 'TlsGetValue' with type 'void *(DWORD)' {aka 'void *(long unsigned int)'}
  323 |   WINBASEAPI LPVOID WINAPI TlsGetValue (DWORD dwTlsIndex);
      |                            ^~~~~~~~~~~
/xemu/include/hw/core/cpu.h:647:17: warning: 'TlsGetValue' redeclared without dllimport attribute: previous dllimport ignored [-Wattributes]
  647 | void *__stdcall TlsGetValue(unsigned long);
      |                 ^~~~~~~~~~~
/xemu/include/hw/core/cpu.h:648:15: warning: redundant redeclaration of 'TlsSetValue' [-Wredundant-decls]
  648 | int __stdcall TlsSetValue(unsigned long, void *);
      |               ^~~~~~~~~~~
/usr/local/mxe/usr/x86_64-w64-mingw32.static/include/processthreadsapi.h:324:29: note: previous declaration of 'TlsSetValue' with type 'WINBOOL(DWORD,  void *)' {aka 'int(long unsigned int,  void *)'}
  324 |   WINBASEAPI WINBOOL WINAPI TlsSetValue (DWORD dwTlsIndex, LPVOID lpTlsValue);
      |                             ^~~~~~~~~~~
/xemu/include/hw/core/cpu.h:648:15: warning: 'TlsSetValue' redeclared without dllimport attribute: previous dllimport ignored [-Wattributes]
  648 | int __stdcall TlsSetValue(unsigned long, void *);
      |               ^~~~~~~~~~~
[281/663] Compiling C object libsystem.a.p/hw_pci_msix.c.obj
In file included from /xemu/include/exec/cpu-common.h:13,
                 from /xemu/include/system/memory.h:17,
                 from /xemu/include/hw/pci/pci.h:4,
                 from /xemu/include/hw/pci/pci_device.h:4,
                 from /xemu/include/hw/pci/msi.h:24,
                 from ../hw/pci/msix.c:19:
/xemu/include/hw/core/cpu.h:647:17: warning: redundant redeclaration of 'TlsGetValue' [-Wredundant-decls]
  647 | void *__stdcall TlsGetValue(unsigned long);
      |                 ^~~~~~~~~~~
In file included from /usr/local/mxe/usr/x86_64-w64-mingw32.static/include/winbase.h:29,
                 from /usr/local/mxe/usr/x86_64-w64-mingw32.static/include/windows.h:70,
                 from /usr/local/mxe/usr/x86_64-w64-mingw32.static/include/winsock2.h:23,
                 from /xemu/include/system/os-win32.h:29,
                 from /xemu/include/qemu/osdep.h:178,
                 from ../hw/pci/msix.c:17:
/usr/local/mxe/usr/x86_64-w64-mingw32.static/include/processthreadsapi.h:323:28: note: previous declaration of 'TlsGetValue' with type 'void *(DWORD)' {aka 'void *(long unsigned int)'}
  323 |   WINBASEAPI LPVOID WINAPI TlsGetValue (DWORD dwTlsIndex);
      |                            ^~~~~~~~~~~
/xemu/include/hw/core/cpu.h:647:17: warning: 'TlsGetValue' redeclared without dllimport attribute: previous dllimport ignored [-Wattributes]
  647 | void *__stdcall TlsGetValue(unsigned long);
      |                 ^~~~~~~~~~~
/xemu/include/hw/core/cpu.h:648:15: warning: redundant redeclaration of 'TlsSetValue' [-Wredundant-decls]
  648 | int __stdcall TlsSetValue(unsigned long, void *);
      |               ^~~~~~~~~~~
/usr/local/mxe/usr/x86_64-w64-mingw32.static/include/processthreadsapi.h:324:29: note: previous declaration of 'TlsSetValue' with type 'WINBOOL(DWORD,  void *)' {aka 'int(long unsigned int,  void *)'}
  324 |   WINBASEAPI WINBOOL WINAPI TlsSetValue (DWORD dwTlsIndex, LPVOID lpTlsValue);
      |                             ^~~~~~~~~~~
/xemu/include/hw/core/cpu.h:648:15: warning: 'TlsSetValue' redeclared without dllimport attribute: previous dllimport ignored [-Wattributes]
  648 | int __stdcall TlsSetValue(unsigned long, void *);
      |               ^~~~~~~~~~~
[282/663] Compiling C object libsystem.a.p/hw_pci_pci-hmp-cmds.c.obj
In file included from /xemu/include/exec/cpu-common.h:13,
                 from /xemu/include/system/memory.h:17,
                 from /xemu/include/hw/pci/pci.h:4,
                 from ../hw/pci/pci-hmp-cmds.c:17:
/xemu/include/hw/core/cpu.h:647:17: warning: redundant redeclaration of 'TlsGetValue' [-Wredundant-decls]
  647 | void *__stdcall TlsGetValue(unsigned long);
      |                 ^~~~~~~~~~~
In file included from /usr/local/mxe/usr/x86_64-w64-mingw32.static/include/winbase.h:29,
                 from /usr/local/mxe/usr/x86_64-w64-mingw32.static/include/windows.h:70,
                 from /usr/local/mxe/usr/x86_64-w64-mingw32.static/include/winsock2.h:23,
                 from /xemu/include/system/os-win32.h:29,
                 from /xemu/include/qemu/osdep.h:178,
                 from ../hw/pci/pci-hmp-cmds.c:16:
/usr/local/mxe/usr/x86_64-w64-mingw32.static/include/processthreadsapi.h:323:28: note: previous declaration of 'TlsGetValue' with type 'void *(DWORD)' {aka 'void *(long unsigned int)'}
  323 |   WINBASEAPI LPVOID WINAPI TlsGetValue (DWORD dwTlsIndex);
      |                            ^~~~~~~~~~~
/xemu/include/hw/core/cpu.h:647:17: warning: 'TlsGetValue' redeclared without dllimport attribute: previous dllimport ignored [-Wattributes]
  647 | void *__stdcall TlsGetValue(unsigned long);
      |                 ^~~~~~~~~~~
/xemu/include/hw/core/cpu.h:648:15: warning: redundant redeclaration of 'TlsSetValue' [-Wredundant-decls]
  648 | int __stdcall TlsSetValue(unsigned long, void *);
      |               ^~~~~~~~~~~
/usr/local/mxe/usr/x86_64-w64-mingw32.static/include/processthreadsapi.h:324:29: note: previous declaration of 'TlsSetValue' with type 'WINBOOL(DWORD,  void *)' {aka 'int(long unsigned int,  void *)'}
  324 |   WINBASEAPI WINBOOL WINAPI TlsSetValue (DWORD dwTlsIndex, LPVOID lpTlsValue);
      |                             ^~~~~~~~~~~
/xemu/include/hw/core/cpu.h:648:15: warning: 'TlsSetValue' redeclared without dllimport attribute: previous dllimport ignored [-Wattributes]
  648 | int __stdcall TlsSetValue(unsigned long, void *);
      |               ^~~~~~~~~~~
[283/663] Compiling C object libsystem.a.p/hw_pci_pcie_sriov.c.obj
In file included from /xemu/include/exec/cpu-common.h:13,
                 from /xemu/include/system/memory.h:17,
                 from /xemu/include/hw/pci/pci.h:4,
                 from /xemu/include/hw/pci/pci_device.h:4,
                 from ../hw/pci/pcie_sriov.c:14:
/xemu/include/hw/core/cpu.h:647:17: warning: redundant redeclaration of 'TlsGetValue' [-Wredundant-decls]
  647 | void *__stdcall TlsGetValue(unsigned long);
      |                 ^~~~~~~~~~~
In file included from /usr/local/mxe/usr/x86_64-w64-mingw32.static/include/winbase.h:29,
                 from /usr/local/mxe/usr/x86_64-w64-mingw32.static/include/windows.h:70,
                 from /usr/local/mxe/usr/x86_64-w64-mingw32.static/include/winsock2.h:23,
                 from /xemu/include/system/os-win32.h:29,
                 from /xemu/include/qemu/osdep.h:178,
                 from ../hw/pci/pcie_sriov.c:13:
/usr/local/mxe/usr/x86_64-w64-mingw32.static/include/processthreadsapi.h:323:28: note: previous declaration of 'TlsGetValue' with type 'void *(DWORD)' {aka 'void *(long unsigned int)'}
  323 |   WINBASEAPI LPVOID WINAPI TlsGetValue (DWORD dwTlsIndex);
      |                            ^~~~~~~~~~~
/xemu/include/hw/core/cpu.h:647:17: warning: 'TlsGetValue' redeclared without dllimport attribute: previous dllimport ignored [-Wattributes]
  647 | void *__stdcall TlsGetValue(unsigned long);
      |                 ^~~~~~~~~~~
/xemu/include/hw/core/cpu.h:648:15: warning: redundant redeclaration of 'TlsSetValue' [-Wredundant-decls]
  648 | int __stdcall TlsSetValue(unsigned long, void *);
      |               ^~~~~~~~~~~
/usr/local/mxe/usr/x86_64-w64-mingw32.static/include/processthreadsapi.h:324:29: note: previous declaration of 'TlsSetValue' with type 'WINBOOL(DWORD,  void *)' {aka 'int(long unsigned int,  void *)'}
  324 |   WINBASEAPI WINBOOL WINAPI TlsSetValue (DWORD dwTlsIndex, LPVOID lpTlsValue);
      |                             ^~~~~~~~~~~
/xemu/include/hw/core/cpu.h:648:15: warning: 'TlsSetValue' redeclared without dllimport attribute: previous dllimport ignored [-Wattributes]
  648 | int __stdcall TlsSetValue(unsigned long, void *);
      |               ^~~~~~~~~~~
[284/663] Compiling C object libsystem.a.p/hw_nvram_fw_cfg.c.obj
In file included from /xemu/include/exec/cpu-common.h:13,
                 from /xemu/include/system/memory.h:17,
                 from /xemu/include/system/dma.h:13,
                 from ../hw/nvram/fw_cfg.c:28:
/xemu/include/hw/core/cpu.h:647:17: warning: redundant redeclaration of 'TlsGetValue' [-Wredundant-decls]
  647 | void *__stdcall TlsGetValue(unsigned long);
      |                 ^~~~~~~~~~~
In file included from /usr/local/mxe/usr/x86_64-w64-mingw32.static/include/winbase.h:29,
                 from /usr/local/mxe/usr/x86_64-w64-mingw32.static/include/windows.h:70,
                 from /usr/local/mxe/usr/x86_64-w64-mingw32.static/include/winsock2.h:23,
                 from /xemu/include/system/os-win32.h:29,
                 from /xemu/include/qemu/osdep.h:178,
                 from ../hw/nvram/fw_cfg.c:25:
/usr/local/mxe/usr/x86_64-w64-mingw32.static/include/processthreadsapi.h:323:28: note: previous declaration of 'TlsGetValue' with type 'void *(DWORD)' {aka 'void *(long unsigned int)'}
  323 |   WINBASEAPI LPVOID WINAPI TlsGetValue (DWORD dwTlsIndex);
      |                            ^~~~~~~~~~~
/xemu/include/hw/core/cpu.h:647:17: warning: 'TlsGetValue' redeclared without dllimport attribute: previous dllimport ignored [-Wattributes]
  647 | void *__stdcall TlsGetValue(unsigned long);
      |                 ^~~~~~~~~~~
/xemu/include/hw/core/cpu.h:648:15: warning: redundant redeclaration of 'TlsSetValue' [-Wredundant-decls]
  648 | int __stdcall TlsSetValue(unsigned long, void *);
      |               ^~~~~~~~~~~
/usr/local/mxe/usr/x86_64-w64-mingw32.static/include/processthreadsapi.h:324:29: note: previous declaration of 'TlsSetValue' with type 'WINBOOL(DWORD,  void *)' {aka 'int(long unsigned int,  void *)'}
  324 |   WINBASEAPI WINBOOL WINAPI TlsSetValue (DWORD dwTlsIndex, LPVOID lpTlsValue);
      |                             ^~~~~~~~~~~
/xemu/include/hw/core/cpu.h:648:15: warning: 'TlsSetValue' redeclared without dllimport attribute: previous dllimport ignored [-Wattributes]
  648 | int __stdcall TlsSetValue(unsigned long, void *);
      |               ^~~~~~~~~~~
[285/663] Compiling C object libsystem.a.p/hw_pci-host_pam.c.obj
In file included from /xemu/include/exec/cpu-common.h:13,
                 from /xemu/include/system/memory.h:17,
                 from /xemu/include/hw/pci-host/pam.h:53,
                 from ../hw/pci-host/pam.c:31:
/xemu/include/hw/core/cpu.h:647:17: warning: redundant redeclaration of 'TlsGetValue' [-Wredundant-decls]
  647 | void *__stdcall TlsGetValue(unsigned long);
      |                 ^~~~~~~~~~~
In file included from /usr/local/mxe/usr/x86_64-w64-mingw32.static/include/winbase.h:29,
                 from /usr/local/mxe/usr/x86_64-w64-mingw32.static/include/windows.h:70,
                 from /usr/local/mxe/usr/x86_64-w64-mingw32.static/include/winsock2.h:23,
                 from /xemu/include/system/os-win32.h:29,
                 from /xemu/include/qemu/osdep.h:178,
                 from ../hw/pci-host/pam.c:30:
/usr/local/mxe/usr/x86_64-w64-mingw32.static/include/processthreadsapi.h:323:28: note: previous declaration of 'TlsGetValue' with type 'void *(DWORD)' {aka 'void *(long unsigned int)'}
  323 |   WINBASEAPI LPVOID WINAPI TlsGetValue (DWORD dwTlsIndex);
      |                            ^~~~~~~~~~~
/xemu/include/hw/core/cpu.h:647:17: warning: 'TlsGetValue' redeclared without dllimport attribute: previous dllimport ignored [-Wattributes]
  647 | void *__stdcall TlsGetValue(unsigned long);
      |                 ^~~~~~~~~~~
/xemu/include/hw/core/cpu.h:648:15: warning: redundant redeclaration of 'TlsSetValue' [-Wredundant-decls]
  648 | int __stdcall TlsSetValue(unsigned long, void *);
      |               ^~~~~~~~~~~
/usr/local/mxe/usr/x86_64-w64-mingw32.static/include/processthreadsapi.h:324:29: note: previous declaration of 'TlsSetValue' with type 'WINBOOL(DWORD,  void *)' {aka 'int(long unsigned int,  void *)'}
  324 |   WINBASEAPI WINBOOL WINAPI TlsSetValue (DWORD dwTlsIndex, LPVOID lpTlsValue);
      |                             ^~~~~~~~~~~
/xemu/include/hw/core/cpu.h:648:15: warning: 'TlsSetValue' redeclared without dllimport attribute: previous dllimport ignored [-Wattributes]
  648 | int __stdcall TlsSetValue(unsigned long, void *);
      |               ^~~~~~~~~~~
[286/663] Compiling C object libsystem.a.p/hw_pci_pci-qmp-cmds.c.obj
In file included from /xemu/include/exec/cpu-common.h:13,
                 from /xemu/include/system/memory.h:17,
                 from /xemu/include/hw/pci/pci.h:4,
                 from ../hw/pci/pci-qmp-cmds.c:26:
/xemu/include/hw/core/cpu.h:647:17: warning: redundant redeclaration of 'TlsGetValue' [-Wredundant-decls]
  647 | void *__stdcall TlsGetValue(unsigned long);
      |                 ^~~~~~~~~~~
In file included from /usr/local/mxe/usr/x86_64-w64-mingw32.static/include/winbase.h:29,
                 from /usr/local/mxe/usr/x86_64-w64-mingw32.static/include/windows.h:70,
                 from /usr/local/mxe/usr/x86_64-w64-mingw32.static/include/winsock2.h:23,
                 from /xemu/include/system/os-win32.h:29,
                 from /xemu/include/qemu/osdep.h:178,
                 from ../hw/pci/pci-qmp-cmds.c:25:
/usr/local/mxe/usr/x86_64-w64-mingw32.static/include/processthreadsapi.h:323:28: note: previous declaration of 'TlsGetValue' with type 'void *(DWORD)' {aka 'void *(long unsigned int)'}
  323 |   WINBASEAPI LPVOID WINAPI TlsGetValue (DWORD dwTlsIndex);
      |                            ^~~~~~~~~~~
/xemu/include/hw/core/cpu.h:647:17: warning: 'TlsGetValue' redeclared without dllimport attribute: previous dllimport ignored [-Wattributes]
  647 | void *__stdcall TlsGetValue(unsigned long);
      |                 ^~~~~~~~~~~
/xemu/include/hw/core/cpu.h:648:15: warning: redundant redeclaration of 'TlsSetValue' [-Wredundant-decls]
  648 | int __stdcall TlsSetValue(unsigned long, void *);
      |               ^~~~~~~~~~~
/usr/local/mxe/usr/x86_64-w64-mingw32.static/include/processthreadsapi.h:324:29: note: previous declaration of 'TlsSetValue' with type 'WINBOOL(DWORD,  void *)' {aka 'int(long unsigned int,  void *)'}
  324 |   WINBASEAPI WINBOOL WINAPI TlsSetValue (DWORD dwTlsIndex, LPVOID lpTlsValue);
      |                             ^~~~~~~~~~~
/xemu/include/hw/core/cpu.h:648:15: warning: 'TlsSetValue' redeclared without dllimport attribute: previous dllimport ignored [-Wattributes]
  648 | int __stdcall TlsSetValue(unsigned long, void *);
      |               ^~~~~~~~~~~
[287/663] Compiling C object libsystem.a.p/hw_pci_shpc.c.obj
In file included from /xemu/include/exec/cpu-common.h:13,
                 from /xemu/include/system/memory.h:17,
                 from /xemu/include/hw/pci/shpc.h:4,
                 from ../hw/pci/shpc.c:6:
/xemu/include/hw/core/cpu.h:647:17: warning: redundant redeclaration of 'TlsGetValue' [-Wredundant-decls]
  647 | void *__stdcall TlsGetValue(unsigned long);
      |                 ^~~~~~~~~~~
In file included from /usr/local/mxe/usr/x86_64-w64-mingw32.static/include/winbase.h:29,
                 from /usr/local/mxe/usr/x86_64-w64-mingw32.static/include/windows.h:70,
                 from /usr/local/mxe/usr/x86_64-w64-mingw32.static/include/winsock2.h:23,
                 from /xemu/include/system/os-win32.h:29,
                 from /xemu/include/qemu/osdep.h:178,
                 from ../hw/pci/shpc.c:1:
/usr/local/mxe/usr/x86_64-w64-mingw32.static/include/processthreadsapi.h:323:28: note: previous declaration of 'TlsGetValue' with type 'void *(DWORD)' {aka 'void *(long unsigned int)'}
  323 |   WINBASEAPI LPVOID WINAPI TlsGetValue (DWORD dwTlsIndex);
      |                            ^~~~~~~~~~~
/xemu/include/hw/core/cpu.h:647:17: warning: 'TlsGetValue' redeclared without dllimport attribute: previous dllimport ignored [-Wattributes]
  647 | void *__stdcall TlsGetValue(unsigned long);
      |                 ^~~~~~~~~~~
/xemu/include/hw/core/cpu.h:648:15: warning: redundant redeclaration of 'TlsSetValue' [-Wredundant-decls]
  648 | int __stdcall TlsSetValue(unsigned long, void *);
      |               ^~~~~~~~~~~
/usr/local/mxe/usr/x86_64-w64-mingw32.static/include/processthreadsapi.h:324:29: note: previous declaration of 'TlsSetValue' with type 'WINBOOL(DWORD,  void *)' {aka 'int(long unsigned int,  void *)'}
  324 |   WINBASEAPI WINBOOL WINAPI TlsSetValue (DWORD dwTlsIndex, LPVOID lpTlsValue);
      |                             ^~~~~~~~~~~
/xemu/include/hw/core/cpu.h:648:15: warning: 'TlsSetValue' redeclared without dllimport attribute: previous dllimport ignored [-Wattributes]
  648 | int __stdcall TlsSetValue(unsigned long, void *);
      |               ^~~~~~~~~~~
[288/663] Compiling C object libsystem.a.p/hw_scsi_emulation.c.obj
[289/663] Compiling C object libsystem.a.p/hw_pci_pcie_doe.c.obj
In file included from /xemu/include/exec/cpu-common.h:13,
                 from /xemu/include/system/memory.h:17,
                 from /xemu/include/hw/pci/pci.h:4,
                 from ../hw/pci/pcie_doe.c:15:
/xemu/include/hw/core/cpu.h:647:17: warning: redundant redeclaration of 'TlsGetValue' [-Wredundant-decls]
  647 | void *__stdcall TlsGetValue(unsigned long);
      |                 ^~~~~~~~~~~
In file included from /usr/local/mxe/usr/x86_64-w64-mingw32.static/include/winbase.h:29,
                 from /usr/local/mxe/usr/x86_64-w64-mingw32.static/include/windows.h:70,
                 from /usr/local/mxe/usr/x86_64-w64-mingw32.static/include/winsock2.h:23,
                 from /xemu/include/system/os-win32.h:29,
                 from /xemu/include/qemu/osdep.h:178,
                 from ../hw/pci/pcie_doe.c:10:
/usr/local/mxe/usr/x86_64-w64-mingw32.static/include/processthreadsapi.h:323:28: note: previous declaration of 'TlsGetValue' with type 'void *(DWORD)' {aka 'void *(long unsigned int)'}
  323 |   WINBASEAPI LPVOID WINAPI TlsGetValue (DWORD dwTlsIndex);
      |                            ^~~~~~~~~~~
/xemu/include/hw/core/cpu.h:647:17: warning: 'TlsGetValue' redeclared without dllimport attribute: previous dllimport ignored [-Wattributes]
  647 | void *__stdcall TlsGetValue(unsigned long);
      |                 ^~~~~~~~~~~
/xemu/include/hw/core/cpu.h:648:15: warning: redundant redeclaration of 'TlsSetValue' [-Wredundant-decls]
  648 | int __stdcall TlsSetValue(unsigned long, void *);
      |               ^~~~~~~~~~~
/usr/local/mxe/usr/x86_64-w64-mingw32.static/include/processthreadsapi.h:324:29: note: previous declaration of 'TlsSetValue' with type 'WINBOOL(DWORD,  void *)' {aka 'int(long unsigned int,  void *)'}
  324 |   WINBASEAPI WINBOOL WINAPI TlsSetValue (DWORD dwTlsIndex, LPVOID lpTlsValue);
      |                             ^~~~~~~~~~~
/xemu/include/hw/core/cpu.h:648:15: warning: 'TlsSetValue' redeclared without dllimport attribute: previous dllimport ignored [-Wattributes]
  648 | int __stdcall TlsSetValue(unsigned long, void *);
      |               ^~~~~~~~~~~
[290/663] Compiling C object libsystem.a.p/hw_pci_slotid_cap.c.obj
In file included from /xemu/include/exec/cpu-common.h:13,
                 from /xemu/include/system/memory.h:17,
                 from /xemu/include/hw/pci/pci.h:4,
                 from /xemu/include/hw/pci/pci_device.h:4,
                 from ../hw/pci/slotid_cap.c:3:
/xemu/include/hw/core/cpu.h:647:17: warning: redundant redeclaration of 'TlsGetValue' [-Wredundant-decls]
  647 | void *__stdcall TlsGetValue(unsigned long);
      |                 ^~~~~~~~~~~
In file included from /usr/local/mxe/usr/x86_64-w64-mingw32.static/include/winbase.h:29,
                 from /usr/local/mxe/usr/x86_64-w64-mingw32.static/include/windows.h:70,
                 from /usr/local/mxe/usr/x86_64-w64-mingw32.static/include/winsock2.h:23,
                 from /xemu/include/system/os-win32.h:29,
                 from /xemu/include/qemu/osdep.h:178,
                 from ../hw/pci/slotid_cap.c:1:
/usr/local/mxe/usr/x86_64-w64-mingw32.static/include/processthreadsapi.h:323:28: note: previous declaration of 'TlsGetValue' with type 'void *(DWORD)' {aka 'void *(long unsigned int)'}
  323 |   WINBASEAPI LPVOID WINAPI TlsGetValue (DWORD dwTlsIndex);
      |                            ^~~~~~~~~~~
/xemu/include/hw/core/cpu.h:647:17: warning: 'TlsGetValue' redeclared without dllimport attribute: previous dllimport ignored [-Wattributes]
  647 | void *__stdcall TlsGetValue(unsigned long);
      |                 ^~~~~~~~~~~
/xemu/include/hw/core/cpu.h:648:15: warning: redundant redeclaration of 'TlsSetValue' [-Wredundant-decls]
  648 | int __stdcall TlsSetValue(unsigned long, void *);
      |               ^~~~~~~~~~~
/usr/local/mxe/usr/x86_64-w64-mingw32.static/include/processthreadsapi.h:324:29: note: previous declaration of 'TlsSetValue' with type 'WINBOOL(DWORD,  void *)' {aka 'int(long unsigned int,  void *)'}
  324 |   WINBASEAPI WINBOOL WINAPI TlsSetValue (DWORD dwTlsIndex, LPVOID lpTlsValue);
      |                             ^~~~~~~~~~~
/xemu/include/hw/core/cpu.h:648:15: warning: 'TlsSetValue' redeclared without dllimport attribute: previous dllimport ignored [-Wattributes]
  648 | int __stdcall TlsSetValue(unsigned long, void *);
      |               ^~~~~~~~~~~
[291/663] Compiling C object libsystem.a.p/hw_smbios_smbios-stub.c.obj
[292/663] Compiling C object libsystem.a.p/hw_pci-host_i440fx.c.obj
In file included from /xemu/include/exec/cpu-common.h:13,
                 from /xemu/include/system/memory.h:17,
                 from /xemu/include/hw/boards.h:6,
                 from /xemu/include/hw/i386/pc.h:7,
                 from ../hw/pci-host/i440fx.c:28:
/xemu/include/hw/core/cpu.h:647:17: warning: redundant redeclaration of 'TlsGetValue' [-Wredundant-decls]
  647 | void *__stdcall TlsGetValue(unsigned long);
      |                 ^~~~~~~~~~~
In file included from /usr/local/mxe/usr/x86_64-w64-mingw32.static/include/winbase.h:29,
                 from /usr/local/mxe/usr/x86_64-w64-mingw32.static/include/windows.h:70,
                 from /usr/local/mxe/usr/x86_64-w64-mingw32.static/include/winsock2.h:23,
                 from /xemu/include/system/os-win32.h:29,
                 from /xemu/include/qemu/osdep.h:178,
                 from ../hw/pci-host/i440fx.c:25:
/usr/local/mxe/usr/x86_64-w64-mingw32.static/include/processthreadsapi.h:323:28: note: previous declaration of 'TlsGetValue' with type 'void *(DWORD)' {aka 'void *(long unsigned int)'}
  323 |   WINBASEAPI LPVOID WINAPI TlsGetValue (DWORD dwTlsIndex);
      |                            ^~~~~~~~~~~
/xemu/include/hw/core/cpu.h:647:17: warning: 'TlsGetValue' redeclared without dllimport attribute: previous dllimport ignored [-Wattributes]
  647 | void *__stdcall TlsGetValue(unsigned long);
      |                 ^~~~~~~~~~~
/xemu/include/hw/core/cpu.h:648:15: warning: redundant redeclaration of 'TlsSetValue' [-Wredundant-decls]
  648 | int __stdcall TlsSetValue(unsigned long, void *);
      |               ^~~~~~~~~~~
/usr/local/mxe/usr/x86_64-w64-mingw32.static/include/processthreadsapi.h:324:29: note: previous declaration of 'TlsSetValue' with type 'WINBOOL(DWORD,  void *)' {aka 'int(long unsigned int,  void *)'}
  324 |   WINBASEAPI WINBOOL WINAPI TlsSetValue (DWORD dwTlsIndex, LPVOID lpTlsValue);
      |                             ^~~~~~~~~~~
/xemu/include/hw/core/cpu.h:648:15: warning: 'TlsSetValue' redeclared without dllimport attribute: previous dllimport ignored [-Wattributes]
  648 | int __stdcall TlsSetValue(unsigned long, void *);
      |               ^~~~~~~~~~~
[293/663] Compiling C object libsystem.a.p/hw_pci_pcie_aer.c.obj
In file included from /xemu/include/exec/cpu-common.h:13,
                 from /xemu/include/system/memory.h:17,
                 from /xemu/include/hw/pci/pci.h:4,
                 from /xemu/include/hw/pci/pci_device.h:4,
                 from /xemu/include/hw/pci/pci_bridge.h:29,
                 from ../hw/pci/pcie_aer.c:23:
/xemu/include/hw/core/cpu.h:647:17: warning: redundant redeclaration of 'TlsGetValue' [-Wredundant-decls]
  647 | void *__stdcall TlsGetValue(unsigned long);
      |                 ^~~~~~~~~~~
In file included from /usr/local/mxe/usr/x86_64-w64-mingw32.static/include/winbase.h:29,
                 from /usr/local/mxe/usr/x86_64-w64-mingw32.static/include/windows.h:70,
                 from /usr/local/mxe/usr/x86_64-w64-mingw32.static/include/winsock2.h:23,
                 from /xemu/include/system/os-win32.h:29,
                 from /xemu/include/qemu/osdep.h:178,
                 from ../hw/pci/pcie_aer.c:21:
/usr/local/mxe/usr/x86_64-w64-mingw32.static/include/processthreadsapi.h:323:28: note: previous declaration of 'TlsGetValue' with type 'void *(DWORD)' {aka 'void *(long unsigned int)'}
  323 |   WINBASEAPI LPVOID WINAPI TlsGetValue (DWORD dwTlsIndex);
      |                            ^~~~~~~~~~~
/xemu/include/hw/core/cpu.h:647:17: warning: 'TlsGetValue' redeclared without dllimport attribute: previous dllimport ignored [-Wattributes]
  647 | void *__stdcall TlsGetValue(unsigned long);
      |                 ^~~~~~~~~~~
/xemu/include/hw/core/cpu.h:648:15: warning: redundant redeclaration of 'TlsSetValue' [-Wredundant-decls]
  648 | int __stdcall TlsSetValue(unsigned long, void *);
      |               ^~~~~~~~~~~
/usr/local/mxe/usr/x86_64-w64-mingw32.static/include/processthreadsapi.h:324:29: note: previous declaration of 'TlsSetValue' with type 'WINBOOL(DWORD,  void *)' {aka 'int(long unsigned int,  void *)'}
  324 |   WINBASEAPI WINBOOL WINAPI TlsSetValue (DWORD dwTlsIndex, LPVOID lpTlsValue);
      |                             ^~~~~~~~~~~
/xemu/include/hw/core/cpu.h:648:15: warning: 'TlsSetValue' redeclared without dllimport attribute: previous dllimport ignored [-Wattributes]
  648 | int __stdcall TlsSetValue(unsigned long, void *);
      |               ^~~~~~~~~~~
[294/663] Compiling C object libsystem.a.p/hw_pci-bridge_pci_expander_bridge_stubs.c.obj
In file included from /xemu/include/exec/cpu-common.h:13,
                 from /xemu/include/system/memory.h:17,
                 from /xemu/include/hw/pci/pci.h:4,
                 from ../hw/pci-bridge/pci_expander_bridge_stubs.c:9:
/xemu/include/hw/core/cpu.h:647:17: warning: redundant redeclaration of 'TlsGetValue' [-Wredundant-decls]
  647 | void *__stdcall TlsGetValue(unsigned long);
      |                 ^~~~~~~~~~~
In file included from /usr/local/mxe/usr/x86_64-w64-mingw32.static/include/winbase.h:29,
                 from /usr/local/mxe/usr/x86_64-w64-mingw32.static/include/windows.h:70,
                 from /usr/local/mxe/usr/x86_64-w64-mingw32.static/include/winsock2.h:23,
                 from /xemu/include/system/os-win32.h:29,
                 from /xemu/include/qemu/osdep.h:178,
                 from ../hw/pci-bridge/pci_expander_bridge_stubs.c:7:
/usr/local/mxe/usr/x86_64-w64-mingw32.static/include/processthreadsapi.h:323:28: note: previous declaration of 'TlsGetValue' with type 'void *(DWORD)' {aka 'void *(long unsigned int)'}
  323 |   WINBASEAPI LPVOID WINAPI TlsGetValue (DWORD dwTlsIndex);
      |                            ^~~~~~~~~~~
/xemu/include/hw/core/cpu.h:647:17: warning: 'TlsGetValue' redeclared without dllimport attribute: previous dllimport ignored [-Wattributes]
  647 | void *__stdcall TlsGetValue(unsigned long);
      |                 ^~~~~~~~~~~
/xemu/include/hw/core/cpu.h:648:15: warning: redundant redeclaration of 'TlsSetValue' [-Wredundant-decls]
  648 | int __stdcall TlsSetValue(unsigned long, void *);
      |               ^~~~~~~~~~~
/usr/local/mxe/usr/x86_64-w64-mingw32.static/include/processthreadsapi.h:324:29: note: previous declaration of 'TlsSetValue' with type 'WINBOOL(DWORD,  void *)' {aka 'int(long unsigned int,  void *)'}
  324 |   WINBASEAPI WINBOOL WINAPI TlsSetValue (DWORD dwTlsIndex, LPVOID lpTlsValue);
      |                             ^~~~~~~~~~~
/xemu/include/hw/core/cpu.h:648:15: warning: 'TlsSetValue' redeclared without dllimport attribute: previous dllimport ignored [-Wattributes]
  648 | int __stdcall TlsSetValue(unsigned long, void *);
      |               ^~~~~~~~~~~
[295/663] Compiling C object libsystem.a.p/hw_scsi_scsi-generic.c.obj
[296/663] Compiling C object libsystem.a.p/hw_timer_i8254_common.c.obj
In file included from /xemu/include/exec/cpu-common.h:13,
                 from /xemu/include/system/memory.h:17,
                 from /xemu/include/hw/isa/isa.h:6,
                 from ../hw/timer/i8254_common.c:27:
/xemu/include/hw/core/cpu.h:647:17: warning: redundant redeclaration of 'TlsGetValue' [-Wredundant-decls]
  647 | void *__stdcall TlsGetValue(unsigned long);
      |                 ^~~~~~~~~~~
In file included from /usr/local/mxe/usr/x86_64-w64-mingw32.static/include/winbase.h:29,
                 from /usr/local/mxe/usr/x86_64-w64-mingw32.static/include/windows.h:70,
                 from /usr/local/mxe/usr/x86_64-w64-mingw32.static/include/winsock2.h:23,
                 from /xemu/include/system/os-win32.h:29,
                 from /xemu/include/qemu/osdep.h:178,
                 from ../hw/timer/i8254_common.c:26:
/usr/local/mxe/usr/x86_64-w64-mingw32.static/include/processthreadsapi.h:323:28: note: previous declaration of 'TlsGetValue' with type 'void *(DWORD)' {aka 'void *(long unsigned int)'}
  323 |   WINBASEAPI LPVOID WINAPI TlsGetValue (DWORD dwTlsIndex);
      |                            ^~~~~~~~~~~
/xemu/include/hw/core/cpu.h:647:17: warning: 'TlsGetValue' redeclared without dllimport attribute: previous dllimport ignored [-Wattributes]
  647 | void *__stdcall TlsGetValue(unsigned long);
      |                 ^~~~~~~~~~~
/xemu/include/hw/core/cpu.h:648:15: warning: redundant redeclaration of 'TlsSetValue' [-Wredundant-decls]
  648 | int __stdcall TlsSetValue(unsigned long, void *);
      |               ^~~~~~~~~~~
/usr/local/mxe/usr/x86_64-w64-mingw32.static/include/processthreadsapi.h:324:29: note: previous declaration of 'TlsSetValue' with type 'WINBOOL(DWORD,  void *)' {aka 'int(long unsigned int,  void *)'}
  324 |   WINBASEAPI WINBOOL WINAPI TlsSetValue (DWORD dwTlsIndex, LPVOID lpTlsValue);
      |                             ^~~~~~~~~~~
/xemu/include/hw/core/cpu.h:648:15: warning: 'TlsSetValue' redeclared without dllimport attribute: previous dllimport ignored [-Wattributes]
  648 | int __stdcall TlsSetValue(unsigned long, void *);
      |               ^~~~~~~~~~~
[297/663] Compiling C object libsystem.a.p/hw_rtc_mc146818rtc.c.obj
In file included from /xemu/include/exec/cpu-common.h:13,
                 from /xemu/include/system/memory.h:17,
                 from /xemu/include/hw/isa/isa.h:6,
                 from /xemu/include/hw/rtc/mc146818rtc.h:15,
                 from ../hw/rtc/mc146818rtc.c:40:
/xemu/include/hw/core/cpu.h:647:17: warning: redundant redeclaration of 'TlsGetValue' [-Wredundant-decls]
  647 | void *__stdcall TlsGetValue(unsigned long);
      |                 ^~~~~~~~~~~
In file included from /usr/local/mxe/usr/x86_64-w64-mingw32.static/include/winbase.h:29,
                 from /usr/local/mxe/usr/x86_64-w64-mingw32.static/include/windows.h:70,
                 from /usr/local/mxe/usr/x86_64-w64-mingw32.static/include/winsock2.h:23,
                 from /xemu/include/system/os-win32.h:29,
                 from /xemu/include/qemu/osdep.h:178,
                 from ../hw/rtc/mc146818rtc.c:25:
/usr/local/mxe/usr/x86_64-w64-mingw32.static/include/processthreadsapi.h:323:28: note: previous declaration of 'TlsGetValue' with type 'void *(DWORD)' {aka 'void *(long unsigned int)'}
  323 |   WINBASEAPI LPVOID WINAPI TlsGetValue (DWORD dwTlsIndex);
      |                            ^~~~~~~~~~~
/xemu/include/hw/core/cpu.h:647:17: warning: 'TlsGetValue' redeclared without dllimport attribute: previous dllimport ignored [-Wattributes]
  647 | void *__stdcall TlsGetValue(unsigned long);
      |                 ^~~~~~~~~~~
/xemu/include/hw/core/cpu.h:648:15: warning: redundant redeclaration of 'TlsSetValue' [-Wredundant-decls]
  648 | int __stdcall TlsSetValue(unsigned long, void *);
      |               ^~~~~~~~~~~
/usr/local/mxe/usr/x86_64-w64-mingw32.static/include/processthreadsapi.h:324:29: note: previous declaration of 'TlsSetValue' with type 'WINBOOL(DWORD,  void *)' {aka 'int(long unsigned int,  void *)'}
  324 |   WINBASEAPI WINBOOL WINAPI TlsSetValue (DWORD dwTlsIndex, LPVOID lpTlsValue);
      |                             ^~~~~~~~~~~
/xemu/include/hw/core/cpu.h:648:15: warning: 'TlsSetValue' redeclared without dllimport attribute: previous dllimport ignored [-Wattributes]
  648 | int __stdcall TlsSetValue(unsigned long, void *);
      |               ^~~~~~~~~~~
[298/663] Compiling C object libsystem.a.p/hw_uefi_hardware-info.c.obj
In file included from /xemu/include/exec/cpu-common.h:13,
                 from /xemu/include/system/memory.h:17,
                 from /xemu/include/hw/sysbus.h:7,
                 from /xemu/include/hw/nvram/fw_cfg.h:6,
                 from ../hw/uefi/hardware-info.c:11:
/xemu/include/hw/core/cpu.h:647:17: warning: redundant redeclaration of 'TlsGetValue' [-Wredundant-decls]
  647 | void *__stdcall TlsGetValue(unsigned long);
      |                 ^~~~~~~~~~~
In file included from /usr/local/mxe/usr/x86_64-w64-mingw32.static/include/winbase.h:29,
                 from /usr/local/mxe/usr/x86_64-w64-mingw32.static/include/windows.h:70,
                 from /usr/local/mxe/usr/x86_64-w64-mingw32.static/include/winsock2.h:23,
                 from /xemu/include/system/os-win32.h:29,
                 from /xemu/include/qemu/osdep.h:178,
                 from ../hw/uefi/hardware-info.c:9:
/usr/local/mxe/usr/x86_64-w64-mingw32.static/include/processthreadsapi.h:323:28: note: previous declaration of 'TlsGetValue' with type 'void *(DWORD)' {aka 'void *(long unsigned int)'}
  323 |   WINBASEAPI LPVOID WINAPI TlsGetValue (DWORD dwTlsIndex);
      |                            ^~~~~~~~~~~
/xemu/include/hw/core/cpu.h:647:17: warning: 'TlsGetValue' redeclared without dllimport attribute: previous dllimport ignored [-Wattributes]
  647 | void *__stdcall TlsGetValue(unsigned long);
      |                 ^~~~~~~~~~~
/xemu/include/hw/core/cpu.h:648:15: warning: redundant redeclaration of 'TlsSetValue' [-Wredundant-decls]
  648 | int __stdcall TlsSetValue(unsigned long, void *);
      |               ^~~~~~~~~~~
/usr/local/mxe/usr/x86_64-w64-mingw32.static/include/processthreadsapi.h:324:29: note: previous declaration of 'TlsSetValue' with type 'WINBOOL(DWORD,  void *)' {aka 'int(long unsigned int,  void *)'}
  324 |   WINBASEAPI WINBOOL WINAPI TlsSetValue (DWORD dwTlsIndex, LPVOID lpTlsValue);
      |                             ^~~~~~~~~~~
/xemu/include/hw/core/cpu.h:648:15: warning: 'TlsSetValue' redeclared without dllimport attribute: previous dllimport ignored [-Wattributes]
  648 | int __stdcall TlsSetValue(unsigned long, void *);
      |               ^~~~~~~~~~~
[299/663] Compiling C object libsystem.a.p/hw_timer_i8254.c.obj
In file included from /xemu/include/exec/cpu-common.h:13,
                 from /xemu/include/system/memory.h:17,
                 from /xemu/include/hw/isa/isa.h:6,
                 from /xemu/include/hw/timer/i8254.h:29,
                 from ../hw/timer/i8254.c:29:
/xemu/include/hw/core/cpu.h:647:17: warning: redundant redeclaration of 'TlsGetValue' [-Wredundant-decls]
  647 | void *__stdcall TlsGetValue(unsigned long);
      |                 ^~~~~~~~~~~
In file included from /usr/local/mxe/usr/x86_64-w64-mingw32.static/include/winbase.h:29,
                 from /usr/local/mxe/usr/x86_64-w64-mingw32.static/include/windows.h:70,
                 from /usr/local/mxe/usr/x86_64-w64-mingw32.static/include/winsock2.h:23,
                 from /xemu/include/system/os-win32.h:29,
                 from /xemu/include/qemu/osdep.h:178,
                 from ../hw/timer/i8254.c:25:
/usr/local/mxe/usr/x86_64-w64-mingw32.static/include/processthreadsapi.h:323:28: note: previous declaration of 'TlsGetValue' with type 'void *(DWORD)' {aka 'void *(long unsigned int)'}
  323 |   WINBASEAPI LPVOID WINAPI TlsGetValue (DWORD dwTlsIndex);
      |                            ^~~~~~~~~~~
/xemu/include/hw/core/cpu.h:647:17: warning: 'TlsGetValue' redeclared without dllimport attribute: previous dllimport ignored [-Wattributes]
  647 | void *__stdcall TlsGetValue(unsigned long);
      |                 ^~~~~~~~~~~
/xemu/include/hw/core/cpu.h:648:15: warning: redundant redeclaration of 'TlsSetValue' [-Wredundant-decls]
  648 | int __stdcall TlsSetValue(unsigned long, void *);
      |               ^~~~~~~~~~~
/usr/local/mxe/usr/x86_64-w64-mingw32.static/include/processthreadsapi.h:324:29: note: previous declaration of 'TlsSetValue' with type 'WINBOOL(DWORD,  void *)' {aka 'int(long unsigned int,  void *)'}
  324 |   WINBASEAPI WINBOOL WINAPI TlsSetValue (DWORD dwTlsIndex, LPVOID lpTlsValue);
      |                             ^~~~~~~~~~~
/xemu/include/hw/core/cpu.h:648:15: warning: 'TlsSetValue' redeclared without dllimport attribute: previous dllimport ignored [-Wattributes]
  648 | int __stdcall TlsSetValue(unsigned long, void *);
      |               ^~~~~~~~~~~
[300/663] Compiling C object libsystem.a.p/hw_pci_pcie.c.obj
In file included from /xemu/include/exec/cpu-common.h:13,
                 from /xemu/include/system/memory.h:17,
                 from /xemu/include/hw/pci/pci.h:4,
                 from /xemu/include/hw/pci/pci_device.h:4,
                 from /xemu/include/hw/pci/pci_bridge.h:29,
                 from ../hw/pci/pcie.c:23:
/xemu/include/hw/core/cpu.h:647:17: warning: redundant redeclaration of 'TlsGetValue' [-Wredundant-decls]
  647 | void *__stdcall TlsGetValue(unsigned long);
      |                 ^~~~~~~~~~~
In file included from /usr/local/mxe/usr/x86_64-w64-mingw32.static/include/winbase.h:29,
                 from /usr/local/mxe/usr/x86_64-w64-mingw32.static/include/windows.h:70,
                 from /usr/local/mxe/usr/x86_64-w64-mingw32.static/include/winsock2.h:23,
                 from /xemu/include/system/os-win32.h:29,
                 from /xemu/include/qemu/osdep.h:178,
                 from ../hw/pci/pcie.c:21:
/usr/local/mxe/usr/x86_64-w64-mingw32.static/include/processthreadsapi.h:323:28: note: previous declaration of 'TlsGetValue' with type 'void *(DWORD)' {aka 'void *(long unsigned int)'}
  323 |   WINBASEAPI LPVOID WINAPI TlsGetValue (DWORD dwTlsIndex);
      |                            ^~~~~~~~~~~
/xemu/include/hw/core/cpu.h:647:17: warning: 'TlsGetValue' redeclared without dllimport attribute: previous dllimport ignored [-Wattributes]
  647 | void *__stdcall TlsGetValue(unsigned long);
      |                 ^~~~~~~~~~~
/xemu/include/hw/core/cpu.h:648:15: warning: redundant redeclaration of 'TlsSetValue' [-Wredundant-decls]
  648 | int __stdcall TlsSetValue(unsigned long, void *);
      |               ^~~~~~~~~~~
/usr/local/mxe/usr/x86_64-w64-mingw32.static/include/processthreadsapi.h:324:29: note: previous declaration of 'TlsSetValue' with type 'WINBOOL(DWORD,  void *)' {aka 'int(long unsigned int,  void *)'}
  324 |   WINBASEAPI WINBOOL WINAPI TlsSetValue (DWORD dwTlsIndex, LPVOID lpTlsValue);
      |                             ^~~~~~~~~~~
/xemu/include/hw/core/cpu.h:648:15: warning: 'TlsSetValue' redeclared without dllimport attribute: previous dllimport ignored [-Wattributes]
  648 | int __stdcall TlsSetValue(unsigned long, void *);
      |               ^~~~~~~~~~~
[301/663] Compiling C object libsystem.a.p/hw_uefi_ovmf-log.c.obj
In file included from /xemu/include/exec/cpu-common.h:13,
                 from /xemu/include/system/memory.h:17,
                 from /xemu/include/hw/boards.h:6,
                 from ../hw/uefi/ovmf-log.c:12:
/xemu/include/hw/core/cpu.h:647:17: warning: redundant redeclaration of 'TlsGetValue' [-Wredundant-decls]
  647 | void *__stdcall TlsGetValue(unsigned long);
      |                 ^~~~~~~~~~~
In file included from /usr/local/mxe/usr/x86_64-w64-mingw32.static/include/winbase.h:29,
                 from /usr/local/mxe/usr/x86_64-w64-mingw32.static/include/windows.h:70,
                 from /usr/local/mxe/usr/x86_64-w64-mingw32.static/include/winsock2.h:23,
                 from /xemu/include/system/os-win32.h:29,
                 from /xemu/include/qemu/osdep.h:178,
                 from ../hw/uefi/ovmf-log.c:9:
/usr/local/mxe/usr/x86_64-w64-mingw32.static/include/processthreadsapi.h:323:28: note: previous declaration of 'TlsGetValue' with type 'void *(DWORD)' {aka 'void *(long unsigned int)'}
  323 |   WINBASEAPI LPVOID WINAPI TlsGetValue (DWORD dwTlsIndex);
      |                            ^~~~~~~~~~~
/xemu/include/hw/core/cpu.h:647:17: warning: 'TlsGetValue' redeclared without dllimport attribute: previous dllimport ignored [-Wattributes]
  647 | void *__stdcall TlsGetValue(unsigned long);
      |                 ^~~~~~~~~~~
/xemu/include/hw/core/cpu.h:648:15: warning: redundant redeclaration of 'TlsSetValue' [-Wredundant-decls]
  648 | int __stdcall TlsSetValue(unsigned long, void *);
      |               ^~~~~~~~~~~
/usr/local/mxe/usr/x86_64-w64-mingw32.static/include/processthreadsapi.h:324:29: note: previous declaration of 'TlsSetValue' with type 'WINBOOL(DWORD,  void *)' {aka 'int(long unsigned int,  void *)'}
  324 |   WINBASEAPI WINBOOL WINAPI TlsSetValue (DWORD dwTlsIndex, LPVOID lpTlsValue);
      |                             ^~~~~~~~~~~
/xemu/include/hw/core/cpu.h:648:15: warning: 'TlsSetValue' redeclared without dllimport attribute: previous dllimport ignored [-Wattributes]
  648 | int __stdcall TlsSetValue(unsigned long, void *);
      |               ^~~~~~~~~~~
[302/663] Compiling C object libsystem.a.p/hw_pci_pci.c.obj
In file included from /xemu/include/exec/cpu-common.h:13,
                 from /xemu/include/system/memory.h:17,
                 from /xemu/include/hw/pci/pci.h:4,
                 from ../hw/pci/pci.c:29:
/xemu/include/hw/core/cpu.h:647:17: warning: redundant redeclaration of 'TlsGetValue' [-Wredundant-decls]
  647 | void *__stdcall TlsGetValue(unsigned long);
      |                 ^~~~~~~~~~~
In file included from /usr/local/mxe/usr/x86_64-w64-mingw32.static/include/winbase.h:29,
                 from /usr/local/mxe/usr/x86_64-w64-mingw32.static/include/windows.h:70,
                 from /usr/local/mxe/usr/x86_64-w64-mingw32.static/include/winsock2.h:23,
                 from /xemu/include/system/os-win32.h:29,
                 from /xemu/include/qemu/osdep.h:178,
                 from ../hw/pci/pci.c:25:
/usr/local/mxe/usr/x86_64-w64-mingw32.static/include/processthreadsapi.h:323:28: note: previous declaration of 'TlsGetValue' with type 'void *(DWORD)' {aka 'void *(long unsigned int)'}
  323 |   WINBASEAPI LPVOID WINAPI TlsGetValue (DWORD dwTlsIndex);
      |                            ^~~~~~~~~~~
/xemu/include/hw/core/cpu.h:647:17: warning: 'TlsGetValue' redeclared without dllimport attribute: previous dllimport ignored [-Wattributes]
  647 | void *__stdcall TlsGetValue(unsigned long);
      |                 ^~~~~~~~~~~
/xemu/include/hw/core/cpu.h:648:15: warning: redundant redeclaration of 'TlsSetValue' [-Wredundant-decls]
  648 | int __stdcall TlsSetValue(unsigned long, void *);
      |               ^~~~~~~~~~~
/usr/local/mxe/usr/x86_64-w64-mingw32.static/include/processthreadsapi.h:324:29: note: previous declaration of 'TlsSetValue' with type 'WINBOOL(DWORD,  void *)' {aka 'int(long unsigned int,  void *)'}
  324 |   WINBASEAPI WINBOOL WINAPI TlsSetValue (DWORD dwTlsIndex, LPVOID lpTlsValue);
      |                             ^~~~~~~~~~~
/xemu/include/hw/core/cpu.h:648:15: warning: 'TlsSetValue' redeclared without dllimport attribute: previous dllimport ignored [-Wattributes]
  648 | int __stdcall TlsSetValue(unsigned long, void *);
      |               ^~~~~~~~~~~
[303/663] Compiling C object libsystem.a.p/hw_usb_combined-packet.c.obj
In file included from /xemu/include/exec/cpu-common.h:13,
                 from /xemu/include/system/memory.h:17,
                 from /xemu/include/hw/usb.h:28,
                 from ../hw/usb/combined-packet.c:24:
/xemu/include/hw/core/cpu.h:647:17: warning: redundant redeclaration of 'TlsGetValue' [-Wredundant-decls]
  647 | void *__stdcall TlsGetValue(unsigned long);
      |                 ^~~~~~~~~~~
In file included from /usr/local/mxe/usr/x86_64-w64-mingw32.static/include/winbase.h:29,
                 from /usr/local/mxe/usr/x86_64-w64-mingw32.static/include/windows.h:70,
                 from /usr/local/mxe/usr/x86_64-w64-mingw32.static/include/winsock2.h:23,
                 from /xemu/include/system/os-win32.h:29,
                 from /xemu/include/qemu/osdep.h:178,
                 from ../hw/usb/combined-packet.c:22:
/usr/local/mxe/usr/x86_64-w64-mingw32.static/include/processthreadsapi.h:323:28: note: previous declaration of 'TlsGetValue' with type 'void *(DWORD)' {aka 'void *(long unsigned int)'}
  323 |   WINBASEAPI LPVOID WINAPI TlsGetValue (DWORD dwTlsIndex);
      |                            ^~~~~~~~~~~
/xemu/include/hw/core/cpu.h:647:17: warning: 'TlsGetValue' redeclared without dllimport attribute: previous dllimport ignored [-Wattributes]
  647 | void *__stdcall TlsGetValue(unsigned long);
      |                 ^~~~~~~~~~~
/xemu/include/hw/core/cpu.h:648:15: warning: redundant redeclaration of 'TlsSetValue' [-Wredundant-decls]
  648 | int __stdcall TlsSetValue(unsigned long, void *);
      |               ^~~~~~~~~~~
/usr/local/mxe/usr/x86_64-w64-mingw32.static/include/processthreadsapi.h:324:29: note: previous declaration of 'TlsSetValue' with type 'WINBOOL(DWORD,  void *)' {aka 'int(long unsigned int,  void *)'}
  324 |   WINBASEAPI WINBOOL WINAPI TlsSetValue (DWORD dwTlsIndex, LPVOID lpTlsValue);
      |                             ^~~~~~~~~~~
/xemu/include/hw/core/cpu.h:648:15: warning: 'TlsSetValue' redeclared without dllimport attribute: previous dllimport ignored [-Wattributes]
  648 | int __stdcall TlsSetValue(unsigned long, void *);
      |               ^~~~~~~~~~~
[304/663] Compiling C object libsystem.a.p/hw_scsi_scsi-bus.c.obj
In file included from /xemu/include/exec/cpu-common.h:13,
                 from /xemu/include/system/memory.h:17,
                 from /xemu/include/system/dma.h:13,
                 from ../hw/scsi/scsi-bus.c:17:
/xemu/include/hw/core/cpu.h:647:17: warning: redundant redeclaration of 'TlsGetValue' [-Wredundant-decls]
  647 | void *__stdcall TlsGetValue(unsigned long);
      |                 ^~~~~~~~~~~
In file included from /usr/local/mxe/usr/x86_64-w64-mingw32.static/include/winbase.h:29,
                 from /usr/local/mxe/usr/x86_64-w64-mingw32.static/include/windows.h:70,
                 from /usr/local/mxe/usr/x86_64-w64-mingw32.static/include/winsock2.h:23,
                 from /xemu/include/system/os-win32.h:29,
                 from /xemu/include/qemu/osdep.h:178,
                 from ../hw/scsi/scsi-bus.c:1:
/usr/local/mxe/usr/x86_64-w64-mingw32.static/include/processthreadsapi.h:323:28: note: previous declaration of 'TlsGetValue' with type 'void *(DWORD)' {aka 'void *(long unsigned int)'}
  323 |   WINBASEAPI LPVOID WINAPI TlsGetValue (DWORD dwTlsIndex);
      |                            ^~~~~~~~~~~
/xemu/include/hw/core/cpu.h:647:17: warning: 'TlsGetValue' redeclared without dllimport attribute: previous dllimport ignored [-Wattributes]
  647 | void *__stdcall TlsGetValue(unsigned long);
      |                 ^~~~~~~~~~~
/xemu/include/hw/core/cpu.h:648:15: warning: redundant redeclaration of 'TlsSetValue' [-Wredundant-decls]
  648 | int __stdcall TlsSetValue(unsigned long, void *);
      |               ^~~~~~~~~~~
/usr/local/mxe/usr/x86_64-w64-mingw32.static/include/processthreadsapi.h:324:29: note: previous declaration of 'TlsSetValue' with type 'WINBOOL(DWORD,  void *)' {aka 'int(long unsigned int,  void *)'}
  324 |   WINBASEAPI WINBOOL WINAPI TlsSetValue (DWORD dwTlsIndex, LPVOID lpTlsValue);
      |                             ^~~~~~~~~~~
/xemu/include/hw/core/cpu.h:648:15: warning: 'TlsSetValue' redeclared without dllimport attribute: previous dllimport ignored [-Wattributes]
  648 | int __stdcall TlsSetValue(unsigned long, void *);
      |               ^~~~~~~~~~~
[305/663] Compiling C object libsystem.a.p/hw_usb_desc-msos.c.obj
In file included from /xemu/include/exec/cpu-common.h:13,
                 from /xemu/include/system/memory.h:17,
                 from /xemu/include/hw/usb.h:28,
                 from ../hw/usb/desc-msos.c:2:
/xemu/include/hw/core/cpu.h:647:17: warning: redundant redeclaration of 'TlsGetValue' [-Wredundant-decls]
  647 | void *__stdcall TlsGetValue(unsigned long);
      |                 ^~~~~~~~~~~
In file included from /usr/local/mxe/usr/x86_64-w64-mingw32.static/include/winbase.h:29,
                 from /usr/local/mxe/usr/x86_64-w64-mingw32.static/include/windows.h:70,
                 from /usr/local/mxe/usr/x86_64-w64-mingw32.static/include/winsock2.h:23,
                 from /xemu/include/system/os-win32.h:29,
                 from /xemu/include/qemu/osdep.h:178,
                 from ../hw/usb/desc-msos.c:1:
/usr/local/mxe/usr/x86_64-w64-mingw32.static/include/processthreadsapi.h:323:28: note: previous declaration of 'TlsGetValue' with type 'void *(DWORD)' {aka 'void *(long unsigned int)'}
  323 |   WINBASEAPI LPVOID WINAPI TlsGetValue (DWORD dwTlsIndex);
      |                            ^~~~~~~~~~~
/xemu/include/hw/core/cpu.h:647:17: warning: 'TlsGetValue' redeclared without dllimport attribute: previous dllimport ignored [-Wattributes]
  647 | void *__stdcall TlsGetValue(unsigned long);
      |                 ^~~~~~~~~~~
/xemu/include/hw/core/cpu.h:648:15: warning: redundant redeclaration of 'TlsSetValue' [-Wredundant-decls]
  648 | int __stdcall TlsSetValue(unsigned long, void *);
      |               ^~~~~~~~~~~
/usr/local/mxe/usr/x86_64-w64-mingw32.static/include/processthreadsapi.h:324:29: note: previous declaration of 'TlsSetValue' with type 'WINBOOL(DWORD,  void *)' {aka 'int(long unsigned int,  void *)'}
  324 |   WINBASEAPI WINBOOL WINAPI TlsSetValue (DWORD dwTlsIndex, LPVOID lpTlsValue);
      |                             ^~~~~~~~~~~
/xemu/include/hw/core/cpu.h:648:15: warning: 'TlsSetValue' redeclared without dllimport attribute: previous dllimport ignored [-Wattributes]
  648 | int __stdcall TlsSetValue(unsigned long, void *);
      |               ^~~~~~~~~~~
[306/663] Compiling C object libsystem.a.p/hw_usb_libhw.c.obj
In file included from /xemu/include/exec/cpu-common.h:13,
                 from /xemu/include/system/memory.h:17,
                 from /xemu/include/hw/usb.h:28,
                 from ../hw/usb/libhw.c:23:
/xemu/include/hw/core/cpu.h:647:17: warning: redundant redeclaration of 'TlsGetValue' [-Wredundant-decls]
  647 | void *__stdcall TlsGetValue(unsigned long);
      |                 ^~~~~~~~~~~
In file included from /usr/local/mxe/usr/x86_64-w64-mingw32.static/include/winbase.h:29,
                 from /usr/local/mxe/usr/x86_64-w64-mingw32.static/include/windows.h:70,
                 from /usr/local/mxe/usr/x86_64-w64-mingw32.static/include/winsock2.h:23,
                 from /xemu/include/system/os-win32.h:29,
                 from /xemu/include/qemu/osdep.h:178,
                 from ../hw/usb/libhw.c:22:
/usr/local/mxe/usr/x86_64-w64-mingw32.static/include/processthreadsapi.h:323:28: note: previous declaration of 'TlsGetValue' with type 'void *(DWORD)' {aka 'void *(long unsigned int)'}
  323 |   WINBASEAPI LPVOID WINAPI TlsGetValue (DWORD dwTlsIndex);
      |                            ^~~~~~~~~~~
/xemu/include/hw/core/cpu.h:647:17: warning: 'TlsGetValue' redeclared without dllimport attribute: previous dllimport ignored [-Wattributes]
  647 | void *__stdcall TlsGetValue(unsigned long);
      |                 ^~~~~~~~~~~
/xemu/include/hw/core/cpu.h:648:15: warning: redundant redeclaration of 'TlsSetValue' [-Wredundant-decls]
  648 | int __stdcall TlsSetValue(unsigned long, void *);
      |               ^~~~~~~~~~~
/usr/local/mxe/usr/x86_64-w64-mingw32.static/include/processthreadsapi.h:324:29: note: previous declaration of 'TlsSetValue' with type 'WINBOOL(DWORD,  void *)' {aka 'int(long unsigned int,  void *)'}
  324 |   WINBASEAPI WINBOOL WINAPI TlsSetValue (DWORD dwTlsIndex, LPVOID lpTlsValue);
      |                             ^~~~~~~~~~~
/xemu/include/hw/core/cpu.h:648:15: warning: 'TlsSetValue' redeclared without dllimport attribute: previous dllimport ignored [-Wattributes]
  648 | int __stdcall TlsSetValue(unsigned long, void *);
      |               ^~~~~~~~~~~
[307/663] Compiling C object libsystem.a.p/hw_usb_bus.c.obj
In file included from /xemu/include/exec/cpu-common.h:13,
                 from /xemu/include/system/memory.h:17,
                 from /xemu/include/hw/usb.h:28,
                 from ../hw/usb/bus.c:3:
/xemu/include/hw/core/cpu.h:647:17: warning: redundant redeclaration of 'TlsGetValue' [-Wredundant-decls]
  647 | void *__stdcall TlsGetValue(unsigned long);
      |                 ^~~~~~~~~~~
In file included from /usr/local/mxe/usr/x86_64-w64-mingw32.static/include/winbase.h:29,
                 from /usr/local/mxe/usr/x86_64-w64-mingw32.static/include/windows.h:70,
                 from /usr/local/mxe/usr/x86_64-w64-mingw32.static/include/winsock2.h:23,
                 from /xemu/include/system/os-win32.h:29,
                 from /xemu/include/qemu/osdep.h:178,
                 from ../hw/usb/bus.c:1:
/usr/local/mxe/usr/x86_64-w64-mingw32.static/include/processthreadsapi.h:323:28: note: previous declaration of 'TlsGetValue' with type 'void *(DWORD)' {aka 'void *(long unsigned int)'}
  323 |   WINBASEAPI LPVOID WINAPI TlsGetValue (DWORD dwTlsIndex);
      |                            ^~~~~~~~~~~
/xemu/include/hw/core/cpu.h:647:17: warning: 'TlsGetValue' redeclared without dllimport attribute: previous dllimport ignored [-Wattributes]
  647 | void *__stdcall TlsGetValue(unsigned long);
      |                 ^~~~~~~~~~~
/xemu/include/hw/core/cpu.h:648:15: warning: redundant redeclaration of 'TlsSetValue' [-Wredundant-decls]
  648 | int __stdcall TlsSetValue(unsigned long, void *);
      |               ^~~~~~~~~~~
/usr/local/mxe/usr/x86_64-w64-mingw32.static/include/processthreadsapi.h:324:29: note: previous declaration of 'TlsSetValue' with type 'WINBOOL(DWORD,  void *)' {aka 'int(long unsigned int,  void *)'}
  324 |   WINBASEAPI WINBOOL WINAPI TlsSetValue (DWORD dwTlsIndex, LPVOID lpTlsValue);
      |                             ^~~~~~~~~~~
/xemu/include/hw/core/cpu.h:648:15: warning: 'TlsSetValue' redeclared without dllimport attribute: previous dllimport ignored [-Wattributes]
  648 | int __stdcall TlsSetValue(unsigned long, void *);
      |               ^~~~~~~~~~~
[308/663] Compiling C object libsystem.a.p/hw_usb_core.c.obj
In file included from /xemu/include/exec/cpu-common.h:13,
                 from /xemu/include/system/memory.h:17,
                 from /xemu/include/hw/usb.h:28,
                 from ../hw/usb/core.c:27:
/xemu/include/hw/core/cpu.h:647:17: warning: redundant redeclaration of 'TlsGetValue' [-Wredundant-decls]
  647 | void *__stdcall TlsGetValue(unsigned long);
      |                 ^~~~~~~~~~~
In file included from /usr/local/mxe/usr/x86_64-w64-mingw32.static/include/winbase.h:29,
                 from /usr/local/mxe/usr/x86_64-w64-mingw32.static/include/windows.h:70,
                 from /usr/local/mxe/usr/x86_64-w64-mingw32.static/include/winsock2.h:23,
                 from /xemu/include/system/os-win32.h:29,
                 from /xemu/include/qemu/osdep.h:178,
                 from ../hw/usb/core.c:26:
/usr/local/mxe/usr/x86_64-w64-mingw32.static/include/processthreadsapi.h:323:28: note: previous declaration of 'TlsGetValue' with type 'void *(DWORD)' {aka 'void *(long unsigned int)'}
  323 |   WINBASEAPI LPVOID WINAPI TlsGetValue (DWORD dwTlsIndex);
      |                            ^~~~~~~~~~~
/xemu/include/hw/core/cpu.h:647:17: warning: 'TlsGetValue' redeclared without dllimport attribute: previous dllimport ignored [-Wattributes]
  647 | void *__stdcall TlsGetValue(unsigned long);
      |                 ^~~~~~~~~~~
/xemu/include/hw/core/cpu.h:648:15: warning: redundant redeclaration of 'TlsSetValue' [-Wredundant-decls]
  648 | int __stdcall TlsSetValue(unsigned long, void *);
      |               ^~~~~~~~~~~
/usr/local/mxe/usr/x86_64-w64-mingw32.static/include/processthreadsapi.h:324:29: note: previous declaration of 'TlsSetValue' with type 'WINBOOL(DWORD,  void *)' {aka 'int(long unsigned int,  void *)'}
  324 |   WINBASEAPI WINBOOL WINAPI TlsSetValue (DWORD dwTlsIndex, LPVOID lpTlsValue);
      |                             ^~~~~~~~~~~
/xemu/include/hw/core/cpu.h:648:15: warning: 'TlsSetValue' redeclared without dllimport attribute: previous dllimport ignored [-Wattributes]
  648 | int __stdcall TlsSetValue(unsigned long, void *);
      |               ^~~~~~~~~~~
[309/663] Compiling C object libsystem.a.p/hw_usb_imx-usb-phy.c.obj
In file included from /xemu/include/exec/cpu-common.h:13,
                 from /xemu/include/system/memory.h:17,
                 from /xemu/include/hw/sysbus.h:7,
                 from /xemu/include/hw/usb/imx-usb-phy.h:4,
                 from ../hw/usb/imx-usb-phy.c:14:
/xemu/include/hw/core/cpu.h:647:17: warning: redundant redeclaration of 'TlsGetValue' [-Wredundant-decls]
  647 | void *__stdcall TlsGetValue(unsigned long);
      |                 ^~~~~~~~~~~
In file included from /usr/local/mxe/usr/x86_64-w64-mingw32.static/include/winbase.h:29,
                 from /usr/local/mxe/usr/x86_64-w64-mingw32.static/include/windows.h:70,
                 from /usr/local/mxe/usr/x86_64-w64-mingw32.static/include/winsock2.h:23,
                 from /xemu/include/system/os-win32.h:29,
                 from /xemu/include/qemu/osdep.h:178,
                 from ../hw/usb/imx-usb-phy.c:13:
/usr/local/mxe/usr/x86_64-w64-mingw32.static/include/processthreadsapi.h:323:28: note: previous declaration of 'TlsGetValue' with type 'void *(DWORD)' {aka 'void *(long unsigned int)'}
  323 |   WINBASEAPI LPVOID WINAPI TlsGetValue (DWORD dwTlsIndex);
      |                            ^~~~~~~~~~~
/xemu/include/hw/core/cpu.h:647:17: warning: 'TlsGetValue' redeclared without dllimport attribute: previous dllimport ignored [-Wattributes]
  647 | void *__stdcall TlsGetValue(unsigned long);
      |                 ^~~~~~~~~~~
/xemu/include/hw/core/cpu.h:648:15: warning: redundant redeclaration of 'TlsSetValue' [-Wredundant-decls]
  648 | int __stdcall TlsSetValue(unsigned long, void *);
      |               ^~~~~~~~~~~
/usr/local/mxe/usr/x86_64-w64-mingw32.static/include/processthreadsapi.h:324:29: note: previous declaration of 'TlsSetValue' with type 'WINBOOL(DWORD,  void *)' {aka 'int(long unsigned int,  void *)'}
  324 |   WINBASEAPI WINBOOL WINAPI TlsSetValue (DWORD dwTlsIndex, LPVOID lpTlsValue);
      |                             ^~~~~~~~~~~
/xemu/include/hw/core/cpu.h:648:15: warning: 'TlsSetValue' redeclared without dllimport attribute: previous dllimport ignored [-Wattributes]
  648 | int __stdcall TlsSetValue(unsigned long, void *);
      |               ^~~~~~~~~~~
[310/663] Compiling C object libsystem.a.p/hw_usb_pcap.c.obj
In file included from /xemu/include/exec/cpu-common.h:13,
                 from /xemu/include/system/memory.h:17,
                 from /xemu/include/hw/usb.h:28,
                 from ../hw/usb/pcap.c:11:
/xemu/include/hw/core/cpu.h:647:17: warning: redundant redeclaration of 'TlsGetValue' [-Wredundant-decls]
  647 | void *__stdcall TlsGetValue(unsigned long);
      |                 ^~~~~~~~~~~
In file included from /usr/local/mxe/usr/x86_64-w64-mingw32.static/include/winbase.h:29,
                 from /usr/local/mxe/usr/x86_64-w64-mingw32.static/include/windows.h:70,
                 from /usr/local/mxe/usr/x86_64-w64-mingw32.static/include/winsock2.h:23,
                 from /xemu/include/system/os-win32.h:29,
                 from /xemu/include/qemu/osdep.h:178,
                 from ../hw/usb/pcap.c:10:
/usr/local/mxe/usr/x86_64-w64-mingw32.static/include/processthreadsapi.h:323:28: note: previous declaration of 'TlsGetValue' with type 'void *(DWORD)' {aka 'void *(long unsigned int)'}
  323 |   WINBASEAPI LPVOID WINAPI TlsGetValue (DWORD dwTlsIndex);
      |                            ^~~~~~~~~~~
/xemu/include/hw/core/cpu.h:647:17: warning: 'TlsGetValue' redeclared without dllimport attribute: previous dllimport ignored [-Wattributes]
  647 | void *__stdcall TlsGetValue(unsigned long);
      |                 ^~~~~~~~~~~
/xemu/include/hw/core/cpu.h:648:15: warning: redundant redeclaration of 'TlsSetValue' [-Wredundant-decls]
  648 | int __stdcall TlsSetValue(unsigned long, void *);
      |               ^~~~~~~~~~~
/usr/local/mxe/usr/x86_64-w64-mingw32.static/include/processthreadsapi.h:324:29: note: previous declaration of 'TlsSetValue' with type 'WINBOOL(DWORD,  void *)' {aka 'int(long unsigned int,  void *)'}
  324 |   WINBASEAPI WINBOOL WINAPI TlsSetValue (DWORD dwTlsIndex, LPVOID lpTlsValue);
      |                             ^~~~~~~~~~~
/xemu/include/hw/core/cpu.h:648:15: warning: 'TlsSetValue' redeclared without dllimport attribute: previous dllimport ignored [-Wattributes]
  648 | int __stdcall TlsSetValue(unsigned long, void *);
      |               ^~~~~~~~~~~
[311/663] Compiling C object libsystem.a.p/hw_usb_hcd-ohci-pci.c.obj
In file included from /xemu/include/exec/cpu-common.h:13,
                 from /xemu/include/system/memory.h:17,
                 from /xemu/include/hw/usb.h:28,
                 from ../hw/usb/hcd-ohci-pci.c:24:
/xemu/include/hw/core/cpu.h:647:17: warning: redundant redeclaration of 'TlsGetValue' [-Wredundant-decls]
  647 | void *__stdcall TlsGetValue(unsigned long);
      |                 ^~~~~~~~~~~
In file included from /usr/local/mxe/usr/x86_64-w64-mingw32.static/include/winbase.h:29,
                 from /usr/local/mxe/usr/x86_64-w64-mingw32.static/include/windows.h:70,
                 from /usr/local/mxe/usr/x86_64-w64-mingw32.static/include/winsock2.h:23,
                 from /xemu/include/system/os-win32.h:29,
                 from /xemu/include/qemu/osdep.h:178,
                 from ../hw/usb/hcd-ohci-pci.c:21:
/usr/local/mxe/usr/x86_64-w64-mingw32.static/include/processthreadsapi.h:323:28: note: previous declaration of 'TlsGetValue' with type 'void *(DWORD)' {aka 'void *(long unsigned int)'}
  323 |   WINBASEAPI LPVOID WINAPI TlsGetValue (DWORD dwTlsIndex);
      |                            ^~~~~~~~~~~
/xemu/include/hw/core/cpu.h:647:17: warning: 'TlsGetValue' redeclared without dllimport attribute: previous dllimport ignored [-Wattributes]
  647 | void *__stdcall TlsGetValue(unsigned long);
      |                 ^~~~~~~~~~~
/xemu/include/hw/core/cpu.h:648:15: warning: redundant redeclaration of 'TlsSetValue' [-Wredundant-decls]
  648 | int __stdcall TlsSetValue(unsigned long, void *);
      |               ^~~~~~~~~~~
/usr/local/mxe/usr/x86_64-w64-mingw32.static/include/processthreadsapi.h:324:29: note: previous declaration of 'TlsSetValue' with type 'WINBOOL(DWORD,  void *)' {aka 'int(long unsigned int,  void *)'}
  324 |   WINBASEAPI WINBOOL WINAPI TlsSetValue (DWORD dwTlsIndex, LPVOID lpTlsValue);
      |                             ^~~~~~~~~~~
/xemu/include/hw/core/cpu.h:648:15: warning: 'TlsSetValue' redeclared without dllimport attribute: previous dllimport ignored [-Wattributes]
  648 | int __stdcall TlsSetValue(unsigned long, void *);
      |               ^~~~~~~~~~~
[312/663] Compiling C object libsystem.a.p/hw_usb_dev-storage-classic.c.obj
In file included from /xemu/include/exec/cpu-common.h:13,
                 from /xemu/include/system/memory.h:17,
                 from /xemu/include/hw/usb.h:28,
                 from ../hw/usb/dev-storage-classic.c:13:
/xemu/include/hw/core/cpu.h:647:17: warning: redundant redeclaration of 'TlsGetValue' [-Wredundant-decls]
  647 | void *__stdcall TlsGetValue(unsigned long);
      |                 ^~~~~~~~~~~
In file included from /usr/local/mxe/usr/x86_64-w64-mingw32.static/include/winbase.h:29,
                 from /usr/local/mxe/usr/x86_64-w64-mingw32.static/include/windows.h:70,
                 from /usr/local/mxe/usr/x86_64-w64-mingw32.static/include/winsock2.h:23,
                 from /xemu/include/system/os-win32.h:29,
                 from /xemu/include/qemu/osdep.h:178,
                 from ../hw/usb/dev-storage-classic.c:10:
/usr/local/mxe/usr/x86_64-w64-mingw32.static/include/processthreadsapi.h:323:28: note: previous declaration of 'TlsGetValue' with type 'void *(DWORD)' {aka 'void *(long unsigned int)'}
  323 |   WINBASEAPI LPVOID WINAPI TlsGetValue (DWORD dwTlsIndex);
      |                            ^~~~~~~~~~~
/xemu/include/hw/core/cpu.h:647:17: warning: 'TlsGetValue' redeclared without dllimport attribute: previous dllimport ignored [-Wattributes]
  647 | void *__stdcall TlsGetValue(unsigned long);
      |                 ^~~~~~~~~~~
/xemu/include/hw/core/cpu.h:648:15: warning: redundant redeclaration of 'TlsSetValue' [-Wredundant-decls]
  648 | int __stdcall TlsSetValue(unsigned long, void *);
      |               ^~~~~~~~~~~
/usr/local/mxe/usr/x86_64-w64-mingw32.static/include/processthreadsapi.h:324:29: note: previous declaration of 'TlsSetValue' with type 'WINBOOL(DWORD,  void *)' {aka 'int(long unsigned int,  void *)'}
  324 |   WINBASEAPI WINBOOL WINAPI TlsSetValue (DWORD dwTlsIndex, LPVOID lpTlsValue);
      |                             ^~~~~~~~~~~
/xemu/include/hw/core/cpu.h:648:15: warning: 'TlsSetValue' redeclared without dllimport attribute: previous dllimport ignored [-Wattributes]
  648 | int __stdcall TlsSetValue(unsigned long, void *);
      |               ^~~~~~~~~~~
[313/663] Compiling C object libsystem.a.p/hw_usb_dev-hub.c.obj
In file included from /xemu/include/exec/cpu-common.h:13,
                 from /xemu/include/system/memory.h:17,
                 from /xemu/include/hw/usb.h:28,
                 from ../hw/usb/dev-hub.c:30:
/xemu/include/hw/core/cpu.h:647:17: warning: redundant redeclaration of 'TlsGetValue' [-Wredundant-decls]
  647 | void *__stdcall TlsGetValue(unsigned long);
      |                 ^~~~~~~~~~~
In file included from /usr/local/mxe/usr/x86_64-w64-mingw32.static/include/winbase.h:29,
                 from /usr/local/mxe/usr/x86_64-w64-mingw32.static/include/windows.h:70,
                 from /usr/local/mxe/usr/x86_64-w64-mingw32.static/include/winsock2.h:23,
                 from /xemu/include/system/os-win32.h:29,
                 from /xemu/include/qemu/osdep.h:178,
                 from ../hw/usb/dev-hub.c:25:
/usr/local/mxe/usr/x86_64-w64-mingw32.static/include/processthreadsapi.h:323:28: note: previous declaration of 'TlsGetValue' with type 'void *(DWORD)' {aka 'void *(long unsigned int)'}
  323 |   WINBASEAPI LPVOID WINAPI TlsGetValue (DWORD dwTlsIndex);
      |                            ^~~~~~~~~~~
/xemu/include/hw/core/cpu.h:647:17: warning: 'TlsGetValue' redeclared without dllimport attribute: previous dllimport ignored [-Wattributes]
  647 | void *__stdcall TlsGetValue(unsigned long);
      |                 ^~~~~~~~~~~
/xemu/include/hw/core/cpu.h:648:15: warning: redundant redeclaration of 'TlsSetValue' [-Wredundant-decls]
  648 | int __stdcall TlsSetValue(unsigned long, void *);
      |               ^~~~~~~~~~~
/usr/local/mxe/usr/x86_64-w64-mingw32.static/include/processthreadsapi.h:324:29: note: previous declaration of 'TlsSetValue' with type 'WINBOOL(DWORD,  void *)' {aka 'int(long unsigned int,  void *)'}
  324 |   WINBASEAPI WINBOOL WINAPI TlsSetValue (DWORD dwTlsIndex, LPVOID lpTlsValue);
      |                             ^~~~~~~~~~~
/xemu/include/hw/core/cpu.h:648:15: warning: 'TlsSetValue' redeclared without dllimport attribute: previous dllimport ignored [-Wattributes]
  648 | int __stdcall TlsSetValue(unsigned long, void *);
      |               ^~~~~~~~~~~
[314/663] Compiling C object libsystem.a.p/hw_usb_dev-storage-bot.c.obj
In file included from /xemu/include/exec/cpu-common.h:13,
                 from /xemu/include/system/memory.h:17,
                 from /xemu/include/hw/usb.h:28,
                 from ../hw/usb/dev-storage-bot.c:12:
/xemu/include/hw/core/cpu.h:647:17: warning: redundant redeclaration of 'TlsGetValue' [-Wredundant-decls]
  647 | void *__stdcall TlsGetValue(unsigned long);
      |                 ^~~~~~~~~~~
In file included from /usr/local/mxe/usr/x86_64-w64-mingw32.static/include/winbase.h:29,
                 from /usr/local/mxe/usr/x86_64-w64-mingw32.static/include/windows.h:70,
                 from /usr/local/mxe/usr/x86_64-w64-mingw32.static/include/winsock2.h:23,
                 from /xemu/include/system/os-win32.h:29,
                 from /xemu/include/qemu/osdep.h:178,
                 from ../hw/usb/dev-storage-bot.c:10:
/usr/local/mxe/usr/x86_64-w64-mingw32.static/include/processthreadsapi.h:323:28: note: previous declaration of 'TlsGetValue' with type 'void *(DWORD)' {aka 'void *(long unsigned int)'}
  323 |   WINBASEAPI LPVOID WINAPI TlsGetValue (DWORD dwTlsIndex);
      |                            ^~~~~~~~~~~
/xemu/include/hw/core/cpu.h:647:17: warning: 'TlsGetValue' redeclared without dllimport attribute: previous dllimport ignored [-Wattributes]
  647 | void *__stdcall TlsGetValue(unsigned long);
      |                 ^~~~~~~~~~~
/xemu/include/hw/core/cpu.h:648:15: warning: redundant redeclaration of 'TlsSetValue' [-Wredundant-decls]
  648 | int __stdcall TlsSetValue(unsigned long, void *);
      |               ^~~~~~~~~~~
/usr/local/mxe/usr/x86_64-w64-mingw32.static/include/processthreadsapi.h:324:29: note: previous declaration of 'TlsSetValue' with type 'WINBOOL(DWORD,  void *)' {aka 'int(long unsigned int,  void *)'}
  324 |   WINBASEAPI WINBOOL WINAPI TlsSetValue (DWORD dwTlsIndex, LPVOID lpTlsValue);
      |                             ^~~~~~~~~~~
/xemu/include/hw/core/cpu.h:648:15: warning: 'TlsSetValue' redeclared without dllimport attribute: previous dllimport ignored [-Wattributes]
  648 | int __stdcall TlsSetValue(unsigned long, void *);
      |               ^~~~~~~~~~~
[315/663] Compiling C object libsystem.a.p/hw_usb_desc.c.obj
In file included from /xemu/include/exec/cpu-common.h:13,
                 from /xemu/include/system/memory.h:17,
                 from /xemu/include/hw/usb.h:28,
                 from ../hw/usb/desc.c:3:
/xemu/include/hw/core/cpu.h:647:17: warning: redundant redeclaration of 'TlsGetValue' [-Wredundant-decls]
  647 | void *__stdcall TlsGetValue(unsigned long);
      |                 ^~~~~~~~~~~
In file included from /usr/local/mxe/usr/x86_64-w64-mingw32.static/include/winbase.h:29,
                 from /usr/local/mxe/usr/x86_64-w64-mingw32.static/include/windows.h:70,
                 from /usr/local/mxe/usr/x86_64-w64-mingw32.static/include/winsock2.h:23,
                 from /xemu/include/system/os-win32.h:29,
                 from /xemu/include/qemu/osdep.h:178,
                 from ../hw/usb/desc.c:1:
/usr/local/mxe/usr/x86_64-w64-mingw32.static/include/processthreadsapi.h:323:28: note: previous declaration of 'TlsGetValue' with type 'void *(DWORD)' {aka 'void *(long unsigned int)'}
  323 |   WINBASEAPI LPVOID WINAPI TlsGetValue (DWORD dwTlsIndex);
      |                            ^~~~~~~~~~~
/xemu/include/hw/core/cpu.h:647:17: warning: 'TlsGetValue' redeclared without dllimport attribute: previous dllimport ignored [-Wattributes]
  647 | void *__stdcall TlsGetValue(unsigned long);
      |                 ^~~~~~~~~~~
/xemu/include/hw/core/cpu.h:648:15: warning: redundant redeclaration of 'TlsSetValue' [-Wredundant-decls]
  648 | int __stdcall TlsSetValue(unsigned long, void *);
      |               ^~~~~~~~~~~
/usr/local/mxe/usr/x86_64-w64-mingw32.static/include/processthreadsapi.h:324:29: note: previous declaration of 'TlsSetValue' with type 'WINBOOL(DWORD,  void *)' {aka 'int(long unsigned int,  void *)'}
  324 |   WINBASEAPI WINBOOL WINAPI TlsSetValue (DWORD dwTlsIndex, LPVOID lpTlsValue);
      |                             ^~~~~~~~~~~
/xemu/include/hw/core/cpu.h:648:15: warning: 'TlsSetValue' redeclared without dllimport attribute: previous dllimport ignored [-Wattributes]
  648 | int __stdcall TlsSetValue(unsigned long, void *);
      |               ^~~~~~~~~~~
[316/663] Compiling C object libsystem.a.p/hw_usb_dev-hid.c.obj
In file included from /xemu/include/exec/cpu-common.h:13,
                 from /xemu/include/system/memory.h:17,
                 from /xemu/include/hw/usb.h:28,
                 from ../hw/usb/dev-hid.c:28:
/xemu/include/hw/core/cpu.h:647:17: warning: redundant redeclaration of 'TlsGetValue' [-Wredundant-decls]
  647 | void *__stdcall TlsGetValue(unsigned long);
      |                 ^~~~~~~~~~~
In file included from /usr/local/mxe/usr/x86_64-w64-mingw32.static/include/winbase.h:29,
                 from /usr/local/mxe/usr/x86_64-w64-mingw32.static/include/windows.h:70,
                 from /usr/local/mxe/usr/x86_64-w64-mingw32.static/include/winsock2.h:23,
                 from /xemu/include/system/os-win32.h:29,
                 from /xemu/include/qemu/osdep.h:178,
                 from ../hw/usb/dev-hid.c:26:
/usr/local/mxe/usr/x86_64-w64-mingw32.static/include/processthreadsapi.h:323:28: note: previous declaration of 'TlsGetValue' with type 'void *(DWORD)' {aka 'void *(long unsigned int)'}
  323 |   WINBASEAPI LPVOID WINAPI TlsGetValue (DWORD dwTlsIndex);
      |                            ^~~~~~~~~~~
/xemu/include/hw/core/cpu.h:647:17: warning: 'TlsGetValue' redeclared without dllimport attribute: previous dllimport ignored [-Wattributes]
  647 | void *__stdcall TlsGetValue(unsigned long);
      |                 ^~~~~~~~~~~
/xemu/include/hw/core/cpu.h:648:15: warning: redundant redeclaration of 'TlsSetValue' [-Wredundant-decls]
  648 | int __stdcall TlsSetValue(unsigned long, void *);
      |               ^~~~~~~~~~~
/usr/local/mxe/usr/x86_64-w64-mingw32.static/include/processthreadsapi.h:324:29: note: previous declaration of 'TlsSetValue' with type 'WINBOOL(DWORD,  void *)' {aka 'int(long unsigned int,  void *)'}
  324 |   WINBASEAPI WINBOOL WINAPI TlsSetValue (DWORD dwTlsIndex, LPVOID lpTlsValue);
      |                             ^~~~~~~~~~~
/xemu/include/hw/core/cpu.h:648:15: warning: 'TlsSetValue' redeclared without dllimport attribute: previous dllimport ignored [-Wattributes]
  648 | int __stdcall TlsSetValue(unsigned long, void *);
      |               ^~~~~~~~~~~
[317/663] Compiling C object libsystem.a.p/hw_scsi_scsi-disk.c.obj
In file included from /xemu/include/exec/cpu-common.h:13,
                 from /xemu/include/system/memory.h:17,
                 from /xemu/include/system/dma.h:13,
                 from ../hw/scsi/scsi-disk.c:41:
/xemu/include/hw/core/cpu.h:647:17: warning: redundant redeclaration of 'TlsGetValue' [-Wredundant-decls]
  647 | void *__stdcall TlsGetValue(unsigned long);
      |                 ^~~~~~~~~~~
In file included from /usr/local/mxe/usr/x86_64-w64-mingw32.static/include/winbase.h:29,
                 from /usr/local/mxe/usr/x86_64-w64-mingw32.static/include/windows.h:70,
                 from /usr/local/mxe/usr/x86_64-w64-mingw32.static/include/winsock2.h:23,
                 from /xemu/include/system/os-win32.h:29,
                 from /xemu/include/qemu/osdep.h:178,
                 from ../hw/scsi/scsi-disk.c:22:
/usr/local/mxe/usr/x86_64-w64-mingw32.static/include/processthreadsapi.h:323:28: note: previous declaration of 'TlsGetValue' with type 'void *(DWORD)' {aka 'void *(long unsigned int)'}
  323 |   WINBASEAPI LPVOID WINAPI TlsGetValue (DWORD dwTlsIndex);
      |                            ^~~~~~~~~~~
/xemu/include/hw/core/cpu.h:647:17: warning: 'TlsGetValue' redeclared without dllimport attribute: previous dllimport ignored [-Wattributes]
  647 | void *__stdcall TlsGetValue(unsigned long);
      |                 ^~~~~~~~~~~
/xemu/include/hw/core/cpu.h:648:15: warning: redundant redeclaration of 'TlsSetValue' [-Wredundant-decls]
  648 | int __stdcall TlsSetValue(unsigned long, void *);
      |               ^~~~~~~~~~~
/usr/local/mxe/usr/x86_64-w64-mingw32.static/include/processthreadsapi.h:324:29: note: previous declaration of 'TlsSetValue' with type 'WINBOOL(DWORD,  void *)' {aka 'int(long unsigned int,  void *)'}
  324 |   WINBASEAPI WINBOOL WINAPI TlsSetValue (DWORD dwTlsIndex, LPVOID lpTlsValue);
      |                             ^~~~~~~~~~~
/xemu/include/hw/core/cpu.h:648:15: warning: 'TlsSetValue' redeclared without dllimport attribute: previous dllimport ignored [-Wattributes]
  648 | int __stdcall TlsSetValue(unsigned long, void *);
      |               ^~~~~~~~~~~
[318/663] Compiling C object libsystem.a.p/hw_usb_dev-storage.c.obj
In file included from /xemu/include/exec/cpu-common.h:13,
                 from /xemu/include/system/memory.h:17,
                 from /xemu/include/hw/usb.h:28,
                 from ../hw/usb/dev-storage.c:16:
/xemu/include/hw/core/cpu.h:647:17: warning: redundant redeclaration of 'TlsGetValue' [-Wredundant-decls]
  647 | void *__stdcall TlsGetValue(unsigned long);
      |                 ^~~~~~~~~~~
In file included from /usr/local/mxe/usr/x86_64-w64-mingw32.static/include/winbase.h:29,
                 from /usr/local/mxe/usr/x86_64-w64-mingw32.static/include/windows.h:70,
                 from /usr/local/mxe/usr/x86_64-w64-mingw32.static/include/winsock2.h:23,
                 from /xemu/include/system/os-win32.h:29,
                 from /xemu/include/qemu/osdep.h:178,
                 from ../hw/usb/dev-storage.c:10:
/usr/local/mxe/usr/x86_64-w64-mingw32.static/include/processthreadsapi.h:323:28: note: previous declaration of 'TlsGetValue' with type 'void *(DWORD)' {aka 'void *(long unsigned int)'}
  323 |   WINBASEAPI LPVOID WINAPI TlsGetValue (DWORD dwTlsIndex);
      |                            ^~~~~~~~~~~
/xemu/include/hw/core/cpu.h:647:17: warning: 'TlsGetValue' redeclared without dllimport attribute: previous dllimport ignored [-Wattributes]
  647 | void *__stdcall TlsGetValue(unsigned long);
      |                 ^~~~~~~~~~~
/xemu/include/hw/core/cpu.h:648:15: warning: redundant redeclaration of 'TlsSetValue' [-Wredundant-decls]
  648 | int __stdcall TlsSetValue(unsigned long, void *);
      |               ^~~~~~~~~~~
/usr/local/mxe/usr/x86_64-w64-mingw32.static/include/processthreadsapi.h:324:29: note: previous declaration of 'TlsSetValue' with type 'WINBOOL(DWORD,  void *)' {aka 'int(long unsigned int,  void *)'}
  324 |   WINBASEAPI WINBOOL WINAPI TlsSetValue (DWORD dwTlsIndex, LPVOID lpTlsValue);
      |                             ^~~~~~~~~~~
/xemu/include/hw/core/cpu.h:648:15: warning: 'TlsSetValue' redeclared without dllimport attribute: previous dllimport ignored [-Wattributes]
  648 | int __stdcall TlsSetValue(unsigned long, void *);
      |               ^~~~~~~~~~~
[319/663] Compiling C object libsystem.a.p/hw_usb_hcd-uhci.c.obj
In file included from /xemu/include/exec/cpu-common.h:13,
                 from /xemu/include/system/memory.h:17,
                 from /xemu/include/hw/usb.h:28,
                 from ../hw/usb/hcd-uhci.c:30:
/xemu/include/hw/core/cpu.h:647:17: warning: redundant redeclaration of 'TlsGetValue' [-Wredundant-decls]
  647 | void *__stdcall TlsGetValue(unsigned long);
      |                 ^~~~~~~~~~~
In file included from /usr/local/mxe/usr/x86_64-w64-mingw32.static/include/winbase.h:29,
                 from /usr/local/mxe/usr/x86_64-w64-mingw32.static/include/windows.h:70,
                 from /usr/local/mxe/usr/x86_64-w64-mingw32.static/include/winsock2.h:23,
                 from /xemu/include/system/os-win32.h:29,
                 from /xemu/include/qemu/osdep.h:178,
                 from ../hw/usb/hcd-uhci.c:29:
/usr/local/mxe/usr/x86_64-w64-mingw32.static/include/processthreadsapi.h:323:28: note: previous declaration of 'TlsGetValue' with type 'void *(DWORD)' {aka 'void *(long unsigned int)'}
  323 |   WINBASEAPI LPVOID WINAPI TlsGetValue (DWORD dwTlsIndex);
      |                            ^~~~~~~~~~~
/xemu/include/hw/core/cpu.h:647:17: warning: 'TlsGetValue' redeclared without dllimport attribute: previous dllimport ignored [-Wattributes]
  647 | void *__stdcall TlsGetValue(unsigned long);
      |                 ^~~~~~~~~~~
/xemu/include/hw/core/cpu.h:648:15: warning: redundant redeclaration of 'TlsSetValue' [-Wredundant-decls]
  648 | int __stdcall TlsSetValue(unsigned long, void *);
      |               ^~~~~~~~~~~
/usr/local/mxe/usr/x86_64-w64-mingw32.static/include/processthreadsapi.h:324:29: note: previous declaration of 'TlsSetValue' with type 'WINBOOL(DWORD,  void *)' {aka 'int(long unsigned int,  void *)'}
  324 |   WINBASEAPI WINBOOL WINAPI TlsSetValue (DWORD dwTlsIndex, LPVOID lpTlsValue);
      |                             ^~~~~~~~~~~
/xemu/include/hw/core/cpu.h:648:15: warning: 'TlsSetValue' redeclared without dllimport attribute: previous dllimport ignored [-Wattributes]
  648 | int __stdcall TlsSetValue(unsigned long, void *);
      |               ^~~~~~~~~~~
[320/663] Compiling C object libsystem.a.p/hw_usb_dev-wacom.c.obj
In file included from /xemu/include/exec/cpu-common.h:13,
                 from /xemu/include/system/memory.h:17,
                 from /xemu/include/hw/usb.h:28,
                 from ../hw/usb/dev-wacom.c:31:
/xemu/include/hw/core/cpu.h:647:17: warning: redundant redeclaration of 'TlsGetValue' [-Wredundant-decls]
  647 | void *__stdcall TlsGetValue(unsigned long);
      |                 ^~~~~~~~~~~
In file included from /usr/local/mxe/usr/x86_64-w64-mingw32.static/include/winbase.h:29,
                 from /usr/local/mxe/usr/x86_64-w64-mingw32.static/include/windows.h:70,
                 from /usr/local/mxe/usr/x86_64-w64-mingw32.static/include/winsock2.h:23,
                 from /xemu/include/system/os-win32.h:29,
                 from /xemu/include/qemu/osdep.h:178,
                 from ../hw/usb/dev-wacom.c:29:
/usr/local/mxe/usr/x86_64-w64-mingw32.static/include/processthreadsapi.h:323:28: note: previous declaration of 'TlsGetValue' with type 'void *(DWORD)' {aka 'void *(long unsigned int)'}
  323 |   WINBASEAPI LPVOID WINAPI TlsGetValue (DWORD dwTlsIndex);
      |                            ^~~~~~~~~~~
/xemu/include/hw/core/cpu.h:647:17: warning: 'TlsGetValue' redeclared without dllimport attribute: previous dllimport ignored [-Wattributes]
  647 | void *__stdcall TlsGetValue(unsigned long);
      |                 ^~~~~~~~~~~
/xemu/include/hw/core/cpu.h:648:15: warning: redundant redeclaration of 'TlsSetValue' [-Wredundant-decls]
  648 | int __stdcall TlsSetValue(unsigned long, void *);
      |               ^~~~~~~~~~~
/usr/local/mxe/usr/x86_64-w64-mingw32.static/include/processthreadsapi.h:324:29: note: previous declaration of 'TlsSetValue' with type 'WINBOOL(DWORD,  void *)' {aka 'int(long unsigned int,  void *)'}
  324 |   WINBASEAPI WINBOOL WINAPI TlsSetValue (DWORD dwTlsIndex, LPVOID lpTlsValue);
      |                             ^~~~~~~~~~~
/xemu/include/hw/core/cpu.h:648:15: warning: 'TlsSetValue' redeclared without dllimport attribute: previous dllimport ignored [-Wattributes]
  648 | int __stdcall TlsSetValue(unsigned long, void *);
      |               ^~~~~~~~~~~
[321/663] Compiling C object libsystem.a.p/hw_usb_dev-audio.c.obj
In file included from /xemu/include/exec/cpu-common.h:13,
                 from /xemu/include/system/memory.h:17,
                 from /xemu/include/hw/usb.h:28,
                 from ../hw/usb/dev-audio.c:35:
/xemu/include/hw/core/cpu.h:647:17: warning: redundant redeclaration of 'TlsGetValue' [-Wredundant-decls]
  647 | void *__stdcall TlsGetValue(unsigned long);
      |                 ^~~~~~~~~~~
In file included from /usr/local/mxe/usr/x86_64-w64-mingw32.static/include/winbase.h:29,
                 from /usr/local/mxe/usr/x86_64-w64-mingw32.static/include/windows.h:70,
                 from /usr/local/mxe/usr/x86_64-w64-mingw32.static/include/winsock2.h:23,
                 from /xemu/include/system/os-win32.h:29,
                 from /xemu/include/qemu/osdep.h:178,
                 from ../hw/usb/dev-audio.c:32:
/usr/local/mxe/usr/x86_64-w64-mingw32.static/include/processthreadsapi.h:323:28: note: previous declaration of 'TlsGetValue' with type 'void *(DWORD)' {aka 'void *(long unsigned int)'}
  323 |   WINBASEAPI LPVOID WINAPI TlsGetValue (DWORD dwTlsIndex);
      |                            ^~~~~~~~~~~
/xemu/include/hw/core/cpu.h:647:17: warning: 'TlsGetValue' redeclared without dllimport attribute: previous dllimport ignored [-Wattributes]
  647 | void *__stdcall TlsGetValue(unsigned long);
      |                 ^~~~~~~~~~~
/xemu/include/hw/core/cpu.h:648:15: warning: redundant redeclaration of 'TlsSetValue' [-Wredundant-decls]
  648 | int __stdcall TlsSetValue(unsigned long, void *);
      |               ^~~~~~~~~~~
/usr/local/mxe/usr/x86_64-w64-mingw32.static/include/processthreadsapi.h:324:29: note: previous declaration of 'TlsSetValue' with type 'WINBOOL(DWORD,  void *)' {aka 'int(long unsigned int,  void *)'}
  324 |   WINBASEAPI WINBOOL WINAPI TlsSetValue (DWORD dwTlsIndex, LPVOID lpTlsValue);
      |                             ^~~~~~~~~~~
/xemu/include/hw/core/cpu.h:648:15: warning: 'TlsSetValue' redeclared without dllimport attribute: previous dllimport ignored [-Wattributes]
  648 | int __stdcall TlsSetValue(unsigned long, void *);
      |               ^~~~~~~~~~~
[322/663] Compiling C object libsystem.a.p/hw_usb_dev-serial.c.obj
In file included from /xemu/include/exec/cpu-common.h:13,
                 from /xemu/include/system/memory.h:17,
                 from /xemu/include/hw/usb.h:28,
                 from ../hw/usb/dev-serial.c:18:
/xemu/include/hw/core/cpu.h:647:17: warning: redundant redeclaration of 'TlsGetValue' [-Wredundant-decls]
  647 | void *__stdcall TlsGetValue(unsigned long);
      |                 ^~~~~~~~~~~
In file included from /usr/local/mxe/usr/x86_64-w64-mingw32.static/include/winbase.h:29,
                 from /usr/local/mxe/usr/x86_64-w64-mingw32.static/include/windows.h:70,
                 from /usr/local/mxe/usr/x86_64-w64-mingw32.static/include/winsock2.h:23,
                 from /xemu/include/system/os-win32.h:29,
                 from /xemu/include/qemu/osdep.h:178,
                 from ../hw/usb/dev-serial.c:11:
/usr/local/mxe/usr/x86_64-w64-mingw32.static/include/processthreadsapi.h:323:28: note: previous declaration of 'TlsGetValue' with type 'void *(DWORD)' {aka 'void *(long unsigned int)'}
  323 |   WINBASEAPI LPVOID WINAPI TlsGetValue (DWORD dwTlsIndex);
      |                            ^~~~~~~~~~~
/xemu/include/hw/core/cpu.h:647:17: warning: 'TlsGetValue' redeclared without dllimport attribute: previous dllimport ignored [-Wattributes]
  647 | void *__stdcall TlsGetValue(unsigned long);
      |                 ^~~~~~~~~~~
/xemu/include/hw/core/cpu.h:648:15: warning: redundant redeclaration of 'TlsSetValue' [-Wredundant-decls]
  648 | int __stdcall TlsSetValue(unsigned long, void *);
      |               ^~~~~~~~~~~
/usr/local/mxe/usr/x86_64-w64-mingw32.static/include/processthreadsapi.h:324:29: note: previous declaration of 'TlsSetValue' with type 'WINBOOL(DWORD,  void *)' {aka 'int(long unsigned int,  void *)'}
  324 |   WINBASEAPI WINBOOL WINAPI TlsSetValue (DWORD dwTlsIndex, LPVOID lpTlsValue);
      |                             ^~~~~~~~~~~
/xemu/include/hw/core/cpu.h:648:15: warning: 'TlsSetValue' redeclared without dllimport attribute: previous dllimport ignored [-Wattributes]
  648 | int __stdcall TlsSetValue(unsigned long, void *);
      |               ^~~~~~~~~~~
[323/663] Compiling C object libsystem.a.p/hw_usb_dev-network.c.obj
In file included from /xemu/include/exec/cpu-common.h:13,
                 from /xemu/include/system/memory.h:17,
                 from /xemu/include/hw/usb.h:28,
                 from ../hw/usb/dev-network.c:29:
/xemu/include/hw/core/cpu.h:647:17: warning: redundant redeclaration of 'TlsGetValue' [-Wredundant-decls]
  647 | void *__stdcall TlsGetValue(unsigned long);
      |                 ^~~~~~~~~~~
In file included from /usr/local/mxe/usr/x86_64-w64-mingw32.static/include/winbase.h:29,
                 from /usr/local/mxe/usr/x86_64-w64-mingw32.static/include/windows.h:70,
                 from /usr/local/mxe/usr/x86_64-w64-mingw32.static/include/winsock2.h:23,
                 from /xemu/include/system/os-win32.h:29,
                 from /xemu/include/qemu/osdep.h:178,
                 from ../hw/usb/dev-network.c:26:
/usr/local/mxe/usr/x86_64-w64-mingw32.static/include/processthreadsapi.h:323:28: note: previous declaration of 'TlsGetValue' with type 'void *(DWORD)' {aka 'void *(long unsigned int)'}
  323 |   WINBASEAPI LPVOID WINAPI TlsGetValue (DWORD dwTlsIndex);
      |                            ^~~~~~~~~~~
/xemu/include/hw/core/cpu.h:647:17: warning: 'TlsGetValue' redeclared without dllimport attribute: previous dllimport ignored [-Wattributes]
  647 | void *__stdcall TlsGetValue(unsigned long);
      |                 ^~~~~~~~~~~
/xemu/include/hw/core/cpu.h:648:15: warning: redundant redeclaration of 'TlsSetValue' [-Wredundant-decls]
  648 | int __stdcall TlsSetValue(unsigned long, void *);
      |               ^~~~~~~~~~~
/usr/local/mxe/usr/x86_64-w64-mingw32.static/include/processthreadsapi.h:324:29: note: previous declaration of 'TlsSetValue' with type 'WINBOOL(DWORD,  void *)' {aka 'int(long unsigned int,  void *)'}
  324 |   WINBASEAPI WINBOOL WINAPI TlsSetValue (DWORD dwTlsIndex, LPVOID lpTlsValue);
      |                             ^~~~~~~~~~~
/xemu/include/hw/core/cpu.h:648:15: warning: 'TlsSetValue' redeclared without dllimport attribute: previous dllimport ignored [-Wattributes]
  648 | int __stdcall TlsSetValue(unsigned long, void *);
      |               ^~~~~~~~~~~
[324/663] Compiling C object libsystem.a.p/hw_usb_u2f.c.obj
In file included from /xemu/include/exec/cpu-common.h:13,
                 from /xemu/include/system/memory.h:17,
                 from /xemu/include/hw/usb.h:28,
                 from ../hw/usb/u2f.c:29:
/xemu/include/hw/core/cpu.h:647:17: warning: redundant redeclaration of 'TlsGetValue' [-Wredundant-decls]
  647 | void *__stdcall TlsGetValue(unsigned long);
      |                 ^~~~~~~~~~~
In file included from /usr/local/mxe/usr/x86_64-w64-mingw32.static/include/winbase.h:29,
                 from /usr/local/mxe/usr/x86_64-w64-mingw32.static/include/windows.h:70,
                 from /usr/local/mxe/usr/x86_64-w64-mingw32.static/include/winsock2.h:23,
                 from /xemu/include/system/os-win32.h:29,
                 from /xemu/include/qemu/osdep.h:178,
                 from ../hw/usb/u2f.c:26:
/usr/local/mxe/usr/x86_64-w64-mingw32.static/include/processthreadsapi.h:323:28: note: previous declaration of 'TlsGetValue' with type 'void *(DWORD)' {aka 'void *(long unsigned int)'}
  323 |   WINBASEAPI LPVOID WINAPI TlsGetValue (DWORD dwTlsIndex);
      |                            ^~~~~~~~~~~
/xemu/include/hw/core/cpu.h:647:17: warning: 'TlsGetValue' redeclared without dllimport attribute: previous dllimport ignored [-Wattributes]
  647 | void *__stdcall TlsGetValue(unsigned long);
      |                 ^~~~~~~~~~~
/xemu/include/hw/core/cpu.h:648:15: warning: redundant redeclaration of 'TlsSetValue' [-Wredundant-decls]
  648 | int __stdcall TlsSetValue(unsigned long, void *);
      |               ^~~~~~~~~~~
/usr/local/mxe/usr/x86_64-w64-mingw32.static/include/processthreadsapi.h:324:29: note: previous declaration of 'TlsSetValue' with type 'WINBOOL(DWORD,  void *)' {aka 'int(long unsigned int,  void *)'}
  324 |   WINBASEAPI WINBOOL WINAPI TlsSetValue (DWORD dwTlsIndex, LPVOID lpTlsValue);
      |                             ^~~~~~~~~~~
/xemu/include/hw/core/cpu.h:648:15: warning: 'TlsSetValue' redeclared without dllimport attribute: previous dllimport ignored [-Wattributes]
  648 | int __stdcall TlsSetValue(unsigned long, void *);
      |               ^~~~~~~~~~~
[325/663] Compiling C object libsystem.a.p/hw_usb_hcd-ohci.c.obj
In file included from /xemu/include/exec/cpu-common.h:13,
                 from /xemu/include/system/memory.h:17,
                 from /xemu/include/hw/usb.h:28,
                 from ../hw/usb/hcd-ohci.c:33:
/xemu/include/hw/core/cpu.h:647:17: warning: redundant redeclaration of 'TlsGetValue' [-Wredundant-decls]
  647 | void *__stdcall TlsGetValue(unsigned long);
      |                 ^~~~~~~~~~~
In file included from /usr/local/mxe/usr/x86_64-w64-mingw32.static/include/winbase.h:29,
                 from /usr/local/mxe/usr/x86_64-w64-mingw32.static/include/windows.h:70,
                 from /usr/local/mxe/usr/x86_64-w64-mingw32.static/include/winsock2.h:23,
                 from /xemu/include/system/os-win32.h:29,
                 from /xemu/include/qemu/osdep.h:178,
                 from ../hw/usb/hcd-ohci.c:28:
/usr/local/mxe/usr/x86_64-w64-mingw32.static/include/processthreadsapi.h:323:28: note: previous declaration of 'TlsGetValue' with type 'void *(DWORD)' {aka 'void *(long unsigned int)'}
  323 |   WINBASEAPI LPVOID WINAPI TlsGetValue (DWORD dwTlsIndex);
      |                            ^~~~~~~~~~~
/xemu/include/hw/core/cpu.h:647:17: warning: 'TlsGetValue' redeclared without dllimport attribute: previous dllimport ignored [-Wattributes]
  647 | void *__stdcall TlsGetValue(unsigned long);
      |                 ^~~~~~~~~~~
/xemu/include/hw/core/cpu.h:648:15: warning: redundant redeclaration of 'TlsSetValue' [-Wredundant-decls]
  648 | int __stdcall TlsSetValue(unsigned long, void *);
      |               ^~~~~~~~~~~
/usr/local/mxe/usr/x86_64-w64-mingw32.static/include/processthreadsapi.h:324:29: note: previous declaration of 'TlsSetValue' with type 'WINBOOL(DWORD,  void *)' {aka 'int(long unsigned int,  void *)'}
  324 |   WINBASEAPI WINBOOL WINAPI TlsSetValue (DWORD dwTlsIndex, LPVOID lpTlsValue);
      |                             ^~~~~~~~~~~
/xemu/include/hw/core/cpu.h:648:15: warning: 'TlsSetValue' redeclared without dllimport attribute: previous dllimport ignored [-Wattributes]
  648 | int __stdcall TlsSetValue(unsigned long, void *);
      |               ^~~~~~~~~~~
[326/663] Compiling C object libsystem.a.p/hw_virtio_vhost-stub.c.obj
In file included from /xemu/include/exec/cpu-common.h:13,
                 from /xemu/include/system/memory.h:17,
                 from /xemu/include/hw/virtio/vhost-backend.h:14,
                 from /xemu/include/net/vhost_net.h:6,
                 from /xemu/include/hw/virtio/vhost.h:4,
                 from ../hw/virtio/vhost-stub.c:2:
/xemu/include/hw/core/cpu.h:647:17: warning: redundant redeclaration of 'TlsGetValue' [-Wredundant-decls]
  647 | void *__stdcall TlsGetValue(unsigned long);
      |                 ^~~~~~~~~~~
In file included from /usr/local/mxe/usr/x86_64-w64-mingw32.static/include/winbase.h:29,
                 from /usr/local/mxe/usr/x86_64-w64-mingw32.static/include/windows.h:70,
                 from /usr/local/mxe/usr/x86_64-w64-mingw32.static/include/winsock2.h:23,
                 from /xemu/include/system/os-win32.h:29,
                 from /xemu/include/qemu/osdep.h:178,
                 from ../hw/virtio/vhost-stub.c:1:
/usr/local/mxe/usr/x86_64-w64-mingw32.static/include/processthreadsapi.h:323:28: note: previous declaration of 'TlsGetValue' with type 'void *(DWORD)' {aka 'void *(long unsigned int)'}
  323 |   WINBASEAPI LPVOID WINAPI TlsGetValue (DWORD dwTlsIndex);
      |                            ^~~~~~~~~~~
/xemu/include/hw/core/cpu.h:647:17: warning: 'TlsGetValue' redeclared without dllimport attribute: previous dllimport ignored [-Wattributes]
  647 | void *__stdcall TlsGetValue(unsigned long);
      |                 ^~~~~~~~~~~
/xemu/include/hw/core/cpu.h:648:15: warning: redundant redeclaration of 'TlsSetValue' [-Wredundant-decls]
  648 | int __stdcall TlsSetValue(unsigned long, void *);
      |               ^~~~~~~~~~~
/usr/local/mxe/usr/x86_64-w64-mingw32.static/include/processthreadsapi.h:324:29: note: previous declaration of 'TlsSetValue' with type 'WINBOOL(DWORD,  void *)' {aka 'int(long unsigned int,  void *)'}
  324 |   WINBASEAPI WINBOOL WINAPI TlsSetValue (DWORD dwTlsIndex, LPVOID lpTlsValue);
      |                             ^~~~~~~~~~~
/xemu/include/hw/core/cpu.h:648:15: warning: 'TlsSetValue' redeclared without dllimport attribute: previous dllimport ignored [-Wattributes]
  648 | int __stdcall TlsSetValue(unsigned long, void *);
      |               ^~~~~~~~~~~
[327/663] Compiling C object libsystem.a.p/hw_virtio_virtio-stub.c.obj
[328/663] Compiling C object libsystem.a.p/hw_virtio_virtio-acpi.c.obj
[329/663] Compiling C object libsystem.a.p/hw_virtio_virtio-md-stubs.c.obj
In file included from /xemu/include/exec/cpu-common.h:13,
                 from /xemu/include/system/memory.h:17,
                 from /xemu/include/hw/pci/pci.h:4,
                 from /xemu/include/hw/pci/pci_device.h:4,
                 from /xemu/include/hw/pci/msi.h:24,
                 from /xemu/include/hw/virtio/virtio-pci.h:18,
                 from /xemu/include/hw/virtio/virtio-md-pci.h:16,
                 from ../hw/virtio/virtio-md-stubs.c:3:
/xemu/include/hw/core/cpu.h:647:17: warning: redundant redeclaration of 'TlsGetValue' [-Wredundant-decls]
  647 | void *__stdcall TlsGetValue(unsigned long);
      |                 ^~~~~~~~~~~
In file included from /usr/local/mxe/usr/x86_64-w64-mingw32.static/include/winbase.h:29,
                 from /usr/local/mxe/usr/x86_64-w64-mingw32.static/include/windows.h:70,
                 from /usr/local/mxe/usr/x86_64-w64-mingw32.static/include/winsock2.h:23,
                 from /xemu/include/system/os-win32.h:29,
                 from /xemu/include/qemu/osdep.h:178,
                 from ../hw/virtio/virtio-md-stubs.c:1:
/usr/local/mxe/usr/x86_64-w64-mingw32.static/include/processthreadsapi.h:323:28: note: previous declaration of 'TlsGetValue' with type 'void *(DWORD)' {aka 'void *(long unsigned int)'}
  323 |   WINBASEAPI LPVOID WINAPI TlsGetValue (DWORD dwTlsIndex);
      |                            ^~~~~~~~~~~
/xemu/include/hw/core/cpu.h:647:17: warning: 'TlsGetValue' redeclared without dllimport attribute: previous dllimport ignored [-Wattributes]
  647 | void *__stdcall TlsGetValue(unsigned long);
      |                 ^~~~~~~~~~~
/xemu/include/hw/core/cpu.h:648:15: warning: redundant redeclaration of 'TlsSetValue' [-Wredundant-decls]
  648 | int __stdcall TlsSetValue(unsigned long, void *);
      |               ^~~~~~~~~~~
/usr/local/mxe/usr/x86_64-w64-mingw32.static/include/processthreadsapi.h:324:29: note: previous declaration of 'TlsSetValue' with type 'WINBOOL(DWORD,  void *)' {aka 'int(long unsigned int,  void *)'}
  324 |   WINBASEAPI WINBOOL WINAPI TlsSetValue (DWORD dwTlsIndex, LPVOID lpTlsValue);
      |                             ^~~~~~~~~~~
/xemu/include/hw/core/cpu.h:648:15: warning: 'TlsSetValue' redeclared without dllimport attribute: previous dllimport ignored [-Wattributes]
  648 | int __stdcall TlsSetValue(unsigned long, void *);
      |               ^~~~~~~~~~~
[330/663] Compiling C object libsystem.a.p/hw_usb_dev-uas.c.obj
In file included from /xemu/include/exec/cpu-common.h:13,
                 from /xemu/include/system/memory.h:17,
                 from /xemu/include/hw/usb.h:28,
                 from ../hw/usb/dev-uas.c:21:
/xemu/include/hw/core/cpu.h:647:17: warning: redundant redeclaration of 'TlsGetValue' [-Wredundant-decls]
  647 | void *__stdcall TlsGetValue(unsigned long);
      |                 ^~~~~~~~~~~
In file included from /usr/local/mxe/usr/x86_64-w64-mingw32.static/include/winbase.h:29,
                 from /usr/local/mxe/usr/x86_64-w64-mingw32.static/include/windows.h:70,
                 from /usr/local/mxe/usr/x86_64-w64-mingw32.static/include/winsock2.h:23,
                 from /xemu/include/system/os-win32.h:29,
                 from /xemu/include/qemu/osdep.h:178,
                 from ../hw/usb/dev-uas.c:12:
/usr/local/mxe/usr/x86_64-w64-mingw32.static/include/processthreadsapi.h:323:28: note: previous declaration of 'TlsGetValue' with type 'void *(DWORD)' {aka 'void *(long unsigned int)'}
  323 |   WINBASEAPI LPVOID WINAPI TlsGetValue (DWORD dwTlsIndex);
      |                            ^~~~~~~~~~~
/xemu/include/hw/core/cpu.h:647:17: warning: 'TlsGetValue' redeclared without dllimport attribute: previous dllimport ignored [-Wattributes]
  647 | void *__stdcall TlsGetValue(unsigned long);
      |                 ^~~~~~~~~~~
/xemu/include/hw/core/cpu.h:648:15: warning: redundant redeclaration of 'TlsSetValue' [-Wredundant-decls]
  648 | int __stdcall TlsSetValue(unsigned long, void *);
      |               ^~~~~~~~~~~
/usr/local/mxe/usr/x86_64-w64-mingw32.static/include/processthreadsapi.h:324:29: note: previous declaration of 'TlsSetValue' with type 'WINBOOL(DWORD,  void *)' {aka 'int(long unsigned int,  void *)'}
  324 |   WINBASEAPI WINBOOL WINAPI TlsSetValue (DWORD dwTlsIndex, LPVOID lpTlsValue);
      |                             ^~~~~~~~~~~
/xemu/include/hw/core/cpu.h:648:15: warning: 'TlsSetValue' redeclared without dllimport attribute: previous dllimport ignored [-Wattributes]
  648 | int __stdcall TlsSetValue(unsigned long, void *);
      |               ^~~~~~~~~~~
[331/663] Compiling C object libsystem.a.p/hw_usb_dev-smartcard-reader.c.obj
In file included from /xemu/include/exec/cpu-common.h:13,
                 from /xemu/include/system/memory.h:17,
                 from /xemu/include/hw/usb.h:28,
                 from ../hw/usb/dev-smartcard-reader.c:44:
/xemu/include/hw/core/cpu.h:647:17: warning: redundant redeclaration of 'TlsGetValue' [-Wredundant-decls]
  647 | void *__stdcall TlsGetValue(unsigned long);
      |                 ^~~~~~~~~~~
In file included from /usr/local/mxe/usr/x86_64-w64-mingw32.static/include/winbase.h:29,
                 from /usr/local/mxe/usr/x86_64-w64-mingw32.static/include/windows.h:70,
                 from /usr/local/mxe/usr/x86_64-w64-mingw32.static/include/winsock2.h:23,
                 from /xemu/include/system/os-win32.h:29,
                 from /xemu/include/qemu/osdep.h:178,
                 from ../hw/usb/dev-smartcard-reader.c:37:
/usr/local/mxe/usr/x86_64-w64-mingw32.static/include/processthreadsapi.h:323:28: note: previous declaration of 'TlsGetValue' with type 'void *(DWORD)' {aka 'void *(long unsigned int)'}
  323 |   WINBASEAPI LPVOID WINAPI TlsGetValue (DWORD dwTlsIndex);
      |                            ^~~~~~~~~~~
/xemu/include/hw/core/cpu.h:647:17: warning: 'TlsGetValue' redeclared without dllimport attribute: previous dllimport ignored [-Wattributes]
  647 | void *__stdcall TlsGetValue(unsigned long);
      |                 ^~~~~~~~~~~
/xemu/include/hw/core/cpu.h:648:15: warning: redundant redeclaration of 'TlsSetValue' [-Wredundant-decls]
  648 | int __stdcall TlsSetValue(unsigned long, void *);
      |               ^~~~~~~~~~~
/usr/local/mxe/usr/x86_64-w64-mingw32.static/include/processthreadsapi.h:324:29: note: previous declaration of 'TlsSetValue' with type 'WINBOOL(DWORD,  void *)' {aka 'int(long unsigned int,  void *)'}
  324 |   WINBASEAPI WINBOOL WINAPI TlsSetValue (DWORD dwTlsIndex, LPVOID lpTlsValue);
      |                             ^~~~~~~~~~~
/xemu/include/hw/core/cpu.h:648:15: warning: 'TlsSetValue' redeclared without dllimport attribute: previous dllimport ignored [-Wattributes]
  648 | int __stdcall TlsSetValue(unsigned long, void *);
      |               ^~~~~~~~~~~
[332/663] Compiling C object libsystem.a.p/hw_vfio_iommufd-stubs.c.obj
[333/663] Compiling C object libsystem.a.p/hw_watchdog_wdt_ib700.c.obj
In file included from /xemu/include/exec/cpu-common.h:13,
                 from /xemu/include/system/memory.h:17,
                 from /xemu/include/hw/isa/isa.h:6,
                 from ../hw/watchdog/wdt_ib700.c:26:
/xemu/include/hw/core/cpu.h:647:17: warning: redundant redeclaration of 'TlsGetValue' [-Wredundant-decls]
  647 | void *__stdcall TlsGetValue(unsigned long);
      |                 ^~~~~~~~~~~
In file included from /usr/local/mxe/usr/x86_64-w64-mingw32.static/include/winbase.h:29,
                 from /usr/local/mxe/usr/x86_64-w64-mingw32.static/include/windows.h:70,
                 from /usr/local/mxe/usr/x86_64-w64-mingw32.static/include/winsock2.h:23,
                 from /xemu/include/system/os-win32.h:29,
                 from /xemu/include/qemu/osdep.h:178,
                 from ../hw/watchdog/wdt_ib700.c:22:
/usr/local/mxe/usr/x86_64-w64-mingw32.static/include/processthreadsapi.h:323:28: note: previous declaration of 'TlsGetValue' with type 'void *(DWORD)' {aka 'void *(long unsigned int)'}
  323 |   WINBASEAPI LPVOID WINAPI TlsGetValue (DWORD dwTlsIndex);
      |                            ^~~~~~~~~~~
/xemu/include/hw/core/cpu.h:647:17: warning: 'TlsGetValue' redeclared without dllimport attribute: previous dllimport ignored [-Wattributes]
  647 | void *__stdcall TlsGetValue(unsigned long);
      |                 ^~~~~~~~~~~
/xemu/include/hw/core/cpu.h:648:15: warning: redundant redeclaration of 'TlsSetValue' [-Wredundant-decls]
  648 | int __stdcall TlsSetValue(unsigned long, void *);
      |               ^~~~~~~~~~~
/usr/local/mxe/usr/x86_64-w64-mingw32.static/include/processthreadsapi.h:324:29: note: previous declaration of 'TlsSetValue' with type 'WINBOOL(DWORD,  void *)' {aka 'int(long unsigned int,  void *)'}
  324 |   WINBASEAPI WINBOOL WINAPI TlsSetValue (DWORD dwTlsIndex, LPVOID lpTlsValue);
      |                             ^~~~~~~~~~~
/xemu/include/hw/core/cpu.h:648:15: warning: 'TlsSetValue' redeclared without dllimport attribute: previous dllimport ignored [-Wattributes]
  648 | int __stdcall TlsSetValue(unsigned long, void *);
      |               ^~~~~~~~~~~
[334/663] Compiling C object libsystem.a.p/hw_xen_xen_stubs.c.obj
In file included from /xemu/include/exec/cpu-common.h:13,
                 from /xemu/include/system/xen.h:13,
                 from ../hw/xen/xen_stubs.c:13:
/xemu/include/hw/core/cpu.h:647:17: warning: redundant redeclaration of 'TlsGetValue' [-Wredundant-decls]
  647 | void *__stdcall TlsGetValue(unsigned long);
      |                 ^~~~~~~~~~~
In file included from /usr/local/mxe/usr/x86_64-w64-mingw32.static/include/winbase.h:29,
                 from /usr/local/mxe/usr/x86_64-w64-mingw32.static/include/windows.h:70,
                 from /usr/local/mxe/usr/x86_64-w64-mingw32.static/include/winsock2.h:23,
                 from /xemu/include/system/os-win32.h:29,
                 from /xemu/include/qemu/osdep.h:178,
                 from ../hw/xen/xen_stubs.c:12:
/usr/local/mxe/usr/x86_64-w64-mingw32.static/include/processthreadsapi.h:323:28: note: previous declaration of 'TlsGetValue' with type 'void *(DWORD)' {aka 'void *(long unsigned int)'}
  323 |   WINBASEAPI LPVOID WINAPI TlsGetValue (DWORD dwTlsIndex);
      |                            ^~~~~~~~~~~
/xemu/include/hw/core/cpu.h:647:17: warning: 'TlsGetValue' redeclared without dllimport attribute: previous dllimport ignored [-Wattributes]
  647 | void *__stdcall TlsGetValue(unsigned long);
      |                 ^~~~~~~~~~~
/xemu/include/hw/core/cpu.h:648:15: warning: redundant redeclaration of 'TlsSetValue' [-Wredundant-decls]
  648 | int __stdcall TlsSetValue(unsigned long, void *);
      |               ^~~~~~~~~~~
/usr/local/mxe/usr/x86_64-w64-mingw32.static/include/processthreadsapi.h:324:29: note: previous declaration of 'TlsSetValue' with type 'WINBOOL(DWORD,  void *)' {aka 'int(long unsigned int,  void *)'}
  324 |   WINBASEAPI WINBOOL WINAPI TlsSetValue (DWORD dwTlsIndex, LPVOID lpTlsValue);
      |                             ^~~~~~~~~~~
/xemu/include/hw/core/cpu.h:648:15: warning: 'TlsSetValue' redeclared without dllimport attribute: previous dllimport ignored [-Wattributes]
  648 | int __stdcall TlsSetValue(unsigned long, void *);
      |               ^~~~~~~~~~~
[335/663] Compiling C object libsystem.a.p/hw_watchdog_watchdog.c.obj
[336/663] Compiling C object libsystem.a.p/hw_virtio_virtio-hmp-cmds.c.obj
[337/663] Compiling C object libsystem.a.p/audio_noaudio.c.obj
[338/663] Compiling C object libsystem.a.p/audio_libretroadio.c.obj
[339/663] Compiling C object libsystem.a.p/audio_wavcapture.c.obj
[340/663] Compiling C object libsystem.a.p/audio_wavaudio.c.obj
[341/663] Compiling C object libsystem.a.p/audio_audio_win_int.c.obj
[342/663] Compiling C object libsystem.a.p/audio_audio-hmp-cmds.c.obj
[343/663] Compiling C object libsystem.a.p/chardev_testdev.c.obj
[344/663] Compiling C object libsystem.a.p/chardev_char-hmp-cmds.c.obj
[345/663] Compiling C object libsystem.a.p/dump_dump-hmp-cmds.c.obj
[346/663] Compiling C object libsystem.a.p/audio_mixeng.c.obj
[347/663] Compiling C object libsystem.a.p/block_blkreplay.c.obj
[348/663] Compiling C object libsystem.a.p/chardev_msmouse.c.obj
[349/663] Compiling C object libsystem.a.p/audio_dsoundaudio.c.obj
[350/663] Compiling C object libsystem.a.p/block_block-ram-registrar.c.obj
[351/663] Compiling C object libsystem.a.p/block_qapi-system.c.obj
[352/663] Compiling C object libsystem.a.p/cpu-target.c.obj
In file included from /xemu/include/exec/cpu-common.h:13,
                 from ../cpu-target.c:23:
/xemu/include/hw/core/cpu.h:647:17: warning: redundant redeclaration of 'TlsGetValue' [-Wredundant-decls]
  647 | void *__stdcall TlsGetValue(unsigned long);
      |                 ^~~~~~~~~~~
In file included from /usr/local/mxe/usr/x86_64-w64-mingw32.static/include/winbase.h:29,
                 from /usr/local/mxe/usr/x86_64-w64-mingw32.static/include/windows.h:70,
                 from /usr/local/mxe/usr/x86_64-w64-mingw32.static/include/winsock2.h:23,
                 from /xemu/include/system/os-win32.h:29,
                 from /xemu/include/qemu/osdep.h:178,
                 from ../cpu-target.c:20:
/usr/local/mxe/usr/x86_64-w64-mingw32.static/include/processthreadsapi.h:323:28: note: previous declaration of 'TlsGetValue' with type 'void *(DWORD)' {aka 'void *(long unsigned int)'}
  323 |   WINBASEAPI LPVOID WINAPI TlsGetValue (DWORD dwTlsIndex);
      |                            ^~~~~~~~~~~
/xemu/include/hw/core/cpu.h:647:17: warning: 'TlsGetValue' redeclared without dllimport attribute: previous dllimport ignored [-Wattributes]
  647 | void *__stdcall TlsGetValue(unsigned long);
      |                 ^~~~~~~~~~~
/xemu/include/hw/core/cpu.h:648:15: warning: redundant redeclaration of 'TlsSetValue' [-Wredundant-decls]
  648 | int __stdcall TlsSetValue(unsigned long, void *);
      |               ^~~~~~~~~~~
/usr/local/mxe/usr/x86_64-w64-mingw32.static/include/processthreadsapi.h:324:29: note: previous declaration of 'TlsSetValue' with type 'WINBOOL(DWORD,  void *)' {aka 'int(long unsigned int,  void *)'}
  324 |   WINBASEAPI WINBOOL WINAPI TlsSetValue (DWORD dwTlsIndex, LPVOID lpTlsValue);
      |                             ^~~~~~~~~~~
/xemu/include/hw/core/cpu.h:648:15: warning: 'TlsSetValue' redeclared without dllimport attribute: previous dllimport ignored [-Wattributes]
  648 | int __stdcall TlsSetValue(unsigned long, void *);
      |               ^~~~~~~~~~~
[353/663] Compiling C object libsystem.a.p/os-win32.c.obj
[354/663] Compiling C object libsystem.a.p/chardev_wctablet.c.obj
[355/663] Compiling C object libsystem.a.p/audio_audio.c.obj
[356/663] Compiling C object libsystem.a.p/system_balloon.c.obj
In file included from /xemu/include/exec/cpu-common.h:13,
                 from /xemu/include/system/balloon.h:17,
                 from ../system/balloon.c:30:
/xemu/include/hw/core/cpu.h:647:17: warning: redundant redeclaration of 'TlsGetValue' [-Wredundant-decls]
  647 | void *__stdcall TlsGetValue(unsigned long);
      |                 ^~~~~~~~~~~
In file included from /usr/local/mxe/usr/x86_64-w64-mingw32.static/include/winbase.h:29,
                 from /usr/local/mxe/usr/x86_64-w64-mingw32.static/include/windows.h:70,
                 from /usr/local/mxe/usr/x86_64-w64-mingw32.static/include/winsock2.h:23,
                 from /xemu/include/system/os-win32.h:29,
                 from /xemu/include/qemu/osdep.h:178,
                 from ../system/balloon.c:27:
/usr/local/mxe/usr/x86_64-w64-mingw32.static/include/processthreadsapi.h:323:28: note: previous declaration of 'TlsGetValue' with type 'void *(DWORD)' {aka 'void *(long unsigned int)'}
  323 |   WINBASEAPI LPVOID WINAPI TlsGetValue (DWORD dwTlsIndex);
      |                            ^~~~~~~~~~~
/xemu/include/hw/core/cpu.h:647:17: warning: 'TlsGetValue' redeclared without dllimport attribute: previous dllimport ignored [-Wattributes]
  647 | void *__stdcall TlsGetValue(unsigned long);
      |                 ^~~~~~~~~~~
/xemu/include/hw/core/cpu.h:648:15: warning: redundant redeclaration of 'TlsSetValue' [-Wredundant-decls]
  648 | int __stdcall TlsSetValue(unsigned long, void *);
      |               ^~~~~~~~~~~
/usr/local/mxe/usr/x86_64-w64-mingw32.static/include/processthreadsapi.h:324:29: note: previous declaration of 'TlsSetValue' with type 'WINBOOL(DWORD,  void *)' {aka 'int(long unsigned int,  void *)'}
  324 |   WINBASEAPI WINBOOL WINAPI TlsSetValue (DWORD dwTlsIndex, LPVOID lpTlsValue);
      |                             ^~~~~~~~~~~
/xemu/include/hw/core/cpu.h:648:15: warning: 'TlsSetValue' redeclared without dllimport attribute: previous dllimport ignored [-Wattributes]
  648 | int __stdcall TlsSetValue(unsigned long, void *);
      |               ^~~~~~~~~~~
[357/663] Compiling C object libsystem.a.p/system_datadir.c.obj
[358/663] Compiling C object libsystem.a.p/system_cpu-timers.c.obj
In file included from ../system/cpu-timers.c:36:
/xemu/include/hw/core/cpu.h:647:17: warning: redundant redeclaration of 'TlsGetValue' [-Wredundant-decls]
  647 | void *__stdcall TlsGetValue(unsigned long);
      |                 ^~~~~~~~~~~
In file included from /usr/local/mxe/usr/x86_64-w64-mingw32.static/include/winbase.h:29,
                 from /usr/local/mxe/usr/x86_64-w64-mingw32.static/include/windows.h:70,
                 from /usr/local/mxe/usr/x86_64-w64-mingw32.static/include/winsock2.h:23,
                 from /xemu/include/system/os-win32.h:29,
                 from /xemu/include/qemu/osdep.h:178,
                 from ../system/cpu-timers.c:25:
/usr/local/mxe/usr/x86_64-w64-mingw32.static/include/processthreadsapi.h:323:28: note: previous declaration of 'TlsGetValue' with type 'void *(DWORD)' {aka 'void *(long unsigned int)'}
  323 |   WINBASEAPI LPVOID WINAPI TlsGetValue (DWORD dwTlsIndex);
      |                            ^~~~~~~~~~~
/xemu/include/hw/core/cpu.h:647:17: warning: 'TlsGetValue' redeclared without dllimport attribute: previous dllimport ignored [-Wattributes]
  647 | void *__stdcall TlsGetValue(unsigned long);
      |                 ^~~~~~~~~~~
/xemu/include/hw/core/cpu.h:648:15: warning: redundant redeclaration of 'TlsSetValue' [-Wredundant-decls]
  648 | int __stdcall TlsSetValue(unsigned long, void *);
      |               ^~~~~~~~~~~
/usr/local/mxe/usr/x86_64-w64-mingw32.static/include/processthreadsapi.h:324:29: note: previous declaration of 'TlsSetValue' with type 'WINBOOL(DWORD,  void *)' {aka 'int(long unsigned int,  void *)'}
  324 |   WINBASEAPI WINBOOL WINAPI TlsSetValue (DWORD dwTlsIndex, LPVOID lpTlsValue);
      |                             ^~~~~~~~~~~
/xemu/include/hw/core/cpu.h:648:15: warning: 'TlsSetValue' redeclared without dllimport attribute: previous dllimport ignored [-Wattributes]
  648 | int __stdcall TlsSetValue(unsigned long, void *);
      |               ^~~~~~~~~~~
[359/663] Compiling C object libsystem.a.p/system_exit-with-parent.c.obj
[360/663] Compiling C object libsystem.a.p/block_monitor_block-hmp-cmds.c.obj
In file included from /xemu/include/exec/cpu-common.h:13,
                 from /xemu/include/system/memory.h:17,
                 from /xemu/include/hw/boards.h:6,
                 from ../block/monitor/block-hmp-cmds.c:39:
/xemu/include/hw/core/cpu.h:647:17: warning: redundant redeclaration of 'TlsGetValue' [-Wredundant-decls]
  647 | void *__stdcall TlsGetValue(unsigned long);
      |                 ^~~~~~~~~~~
In file included from /usr/local/mxe/usr/x86_64-w64-mingw32.static/include/winbase.h:29,
                 from /usr/local/mxe/usr/x86_64-w64-mingw32.static/include/windows.h:70,
                 from /usr/local/mxe/usr/x86_64-w64-mingw32.static/include/winsock2.h:23,
                 from /xemu/include/system/os-win32.h:29,
                 from /xemu/include/qemu/osdep.h:178,
                 from ../block/monitor/block-hmp-cmds.c:38:
/usr/local/mxe/usr/x86_64-w64-mingw32.static/include/processthreadsapi.h:323:28: note: previous declaration of 'TlsGetValue' with type 'void *(DWORD)' {aka 'void *(long unsigned int)'}
  323 |   WINBASEAPI LPVOID WINAPI TlsGetValue (DWORD dwTlsIndex);
      |                            ^~~~~~~~~~~
/xemu/include/hw/core/cpu.h:647:17: warning: 'TlsGetValue' redeclared without dllimport attribute: previous dllimport ignored [-Wattributes]
  647 | void *__stdcall TlsGetValue(unsigned long);
      |                 ^~~~~~~~~~~
/xemu/include/hw/core/cpu.h:648:15: warning: redundant redeclaration of 'TlsSetValue' [-Wredundant-decls]
  648 | int __stdcall TlsSetValue(unsigned long, void *);
      |               ^~~~~~~~~~~
/usr/local/mxe/usr/x86_64-w64-mingw32.static/include/processthreadsapi.h:324:29: note: previous declaration of 'TlsSetValue' with type 'WINBOOL(DWORD,  void *)' {aka 'int(long unsigned int,  void *)'}
  324 |   WINBASEAPI WINBOOL WINAPI TlsSetValue (DWORD dwTlsIndex, LPVOID lpTlsValue);
      |                             ^~~~~~~~~~~
/xemu/include/hw/core/cpu.h:648:15: warning: 'TlsSetValue' redeclared without dllimport attribute: previous dllimport ignored [-Wattributes]
  648 | int __stdcall TlsSetValue(unsigned long, void *);
      |               ^~~~~~~~~~~
[361/663] Compiling C object libsystem.a.p/system_bootdevice.c.obj
In file included from /xemu/include/exec/cpu-common.h:13,
                 from /xemu/include/system/memory.h:17,
                 from /xemu/include/hw/boards.h:6,
                 from ../system/bootdevice.c:32:
/xemu/include/hw/core/cpu.h:647:17: warning: redundant redeclaration of 'TlsGetValue' [-Wredundant-decls]
  647 | void *__stdcall TlsGetValue(unsigned long);
      |                 ^~~~~~~~~~~
In file included from /usr/local/mxe/usr/x86_64-w64-mingw32.static/include/winbase.h:29,
                 from /usr/local/mxe/usr/x86_64-w64-mingw32.static/include/windows.h:70,
                 from /usr/local/mxe/usr/x86_64-w64-mingw32.static/include/winsock2.h:23,
                 from /xemu/include/system/os-win32.h:29,
                 from /xemu/include/qemu/osdep.h:178,
                 from ../system/bootdevice.c:25:
/usr/local/mxe/usr/x86_64-w64-mingw32.static/include/processthreadsapi.h:323:28: note: previous declaration of 'TlsGetValue' with type 'void *(DWORD)' {aka 'void *(long unsigned int)'}
  323 |   WINBASEAPI LPVOID WINAPI TlsGetValue (DWORD dwTlsIndex);
      |                            ^~~~~~~~~~~
/xemu/include/hw/core/cpu.h:647:17: warning: 'TlsGetValue' redeclared without dllimport attribute: previous dllimport ignored [-Wattributes]
  647 | void *__stdcall TlsGetValue(unsigned long);
      |                 ^~~~~~~~~~~
/xemu/include/hw/core/cpu.h:648:15: warning: redundant redeclaration of 'TlsSetValue' [-Wredundant-decls]
  648 | int __stdcall TlsSetValue(unsigned long, void *);
      |               ^~~~~~~~~~~
/usr/local/mxe/usr/x86_64-w64-mingw32.static/include/processthreadsapi.h:324:29: note: previous declaration of 'TlsSetValue' with type 'WINBOOL(DWORD,  void *)' {aka 'int(long unsigned int,  void *)'}
  324 |   WINBASEAPI WINBOOL WINAPI TlsSetValue (DWORD dwTlsIndex, LPVOID lpTlsValue);
      |                             ^~~~~~~~~~~
/xemu/include/hw/core/cpu.h:648:15: warning: 'TlsSetValue' redeclared without dllimport attribute: previous dllimport ignored [-Wattributes]
  648 | int __stdcall TlsSetValue(unsigned long, void *);
      |               ^~~~~~~~~~~
[362/663] Compiling C object libsystem.a.p/system_dma-helpers.c.obj
In file included from /xemu/include/exec/cpu-common.h:13,
                 from /xemu/include/system/memory.h:17,
                 from /xemu/include/system/dma.h:13,
                 from ../system/dma-helpers.c:12:
/xemu/include/hw/core/cpu.h:647:17: warning: redundant redeclaration of 'TlsGetValue' [-Wredundant-decls]
  647 | void *__stdcall TlsGetValue(unsigned long);
      |                 ^~~~~~~~~~~
In file included from /usr/local/mxe/usr/x86_64-w64-mingw32.static/include/winbase.h:29,
                 from /usr/local/mxe/usr/x86_64-w64-mingw32.static/include/windows.h:70,
                 from /usr/local/mxe/usr/x86_64-w64-mingw32.static/include/winsock2.h:23,
                 from /xemu/include/system/os-win32.h:29,
                 from /xemu/include/qemu/osdep.h:178,
                 from ../system/dma-helpers.c:10:
/usr/local/mxe/usr/x86_64-w64-mingw32.static/include/processthreadsapi.h:323:28: note: previous declaration of 'TlsGetValue' with type 'void *(DWORD)' {aka 'void *(long unsigned int)'}
  323 |   WINBASEAPI LPVOID WINAPI TlsGetValue (DWORD dwTlsIndex);
      |                            ^~~~~~~~~~~
/xemu/include/hw/core/cpu.h:647:17: warning: 'TlsGetValue' redeclared without dllimport attribute: previous dllimport ignored [-Wattributes]
  647 | void *__stdcall TlsGetValue(unsigned long);
      |                 ^~~~~~~~~~~
/xemu/include/hw/core/cpu.h:648:15: warning: redundant redeclaration of 'TlsSetValue' [-Wredundant-decls]
  648 | int __stdcall TlsSetValue(unsigned long, void *);
      |               ^~~~~~~~~~~
/usr/local/mxe/usr/x86_64-w64-mingw32.static/include/processthreadsapi.h:324:29: note: previous declaration of 'TlsSetValue' with type 'WINBOOL(DWORD,  void *)' {aka 'int(long unsigned int,  void *)'}
  324 |   WINBASEAPI WINBOOL WINAPI TlsSetValue (DWORD dwTlsIndex, LPVOID lpTlsValue);
      |                             ^~~~~~~~~~~
/xemu/include/hw/core/cpu.h:648:15: warning: 'TlsSetValue' redeclared without dllimport attribute: previous dllimport ignored [-Wattributes]
  648 | int __stdcall TlsSetValue(unsigned long, void *);
      |               ^~~~~~~~~~~
[363/663] Compiling C object libsystem.a.p/system_globals.c.obj
In file included from /xemu/include/exec/cpu-common.h:13,
                 from ../system/globals.c:26:
/xemu/include/hw/core/cpu.h:647:17: warning: redundant redeclaration of 'TlsGetValue' [-Wredundant-decls]
  647 | void *__stdcall TlsGetValue(unsigned long);
      |                 ^~~~~~~~~~~
In file included from /usr/local/mxe/usr/x86_64-w64-mingw32.static/include/winbase.h:29,
                 from /usr/local/mxe/usr/x86_64-w64-mingw32.static/include/windows.h:70,
                 from /usr/local/mxe/usr/x86_64-w64-mingw32.static/include/winsock2.h:23,
                 from /xemu/include/system/os-win32.h:29,
                 from /xemu/include/qemu/osdep.h:178,
                 from ../system/globals.c:25:
/usr/local/mxe/usr/x86_64-w64-mingw32.static/include/processthreadsapi.h:323:28: note: previous declaration of 'TlsGetValue' with type 'void *(DWORD)' {aka 'void *(long unsigned int)'}
  323 |   WINBASEAPI LPVOID WINAPI TlsGetValue (DWORD dwTlsIndex);
      |                            ^~~~~~~~~~~
/xemu/include/hw/core/cpu.h:647:17: warning: 'TlsGetValue' redeclared without dllimport attribute: previous dllimport ignored [-Wattributes]
  647 | void *__stdcall TlsGetValue(unsigned long);
      |                 ^~~~~~~~~~~
/xemu/include/hw/core/cpu.h:648:15: warning: redundant redeclaration of 'TlsSetValue' [-Wredundant-decls]
  648 | int __stdcall TlsSetValue(unsigned long, void *);
      |               ^~~~~~~~~~~
/usr/local/mxe/usr/x86_64-w64-mingw32.static/include/processthreadsapi.h:324:29: note: previous declaration of 'TlsSetValue' with type 'WINBOOL(DWORD,  void *)' {aka 'int(long unsigned int,  void *)'}
  324 |   WINBASEAPI WINBOOL WINAPI TlsSetValue (DWORD dwTlsIndex, LPVOID lpTlsValue);
      |                             ^~~~~~~~~~~
/xemu/include/hw/core/cpu.h:648:15: warning: 'TlsSetValue' redeclared without dllimport attribute: previous dllimport ignored [-Wattributes]
  648 | int __stdcall TlsSetValue(unsigned long, void *);
      |               ^~~~~~~~~~~
[364/663] Compiling C object libsystem.a.p/system_dirtylimit.c.obj
In file included from /xemu/include/exec/cpu-common.h:13,
                 from /xemu/include/system/memory.h:17,
                 from ../system/dirtylimit.c:22:
/xemu/include/hw/core/cpu.h:647:17: warning: redundant redeclaration of 'TlsGetValue' [-Wredundant-decls]
  647 | void *__stdcall TlsGetValue(unsigned long);
      |                 ^~~~~~~~~~~
In file included from /usr/local/mxe/usr/x86_64-w64-mingw32.static/include/winbase.h:29,
                 from /usr/local/mxe/usr/x86_64-w64-mingw32.static/include/windows.h:70,
                 from /usr/local/mxe/usr/x86_64-w64-mingw32.static/include/winsock2.h:23,
                 from /xemu/include/system/os-win32.h:29,
                 from /xemu/include/qemu/osdep.h:178,
                 from ../system/dirtylimit.c:13:
/usr/local/mxe/usr/x86_64-w64-mingw32.static/include/processthreadsapi.h:323:28: note: previous declaration of 'TlsGetValue' with type 'void *(DWORD)' {aka 'void *(long unsigned int)'}
  323 |   WINBASEAPI LPVOID WINAPI TlsGetValue (DWORD dwTlsIndex);
      |                            ^~~~~~~~~~~
/xemu/include/hw/core/cpu.h:647:17: warning: 'TlsGetValue' redeclared without dllimport attribute: previous dllimport ignored [-Wattributes]
  647 | void *__stdcall TlsGetValue(unsigned long);
      |                 ^~~~~~~~~~~
/xemu/include/hw/core/cpu.h:648:15: warning: redundant redeclaration of 'TlsSetValue' [-Wredundant-decls]
  648 | int __stdcall TlsSetValue(unsigned long, void *);
      |               ^~~~~~~~~~~
/usr/local/mxe/usr/x86_64-w64-mingw32.static/include/processthreadsapi.h:324:29: note: previous declaration of 'TlsSetValue' with type 'WINBOOL(DWORD,  void *)' {aka 'int(long unsigned int,  void *)'}
  324 |   WINBASEAPI WINBOOL WINAPI TlsSetValue (DWORD dwTlsIndex, LPVOID lpTlsValue);
      |                             ^~~~~~~~~~~
/xemu/include/hw/core/cpu.h:648:15: warning: 'TlsSetValue' redeclared without dllimport attribute: previous dllimport ignored [-Wattributes]
  648 | int __stdcall TlsSetValue(unsigned long, void *);
      |               ^~~~~~~~~~~
[365/663] Compiling C object libsystem.a.p/system_cpus.c.obj
In file included from /xemu/include/system/hw_accel.h:14,
                 from ../system/cpus.c:35:
/xemu/include/hw/core/cpu.h:647:17: warning: redundant redeclaration of 'TlsGetValue' [-Wredundant-decls]
  647 | void *__stdcall TlsGetValue(unsigned long);
      |                 ^~~~~~~~~~~
In file included from /usr/local/mxe/usr/x86_64-w64-mingw32.static/include/winbase.h:29,
                 from /usr/local/mxe/usr/x86_64-w64-mingw32.static/include/windows.h:70,
                 from /usr/local/mxe/usr/x86_64-w64-mingw32.static/include/winsock2.h:23,
                 from /xemu/include/system/os-win32.h:29,
                 from /xemu/include/qemu/osdep.h:178,
                 from ../system/cpus.c:25:
/usr/local/mxe/usr/x86_64-w64-mingw32.static/include/processthreadsapi.h:323:28: note: previous declaration of 'TlsGetValue' with type 'void *(DWORD)' {aka 'void *(long unsigned int)'}
  323 |   WINBASEAPI LPVOID WINAPI TlsGetValue (DWORD dwTlsIndex);
      |                            ^~~~~~~~~~~
/xemu/include/hw/core/cpu.h:647:17: warning: 'TlsGetValue' redeclared without dllimport attribute: previous dllimport ignored [-Wattributes]
  647 | void *__stdcall TlsGetValue(unsigned long);
      |                 ^~~~~~~~~~~
/xemu/include/hw/core/cpu.h:648:15: warning: redundant redeclaration of 'TlsSetValue' [-Wredundant-decls]
  648 | int __stdcall TlsSetValue(unsigned long, void *);
      |               ^~~~~~~~~~~
/usr/local/mxe/usr/x86_64-w64-mingw32.static/include/processthreadsapi.h:324:29: note: previous declaration of 'TlsSetValue' with type 'WINBOOL(DWORD,  void *)' {aka 'int(long unsigned int,  void *)'}
  324 |   WINBASEAPI WINBOOL WINAPI TlsSetValue (DWORD dwTlsIndex, LPVOID lpTlsValue);
      |                             ^~~~~~~~~~~
/xemu/include/hw/core/cpu.h:648:15: warning: 'TlsSetValue' redeclared without dllimport attribute: previous dllimport ignored [-Wattributes]
  648 | int __stdcall TlsSetValue(unsigned long, void *);
      |               ^~~~~~~~~~~
[366/663] Compiling C object libsystem.a.p/dump_dump.c.obj
In file included from /xemu/include/exec/cpu-common.h:13,
                 from /xemu/include/system/memory_mapping.h:18,
                 from /xemu/include/system/dump.h:43,
                 from ../dump/dump.c:20:
/xemu/include/hw/core/cpu.h:647:17: warning: redundant redeclaration of 'TlsGetValue' [-Wredundant-decls]
  647 | void *__stdcall TlsGetValue(unsigned long);
      |                 ^~~~~~~~~~~
In file included from /usr/local/mxe/usr/x86_64-w64-mingw32.static/include/winbase.h:29,
                 from /usr/local/mxe/usr/x86_64-w64-mingw32.static/include/windows.h:70,
                 from /usr/local/mxe/usr/x86_64-w64-mingw32.static/include/winsock2.h:23,
                 from /xemu/include/system/os-win32.h:29,
                 from /xemu/include/qemu/osdep.h:178,
                 from ../dump/dump.c:14:
/usr/local/mxe/usr/x86_64-w64-mingw32.static/include/processthreadsapi.h:323:28: note: previous declaration of 'TlsGetValue' with type 'void *(DWORD)' {aka 'void *(long unsigned int)'}
  323 |   WINBASEAPI LPVOID WINAPI TlsGetValue (DWORD dwTlsIndex);
      |                            ^~~~~~~~~~~
/xemu/include/hw/core/cpu.h:647:17: warning: 'TlsGetValue' redeclared without dllimport attribute: previous dllimport ignored [-Wattributes]
  647 | void *__stdcall TlsGetValue(unsigned long);
      |                 ^~~~~~~~~~~
/xemu/include/hw/core/cpu.h:648:15: warning: redundant redeclaration of 'TlsSetValue' [-Wredundant-decls]
  648 | int __stdcall TlsSetValue(unsigned long, void *);
      |               ^~~~~~~~~~~
/usr/local/mxe/usr/x86_64-w64-mingw32.static/include/processthreadsapi.h:324:29: note: previous declaration of 'TlsSetValue' with type 'WINBOOL(DWORD,  void *)' {aka 'int(long unsigned int,  void *)'}
  324 |   WINBASEAPI WINBOOL WINAPI TlsSetValue (DWORD dwTlsIndex, LPVOID lpTlsValue);
      |                             ^~~~~~~~~~~
/xemu/include/hw/core/cpu.h:648:15: warning: 'TlsSetValue' redeclared without dllimport attribute: previous dllimport ignored [-Wattributes]
  648 | int __stdcall TlsSetValue(unsigned long, void *);
      |               ^~~~~~~~~~~
[367/663] Compiling C object libsystem.a.p/system_ioport.c.obj
In file included from /xemu/include/exec/cpu-common.h:13,
                 from /xemu/include/system/memory.h:17,
                 from /xemu/include/system/ioport.h:27,
                 from ../system/ioport.c:29:
/xemu/include/hw/core/cpu.h:647:17: warning: redundant redeclaration of 'TlsGetValue' [-Wredundant-decls]
  647 | void *__stdcall TlsGetValue(unsigned long);
      |                 ^~~~~~~~~~~
In file included from /usr/local/mxe/usr/x86_64-w64-mingw32.static/include/winbase.h:29,
                 from /usr/local/mxe/usr/x86_64-w64-mingw32.static/include/windows.h:70,
                 from /usr/local/mxe/usr/x86_64-w64-mingw32.static/include/winsock2.h:23,
                 from /xemu/include/system/os-win32.h:29,
                 from /xemu/include/qemu/osdep.h:178,
                 from ../system/ioport.c:28:
/usr/local/mxe/usr/x86_64-w64-mingw32.static/include/processthreadsapi.h:323:28: note: previous declaration of 'TlsGetValue' with type 'void *(DWORD)' {aka 'void *(long unsigned int)'}
  323 |   WINBASEAPI LPVOID WINAPI TlsGetValue (DWORD dwTlsIndex);
      |                            ^~~~~~~~~~~
/xemu/include/hw/core/cpu.h:647:17: warning: 'TlsGetValue' redeclared without dllimport attribute: previous dllimport ignored [-Wattributes]
  647 | void *__stdcall TlsGetValue(unsigned long);
      |                 ^~~~~~~~~~~
/xemu/include/hw/core/cpu.h:648:15: warning: redundant redeclaration of 'TlsSetValue' [-Wredundant-decls]
  648 | int __stdcall TlsSetValue(unsigned long, void *);
      |               ^~~~~~~~~~~
/usr/local/mxe/usr/x86_64-w64-mingw32.static/include/processthreadsapi.h:324:29: note: previous declaration of 'TlsSetValue' with type 'WINBOOL(DWORD,  void *)' {aka 'int(long unsigned int,  void *)'}
  324 |   WINBASEAPI WINBOOL WINAPI TlsSetValue (DWORD dwTlsIndex, LPVOID lpTlsValue);
      |                             ^~~~~~~~~~~
/xemu/include/hw/core/cpu.h:648:15: warning: 'TlsSetValue' redeclared without dllimport attribute: previous dllimport ignored [-Wattributes]
  648 | int __stdcall TlsSetValue(unsigned long, void *);
      |               ^~~~~~~~~~~
[368/663] Compiling C object libsystem.a.p/system_ram-block-attributes.c.obj
In file included from /xemu/include/exec/cpu-common.h:13,
                 from /xemu/include/system/ramblock.h:17,
                 from ../system/ram-block-attributes.c:14:
/xemu/include/hw/core/cpu.h:647:17: warning: redundant redeclaration of 'TlsGetValue' [-Wredundant-decls]
  647 | void *__stdcall TlsGetValue(unsigned long);
      |                 ^~~~~~~~~~~
In file included from /usr/local/mxe/usr/x86_64-w64-mingw32.static/include/winbase.h:29,
                 from /usr/local/mxe/usr/x86_64-w64-mingw32.static/include/windows.h:70,
                 from /usr/local/mxe/usr/x86_64-w64-mingw32.static/include/winsock2.h:23,
                 from /xemu/include/system/os-win32.h:29,
                 from /xemu/include/qemu/osdep.h:178,
                 from ../system/ram-block-attributes.c:12:
/usr/local/mxe/usr/x86_64-w64-mingw32.static/include/processthreadsapi.h:323:28: note: previous declaration of 'TlsGetValue' with type 'void *(DWORD)' {aka 'void *(long unsigned int)'}
  323 |   WINBASEAPI LPVOID WINAPI TlsGetValue (DWORD dwTlsIndex);
      |                            ^~~~~~~~~~~
/xemu/include/hw/core/cpu.h:647:17: warning: 'TlsGetValue' redeclared without dllimport attribute: previous dllimport ignored [-Wattributes]
  647 | void *__stdcall TlsGetValue(unsigned long);
      |                 ^~~~~~~~~~~
/xemu/include/hw/core/cpu.h:648:15: warning: redundant redeclaration of 'TlsSetValue' [-Wredundant-decls]
  648 | int __stdcall TlsSetValue(unsigned long, void *);
      |               ^~~~~~~~~~~
/usr/local/mxe/usr/x86_64-w64-mingw32.static/include/processthreadsapi.h:324:29: note: previous declaration of 'TlsSetValue' with type 'WINBOOL(DWORD,  void *)' {aka 'int(long unsigned int,  void *)'}
  324 |   WINBASEAPI WINBOOL WINAPI TlsSetValue (DWORD dwTlsIndex, LPVOID lpTlsValue);
      |                             ^~~~~~~~~~~
/xemu/include/hw/core/cpu.h:648:15: warning: 'TlsSetValue' redeclared without dllimport attribute: previous dllimport ignored [-Wattributes]
  648 | int __stdcall TlsSetValue(unsigned long, void *);
      |               ^~~~~~~~~~~
[369/663] Compiling C object libsystem.a.p/system_runstate-action.c.obj
[370/663] Compiling C object libsystem.a.p/system_memory_mapping.c.obj
In file included from /xemu/include/exec/cpu-common.h:13,
                 from /xemu/include/system/memory_mapping.h:18,
                 from ../system/memory_mapping.c:18:
/xemu/include/hw/core/cpu.h:647:17: warning: redundant redeclaration of 'TlsGetValue' [-Wredundant-decls]
  647 | void *__stdcall TlsGetValue(unsigned long);
      |                 ^~~~~~~~~~~
In file included from /usr/local/mxe/usr/x86_64-w64-mingw32.static/include/winbase.h:29,
                 from /usr/local/mxe/usr/x86_64-w64-mingw32.static/include/windows.h:70,
                 from /usr/local/mxe/usr/x86_64-w64-mingw32.static/include/winsock2.h:23,
                 from /xemu/include/system/os-win32.h:29,
                 from /xemu/include/qemu/osdep.h:178,
                 from ../system/memory_mapping.c:14:
/usr/local/mxe/usr/x86_64-w64-mingw32.static/include/processthreadsapi.h:323:28: note: previous declaration of 'TlsGetValue' with type 'void *(DWORD)' {aka 'void *(long unsigned int)'}
  323 |   WINBASEAPI LPVOID WINAPI TlsGetValue (DWORD dwTlsIndex);
      |                            ^~~~~~~~~~~
/xemu/include/hw/core/cpu.h:647:17: warning: 'TlsGetValue' redeclared without dllimport attribute: previous dllimport ignored [-Wattributes]
  647 | void *__stdcall TlsGetValue(unsigned long);
      |                 ^~~~~~~~~~~
/xemu/include/hw/core/cpu.h:648:15: warning: redundant redeclaration of 'TlsSetValue' [-Wredundant-decls]
  648 | int __stdcall TlsSetValue(unsigned long, void *);
      |               ^~~~~~~~~~~
/usr/local/mxe/usr/x86_64-w64-mingw32.static/include/processthreadsapi.h:324:29: note: previous declaration of 'TlsSetValue' with type 'WINBOOL(DWORD,  void *)' {aka 'int(long unsigned int,  void *)'}
  324 |   WINBASEAPI WINBOOL WINAPI TlsSetValue (DWORD dwTlsIndex, LPVOID lpTlsValue);
      |                             ^~~~~~~~~~~
/xemu/include/hw/core/cpu.h:648:15: warning: 'TlsSetValue' redeclared without dllimport attribute: previous dllimport ignored [-Wattributes]
  648 | int __stdcall TlsSetValue(unsigned long, void *);
      |               ^~~~~~~~~~~
[371/663] Compiling C object libsystem.a.p/system_rtc.c.obj
In file included from /xemu/include/exec/cpu-common.h:13,
                 from /xemu/include/system/memory.h:17,
                 from /xemu/include/hw/isa/isa.h:6,
                 from /xemu/include/hw/rtc/mc146818rtc.h:15,
                 from ../system/rtc.c:35:
/xemu/include/hw/core/cpu.h:647:17: warning: redundant redeclaration of 'TlsGetValue' [-Wredundant-decls]
  647 | void *__stdcall TlsGetValue(unsigned long);
      |                 ^~~~~~~~~~~
In file included from /usr/local/mxe/usr/x86_64-w64-mingw32.static/include/winbase.h:29,
                 from /usr/local/mxe/usr/x86_64-w64-mingw32.static/include/windows.h:70,
                 from /usr/local/mxe/usr/x86_64-w64-mingw32.static/include/winsock2.h:23,
                 from /xemu/include/system/os-win32.h:29,
                 from /xemu/include/qemu/osdep.h:178,
                 from ../system/rtc.c:25:
/usr/local/mxe/usr/x86_64-w64-mingw32.static/include/processthreadsapi.h:323:28: note: previous declaration of 'TlsGetValue' with type 'void *(DWORD)' {aka 'void *(long unsigned int)'}
  323 |   WINBASEAPI LPVOID WINAPI TlsGetValue (DWORD dwTlsIndex);
      |                            ^~~~~~~~~~~
/xemu/include/hw/core/cpu.h:647:17: warning: 'TlsGetValue' redeclared without dllimport attribute: previous dllimport ignored [-Wattributes]
  647 | void *__stdcall TlsGetValue(unsigned long);
      |                 ^~~~~~~~~~~
/xemu/include/hw/core/cpu.h:648:15: warning: redundant redeclaration of 'TlsSetValue' [-Wredundant-decls]
  648 | int __stdcall TlsSetValue(unsigned long, void *);
      |               ^~~~~~~~~~~
/usr/local/mxe/usr/x86_64-w64-mingw32.static/include/processthreadsapi.h:324:29: note: previous declaration of 'TlsSetValue' with type 'WINBOOL(DWORD,  void *)' {aka 'int(long unsigned int,  void *)'}
  324 |   WINBASEAPI WINBOOL WINAPI TlsSetValue (DWORD dwTlsIndex, LPVOID lpTlsValue);
      |                             ^~~~~~~~~~~
/xemu/include/hw/core/cpu.h:648:15: warning: 'TlsSetValue' redeclared without dllimport attribute: previous dllimport ignored [-Wattributes]
  648 | int __stdcall TlsSetValue(unsigned long, void *);
      |               ^~~~~~~~~~~
[372/663] Compiling C object libsystem.a.p/system_device_tree-stub.c.obj
[373/663] Compiling C object libsystem.a.p/system_tpm-hmp-cmds.c.obj
[374/663] Compiling C object libsystem.a.p/system_runstate-hmp-cmds.c.obj
In file included from /xemu/include/exec/cpu-common.h:13,
                 from ../system/runstate-hmp-cmds.c:17:
/xemu/include/hw/core/cpu.h:647:17: warning: redundant redeclaration of 'TlsGetValue' [-Wredundant-decls]
  647 | void *__stdcall TlsGetValue(unsigned long);
      |                 ^~~~~~~~~~~
In file included from /usr/local/mxe/usr/x86_64-w64-mingw32.static/include/winbase.h:29,
                 from /usr/local/mxe/usr/x86_64-w64-mingw32.static/include/windows.h:70,
                 from /usr/local/mxe/usr/x86_64-w64-mingw32.static/include/winsock2.h:23,
                 from /xemu/include/system/os-win32.h:29,
                 from /xemu/include/qemu/osdep.h:178,
                 from ../system/runstate-hmp-cmds.c:16:
/usr/local/mxe/usr/x86_64-w64-mingw32.static/include/processthreadsapi.h:323:28: note: previous declaration of 'TlsGetValue' with type 'void *(DWORD)' {aka 'void *(long unsigned int)'}
  323 |   WINBASEAPI LPVOID WINAPI TlsGetValue (DWORD dwTlsIndex);
      |                            ^~~~~~~~~~~
/xemu/include/hw/core/cpu.h:647:17: warning: 'TlsGetValue' redeclared without dllimport attribute: previous dllimport ignored [-Wattributes]
  647 | void *__stdcall TlsGetValue(unsigned long);
      |                 ^~~~~~~~~~~
/xemu/include/hw/core/cpu.h:648:15: warning: redundant redeclaration of 'TlsSetValue' [-Wredundant-decls]
  648 | int __stdcall TlsSetValue(unsigned long, void *);
      |               ^~~~~~~~~~~
/usr/local/mxe/usr/x86_64-w64-mingw32.static/include/processthreadsapi.h:324:29: note: previous declaration of 'TlsSetValue' with type 'WINBOOL(DWORD,  void *)' {aka 'int(long unsigned int,  void *)'}
  324 |   WINBASEAPI WINBOOL WINAPI TlsSetValue (DWORD dwTlsIndex, LPVOID lpTlsValue);
      |                             ^~~~~~~~~~~
/xemu/include/hw/core/cpu.h:648:15: warning: 'TlsSetValue' redeclared without dllimport attribute: previous dllimport ignored [-Wattributes]
  648 | int __stdcall TlsSetValue(unsigned long, void *);
      |               ^~~~~~~~~~~
[375/663] Compiling C object libsystem.a.p/target-info-qom.c.obj
In file included from /xemu/include/exec/cpu-common.h:13,
                 from /xemu/include/system/memory.h:17,
                 from /xemu/include/hw/boards.h:6,
                 from /xemu/include/hw/arm/machines-qom.h:12,
                 from ../target-info-qom.c:11:
/xemu/include/hw/core/cpu.h:647:17: warning: redundant redeclaration of 'TlsGetValue' [-Wredundant-decls]
  647 | void *__stdcall TlsGetValue(unsigned long);
      |                 ^~~~~~~~~~~
In file included from /usr/local/mxe/usr/x86_64-w64-mingw32.static/include/winbase.h:29,
                 from /usr/local/mxe/usr/x86_64-w64-mingw32.static/include/windows.h:70,
                 from /usr/local/mxe/usr/x86_64-w64-mingw32.static/include/winsock2.h:23,
                 from /xemu/include/system/os-win32.h:29,
                 from /xemu/include/qemu/osdep.h:178,
                 from ../target-info-qom.c:9:
/usr/local/mxe/usr/x86_64-w64-mingw32.static/include/processthreadsapi.h:323:28: note: previous declaration of 'TlsGetValue' with type 'void *(DWORD)' {aka 'void *(long unsigned int)'}
  323 |   WINBASEAPI LPVOID WINAPI TlsGetValue (DWORD dwTlsIndex);
      |                            ^~~~~~~~~~~
/xemu/include/hw/core/cpu.h:647:17: warning: 'TlsGetValue' redeclared without dllimport attribute: previous dllimport ignored [-Wattributes]
  647 | void *__stdcall TlsGetValue(unsigned long);
      |                 ^~~~~~~~~~~
/xemu/include/hw/core/cpu.h:648:15: warning: redundant redeclaration of 'TlsSetValue' [-Wredundant-decls]
  648 | int __stdcall TlsSetValue(unsigned long, void *);
      |               ^~~~~~~~~~~
/usr/local/mxe/usr/x86_64-w64-mingw32.static/include/processthreadsapi.h:324:29: note: previous declaration of 'TlsSetValue' with type 'WINBOOL(DWORD,  void *)' {aka 'int(long unsigned int,  void *)'}
  324 |   WINBASEAPI WINBOOL WINAPI TlsSetValue (DWORD dwTlsIndex, LPVOID lpTlsValue);
      |                             ^~~~~~~~~~~
/xemu/include/hw/core/cpu.h:648:15: warning: 'TlsSetValue' redeclared without dllimport attribute: previous dllimport ignored [-Wattributes]
  648 | int __stdcall TlsSetValue(unsigned long, void *);
      |               ^~~~~~~~~~~
[376/663] Compiling C object libsystem.a.p/backends_cryptodev-hmp-cmds.c.obj
[377/663] Compiling C object libsystem.a.p/system_watchpoint.c.obj
In file included from /xemu/include/exec/cpu-common.h:13,
                 from /xemu/include/exec/cputlb.h:23,
                 from ../system/watchpoint.c:22:
/xemu/include/hw/core/cpu.h:647:17: warning: redundant redeclaration of 'TlsGetValue' [-Wredundant-decls]
  647 | void *__stdcall TlsGetValue(unsigned long);
      |                 ^~~~~~~~~~~
In file included from /usr/local/mxe/usr/x86_64-w64-mingw32.static/include/winbase.h:29,
                 from /usr/local/mxe/usr/x86_64-w64-mingw32.static/include/windows.h:70,
                 from /usr/local/mxe/usr/x86_64-w64-mingw32.static/include/winsock2.h:23,
                 from /xemu/include/system/os-win32.h:29,
                 from /xemu/include/qemu/osdep.h:178,
                 from ../system/watchpoint.c:20:
/usr/local/mxe/usr/x86_64-w64-mingw32.static/include/processthreadsapi.h:323:28: note: previous declaration of 'TlsGetValue' with type 'void *(DWORD)' {aka 'void *(long unsigned int)'}
  323 |   WINBASEAPI LPVOID WINAPI TlsGetValue (DWORD dwTlsIndex);
      |                            ^~~~~~~~~~~
/xemu/include/hw/core/cpu.h:647:17: warning: 'TlsGetValue' redeclared without dllimport attribute: previous dllimport ignored [-Wattributes]
  647 | void *__stdcall TlsGetValue(unsigned long);
      |                 ^~~~~~~~~~~
/xemu/include/hw/core/cpu.h:648:15: warning: redundant redeclaration of 'TlsSetValue' [-Wredundant-decls]
  648 | int __stdcall TlsSetValue(unsigned long, void *);
      |               ^~~~~~~~~~~
/usr/local/mxe/usr/x86_64-w64-mingw32.static/include/processthreadsapi.h:324:29: note: previous declaration of 'TlsSetValue' with type 'WINBOOL(DWORD,  void *)' {aka 'int(long unsigned int,  void *)'}
  324 |   WINBASEAPI WINBOOL WINAPI TlsSetValue (DWORD dwTlsIndex, LPVOID lpTlsValue);
      |                             ^~~~~~~~~~~
/xemu/include/hw/core/cpu.h:648:15: warning: 'TlsSetValue' redeclared without dllimport attribute: previous dllimport ignored [-Wattributes]
  648 | int __stdcall TlsSetValue(unsigned long, void *);
      |               ^~~~~~~~~~~
[378/663] Compiling C object libsystem.a.p/backends_cryptodev-builtin.c.obj
[379/663] Compiling C object libsystem.a.p/backends_rng-egd.c.obj
[380/663] Compiling C object libsystem.a.p/system_runstate.c.obj
In file included from /xemu/include/exec/cpu-common.h:13,
                 from ../system/runstate.c:32:
/xemu/include/hw/core/cpu.h:647:17: warning: redundant redeclaration of 'TlsGetValue' [-Wredundant-decls]
  647 | void *__stdcall TlsGetValue(unsigned long);
      |                 ^~~~~~~~~~~
In file included from /usr/local/mxe/usr/x86_64-w64-mingw32.static/include/winbase.h:29,
                 from /usr/local/mxe/usr/x86_64-w64-mingw32.static/include/windows.h:70,
                 from /usr/local/mxe/usr/x86_64-w64-mingw32.static/include/winsock2.h:23,
                 from /xemu/include/system/os-win32.h:29,
                 from /xemu/include/qemu/osdep.h:178,
                 from ../system/runstate.c:25:
/usr/local/mxe/usr/x86_64-w64-mingw32.static/include/processthreadsapi.h:323:28: note: previous declaration of 'TlsGetValue' with type 'void *(DWORD)' {aka 'void *(long unsigned int)'}
  323 |   WINBASEAPI LPVOID WINAPI TlsGetValue (DWORD dwTlsIndex);
      |                            ^~~~~~~~~~~
/xemu/include/hw/core/cpu.h:647:17: warning: 'TlsGetValue' redeclared without dllimport attribute: previous dllimport ignored [-Wattributes]
  647 | void *__stdcall TlsGetValue(unsigned long);
      |                 ^~~~~~~~~~~
/xemu/include/hw/core/cpu.h:648:15: warning: redundant redeclaration of 'TlsSetValue' [-Wredundant-decls]
  648 | int __stdcall TlsSetValue(unsigned long, void *);
      |               ^~~~~~~~~~~
/usr/local/mxe/usr/x86_64-w64-mingw32.static/include/processthreadsapi.h:324:29: note: previous declaration of 'TlsSetValue' with type 'WINBOOL(DWORD,  void *)' {aka 'int(long unsigned int,  void *)'}
  324 |   WINBASEAPI WINBOOL WINAPI TlsSetValue (DWORD dwTlsIndex, LPVOID lpTlsValue);
      |                             ^~~~~~~~~~~
/xemu/include/hw/core/cpu.h:648:15: warning: 'TlsSetValue' redeclared without dllimport attribute: previous dllimport ignored [-Wattributes]
  648 | int __stdcall TlsSetValue(unsigned long, void *);
      |               ^~~~~~~~~~~
[381/663] Compiling C object libsystem.a.p/system_qdev-monitor.c.obj
In file included from /xemu/include/exec/cpu-common.h:13,
                 from /xemu/include/system/memory.h:17,
                 from /xemu/include/hw/sysbus.h:7,
                 from ../system/qdev-monitor.c:21:
/xemu/include/hw/core/cpu.h:647:17: warning: redundant redeclaration of 'TlsGetValue' [-Wredundant-decls]
  647 | void *__stdcall TlsGetValue(unsigned long);
      |                 ^~~~~~~~~~~
In file included from /usr/local/mxe/usr/x86_64-w64-mingw32.static/include/winbase.h:29,
                 from /usr/local/mxe/usr/x86_64-w64-mingw32.static/include/windows.h:70,
                 from /usr/local/mxe/usr/x86_64-w64-mingw32.static/include/winsock2.h:23,
                 from /xemu/include/system/os-win32.h:29,
                 from /xemu/include/qemu/osdep.h:178,
                 from ../system/qdev-monitor.c:20:
/usr/local/mxe/usr/x86_64-w64-mingw32.static/include/processthreadsapi.h:323:28: note: previous declaration of 'TlsGetValue' with type 'void *(DWORD)' {aka 'void *(long unsigned int)'}
  323 |   WINBASEAPI LPVOID WINAPI TlsGetValue (DWORD dwTlsIndex);
      |                            ^~~~~~~~~~~
/xemu/include/hw/core/cpu.h:647:17: warning: 'TlsGetValue' redeclared without dllimport attribute: previous dllimport ignored [-Wattributes]
  647 | void *__stdcall TlsGetValue(unsigned long);
      |                 ^~~~~~~~~~~
/xemu/include/hw/core/cpu.h:648:15: warning: redundant redeclaration of 'TlsSetValue' [-Wredundant-decls]
  648 | int __stdcall TlsSetValue(unsigned long, void *);
      |               ^~~~~~~~~~~
/usr/local/mxe/usr/x86_64-w64-mingw32.static/include/processthreadsapi.h:324:29: note: previous declaration of 'TlsSetValue' with type 'WINBOOL(DWORD,  void *)' {aka 'int(long unsigned int,  void *)'}
  324 |   WINBASEAPI WINBOOL WINAPI TlsSetValue (DWORD dwTlsIndex, LPVOID lpTlsValue);
      |                             ^~~~~~~~~~~
/xemu/include/hw/core/cpu.h:648:15: warning: 'TlsSetValue' redeclared without dllimport attribute: previous dllimport ignored [-Wattributes]
  648 | int __stdcall TlsSetValue(unsigned long, void *);
      |               ^~~~~~~~~~~
[382/663] Compiling C object libsystem.a.p/system_qtest.c.obj
In file included from /xemu/include/exec/cpu-common.h:13,
                 from /xemu/include/system/memory.h:17,
                 from /xemu/include/system/ioport.h:27,
                 from ../system/qtest.c:19:
/xemu/include/hw/core/cpu.h:647:17: warning: redundant redeclaration of 'TlsGetValue' [-Wredundant-decls]
  647 | void *__stdcall TlsGetValue(unsigned long);
      |                 ^~~~~~~~~~~
In file included from /usr/local/mxe/usr/x86_64-w64-mingw32.static/include/winbase.h:29,
                 from /usr/local/mxe/usr/x86_64-w64-mingw32.static/include/windows.h:70,
                 from /usr/local/mxe/usr/x86_64-w64-mingw32.static/include/winsock2.h:23,
                 from /xemu/include/system/os-win32.h:29,
                 from /xemu/include/qemu/osdep.h:178,
                 from ../system/qtest.c:14:
/usr/local/mxe/usr/x86_64-w64-mingw32.static/include/processthreadsapi.h:323:28: note: previous declaration of 'TlsGetValue' with type 'void *(DWORD)' {aka 'void *(long unsigned int)'}
  323 |   WINBASEAPI LPVOID WINAPI TlsGetValue (DWORD dwTlsIndex);
      |                            ^~~~~~~~~~~
/xemu/include/hw/core/cpu.h:647:17: warning: 'TlsGetValue' redeclared without dllimport attribute: previous dllimport ignored [-Wattributes]
  647 | void *__stdcall TlsGetValue(unsigned long);
      |                 ^~~~~~~~~~~
/xemu/include/hw/core/cpu.h:648:15: warning: redundant redeclaration of 'TlsSetValue' [-Wredundant-decls]
  648 | int __stdcall TlsSetValue(unsigned long, void *);
      |               ^~~~~~~~~~~
/usr/local/mxe/usr/x86_64-w64-mingw32.static/include/processthreadsapi.h:324:29: note: previous declaration of 'TlsSetValue' with type 'WINBOOL(DWORD,  void *)' {aka 'int(long unsigned int,  void *)'}
  324 |   WINBASEAPI WINBOOL WINAPI TlsSetValue (DWORD dwTlsIndex, LPVOID lpTlsValue);
      |                             ^~~~~~~~~~~
/xemu/include/hw/core/cpu.h:648:15: warning: 'TlsSetValue' redeclared without dllimport attribute: previous dllimport ignored [-Wattributes]
  648 | int __stdcall TlsSetValue(unsigned long, void *);
      |               ^~~~~~~~~~~
[383/663] Compiling C object libsystem.a.p/backends_hostmem-ram.c.obj
In file included from /xemu/include/exec/cpu-common.h:13,
                 from /xemu/include/system/memory.h:17,
                 from /xemu/include/system/hostmem.h:19,
                 from ../backends/hostmem-ram.c:14:
/xemu/include/hw/core/cpu.h:647:17: warning: redundant redeclaration of 'TlsGetValue' [-Wredundant-decls]
  647 | void *__stdcall TlsGetValue(unsigned long);
      |                 ^~~~~~~~~~~
In file included from /usr/local/mxe/usr/x86_64-w64-mingw32.static/include/winbase.h:29,
                 from /usr/local/mxe/usr/x86_64-w64-mingw32.static/include/windows.h:70,
                 from /usr/local/mxe/usr/x86_64-w64-mingw32.static/include/winsock2.h:23,
                 from /xemu/include/system/os-win32.h:29,
                 from /xemu/include/qemu/osdep.h:178,
                 from ../backends/hostmem-ram.c:13:
/usr/local/mxe/usr/x86_64-w64-mingw32.static/include/processthreadsapi.h:323:28: note: previous declaration of 'TlsGetValue' with type 'void *(DWORD)' {aka 'void *(long unsigned int)'}
  323 |   WINBASEAPI LPVOID WINAPI TlsGetValue (DWORD dwTlsIndex);
      |                            ^~~~~~~~~~~
/xemu/include/hw/core/cpu.h:647:17: warning: 'TlsGetValue' redeclared without dllimport attribute: previous dllimport ignored [-Wattributes]
  647 | void *__stdcall TlsGetValue(unsigned long);
      |                 ^~~~~~~~~~~
/xemu/include/hw/core/cpu.h:648:15: warning: redundant redeclaration of 'TlsSetValue' [-Wredundant-decls]
  648 | int __stdcall TlsSetValue(unsigned long, void *);
      |               ^~~~~~~~~~~
/usr/local/mxe/usr/x86_64-w64-mingw32.static/include/processthreadsapi.h:324:29: note: previous declaration of 'TlsSetValue' with type 'WINBOOL(DWORD,  void *)' {aka 'int(long unsigned int,  void *)'}
  324 |   WINBASEAPI WINBOOL WINAPI TlsSetValue (DWORD dwTlsIndex, LPVOID lpTlsValue);
      |                             ^~~~~~~~~~~
/xemu/include/hw/core/cpu.h:648:15: warning: 'TlsSetValue' redeclared without dllimport attribute: previous dllimport ignored [-Wattributes]
  648 | int __stdcall TlsSetValue(unsigned long, void *);
      |               ^~~~~~~~~~~
[384/663] Compiling C object libsystem.a.p/backends_confidential-guest-support.c.obj
[385/663] Compiling C object libsystem.a.p/backends_rng-builtin.c.obj
[386/663] Compiling C object libsystem.a.p/backends_rng.c.obj
[387/663] Compiling C object libsystem.a.p/backends_hostmem.c.obj
In file included from /xemu/include/exec/cpu-common.h:13,
                 from /xemu/include/system/memory.h:17,
                 from /xemu/include/system/hostmem.h:19,
                 from ../backends/hostmem.c:14:
/xemu/include/hw/core/cpu.h:647:17: warning: redundant redeclaration of 'TlsGetValue' [-Wredundant-decls]
  647 | void *__stdcall TlsGetValue(unsigned long);
      |                 ^~~~~~~~~~~
In file included from /usr/local/mxe/usr/x86_64-w64-mingw32.static/include/winbase.h:29,
                 from /usr/local/mxe/usr/x86_64-w64-mingw32.static/include/windows.h:70,
                 from /usr/local/mxe/usr/x86_64-w64-mingw32.static/include/winsock2.h:23,
                 from /xemu/include/system/os-win32.h:29,
                 from /xemu/include/qemu/osdep.h:178,
                 from ../backends/hostmem.c:13:
/usr/local/mxe/usr/x86_64-w64-mingw32.static/include/processthreadsapi.h:323:28: note: previous declaration of 'TlsGetValue' with type 'void *(DWORD)' {aka 'void *(long unsigned int)'}
  323 |   WINBASEAPI LPVOID WINAPI TlsGetValue (DWORD dwTlsIndex);
      |                            ^~~~~~~~~~~
/xemu/include/hw/core/cpu.h:647:17: warning: 'TlsGetValue' redeclared without dllimport attribute: previous dllimport ignored [-Wattributes]
  647 | void *__stdcall TlsGetValue(unsigned long);
      |                 ^~~~~~~~~~~
/xemu/include/hw/core/cpu.h:648:15: warning: redundant redeclaration of 'TlsSetValue' [-Wredundant-decls]
  648 | int __stdcall TlsSetValue(unsigned long, void *);
      |               ^~~~~~~~~~~
/usr/local/mxe/usr/x86_64-w64-mingw32.static/include/processthreadsapi.h:324:29: note: previous declaration of 'TlsSetValue' with type 'WINBOOL(DWORD,  void *)' {aka 'int(long unsigned int,  void *)'}
  324 |   WINBASEAPI WINBOOL WINAPI TlsSetValue (DWORD dwTlsIndex, LPVOID lpTlsValue);
      |                             ^~~~~~~~~~~
/xemu/include/hw/core/cpu.h:648:15: warning: 'TlsSetValue' redeclared without dllimport attribute: previous dllimport ignored [-Wattributes]
  648 | int __stdcall TlsSetValue(unsigned long, void *);
      |               ^~~~~~~~~~~
[388/663] Compiling C object libsystem.a.p/backends_cryptodev.c.obj
In file included from /xemu/include/exec/cpu-common.h:13,
                 from /xemu/include/system/memory.h:17,
                 from /xemu/include/hw/virtio/virtio.h:17,
                 from /xemu/include/hw/virtio/virtio-crypto.h:18,
                 from ../backends/cryptodev.c:35:
/xemu/include/hw/core/cpu.h:647:17: warning: redundant redeclaration of 'TlsGetValue' [-Wredundant-decls]
  647 | void *__stdcall TlsGetValue(unsigned long);
      |                 ^~~~~~~~~~~
In file included from /usr/local/mxe/usr/x86_64-w64-mingw32.static/include/winbase.h:29,
                 from /usr/local/mxe/usr/x86_64-w64-mingw32.static/include/windows.h:70,
                 from /usr/local/mxe/usr/x86_64-w64-mingw32.static/include/winsock2.h:23,
                 from /xemu/include/system/os-win32.h:29,
                 from /xemu/include/qemu/osdep.h:178,
                 from ../backends/cryptodev.c:24:
/usr/local/mxe/usr/x86_64-w64-mingw32.static/include/processthreadsapi.h:323:28: note: previous declaration of 'TlsGetValue' with type 'void *(DWORD)' {aka 'void *(long unsigned int)'}
  323 |   WINBASEAPI LPVOID WINAPI TlsGetValue (DWORD dwTlsIndex);
      |                            ^~~~~~~~~~~
/xemu/include/hw/core/cpu.h:647:17: warning: 'TlsGetValue' redeclared without dllimport attribute: previous dllimport ignored [-Wattributes]
  647 | void *__stdcall TlsGetValue(unsigned long);
      |                 ^~~~~~~~~~~
/xemu/include/hw/core/cpu.h:648:15: warning: redundant redeclaration of 'TlsSetValue' [-Wredundant-decls]
  648 | int __stdcall TlsSetValue(unsigned long, void *);
      |               ^~~~~~~~~~~
/usr/local/mxe/usr/x86_64-w64-mingw32.static/include/processthreadsapi.h:324:29: note: previous declaration of 'TlsSetValue' with type 'WINBOOL(DWORD,  void *)' {aka 'int(long unsigned int,  void *)'}
  324 |   WINBASEAPI WINBOOL WINAPI TlsSetValue (DWORD dwTlsIndex, LPVOID lpTlsValue);
      |                             ^~~~~~~~~~~
/xemu/include/hw/core/cpu.h:648:15: warning: 'TlsSetValue' redeclared without dllimport attribute: previous dllimport ignored [-Wattributes]
  648 | int __stdcall TlsSetValue(unsigned long, void *);
      |               ^~~~~~~~~~~
[389/663] Compiling C object libsystem.a.p/backends_spdm-socket.c.obj
[390/663] Compiling C object libsystem.a.p/system_vl.c.obj
In file included from /xemu/include/exec/cpu-common.h:13,
                 from ../system/vl.c:31:
/xemu/include/hw/core/cpu.h:647:17: warning: redundant redeclaration of 'TlsGetValue' [-Wredundant-decls]
  647 | void *__stdcall TlsGetValue(unsigned long);
      |                 ^~~~~~~~~~~
In file included from /usr/local/mxe/usr/x86_64-w64-mingw32.static/include/winbase.h:29,
                 from /usr/local/mxe/usr/x86_64-w64-mingw32.static/include/windows.h:70,
                 from /usr/local/mxe/usr/x86_64-w64-mingw32.static/include/winsock2.h:23,
                 from /xemu/include/system/os-win32.h:29,
                 from /xemu/include/qemu/osdep.h:178,
                 from ../system/vl.c:25:
/usr/local/mxe/usr/x86_64-w64-mingw32.static/include/processthreadsapi.h:323:28: note: previous declaration of 'TlsGetValue' with type 'void *(DWORD)' {aka 'void *(long unsigned int)'}
  323 |   WINBASEAPI LPVOID WINAPI TlsGetValue (DWORD dwTlsIndex);
      |                            ^~~~~~~~~~~
/xemu/include/hw/core/cpu.h:647:17: warning: 'TlsGetValue' redeclared without dllimport attribute: previous dllimport ignored [-Wattributes]
  647 | void *__stdcall TlsGetValue(unsigned long);
      |                 ^~~~~~~~~~~
/xemu/include/hw/core/cpu.h:648:15: warning: redundant redeclaration of 'TlsSetValue' [-Wredundant-decls]
  648 | int __stdcall TlsSetValue(unsigned long, void *);
      |               ^~~~~~~~~~~
/usr/local/mxe/usr/x86_64-w64-mingw32.static/include/processthreadsapi.h:324:29: note: previous declaration of 'TlsSetValue' with type 'WINBOOL(DWORD,  void *)' {aka 'int(long unsigned int,  void *)'}
  324 |   WINBASEAPI WINBOOL WINAPI TlsSetValue (DWORD dwTlsIndex, LPVOID lpTlsValue);
      |                             ^~~~~~~~~~~
/xemu/include/hw/core/cpu.h:648:15: warning: 'TlsSetValue' redeclared without dllimport attribute: previous dllimport ignored [-Wattributes]
  648 | int __stdcall TlsSetValue(unsigned long, void *);
      |               ^~~~~~~~~~~
In file included from ../subprojects/SDL3-3.4.10/include/SDL3/SDL.h:35,
                 from /xemu/ui/xemu-input.h:28,
                 from ../system/vl.c:149:
../subprojects/SDL3-3.4.10/include/SDL3/SDL_assert.h:131:25: warning: redundant redeclaration of '__debugbreak' [-Wredundant-decls]
  131 |     extern void __cdecl __debugbreak(void);
      |                         ^~~~~~~~~~~~
In file included from /usr/local/mxe/usr/x86_64-w64-mingw32.static/include/vadefs.h:9,
                 from /usr/local/mxe/usr/x86_64-w64-mingw32.static/include/_mingw_stdarg.h:14,
                 from /usr/local/mxe/usr/x86_64-w64-mingw32.static/include/stdarg.h:140,
                 from /usr/local/mxe/usr/lib/gcc/x86_64-w64-mingw32.static/16.1.0/include/stdarg.h:1,
                 from /xemu/include/qemu/osdep.h:108:
/usr/local/mxe/usr/x86_64-w64-mingw32.static/include/_mingw.h:605:36: note: previous definition of '__debugbreak' with type 'void(void)'
  605 | __MINGW_INTRIN_INLINE void __cdecl __debugbreak(void)
      |                                    ^~~~~~~~~~~~
[391/663] Compiling C object libsystem.a.p/disas_disas-mon.c.obj
In file included from /xemu/include/exec/cpu-common.h:13,
                 from /xemu/include/system/memory.h:17,
                 from ../disas/disas-mon.c:10:
/xemu/include/hw/core/cpu.h:647:17: warning: redundant redeclaration of 'TlsGetValue' [-Wredundant-decls]
  647 | void *__stdcall TlsGetValue(unsigned long);
      |                 ^~~~~~~~~~~
In file included from /usr/local/mxe/usr/x86_64-w64-mingw32.static/include/winbase.h:29,
                 from /usr/local/mxe/usr/x86_64-w64-mingw32.static/include/windows.h:70,
                 from /usr/local/mxe/usr/x86_64-w64-mingw32.static/include/winsock2.h:23,
                 from /xemu/include/system/os-win32.h:29,
                 from /xemu/include/qemu/osdep.h:178,
                 from ../disas/disas-mon.c:7:
/usr/local/mxe/usr/x86_64-w64-mingw32.static/include/processthreadsapi.h:323:28: note: previous declaration of 'TlsGetValue' with type 'void *(DWORD)' {aka 'void *(long unsigned int)'}
  323 |   WINBASEAPI LPVOID WINAPI TlsGetValue (DWORD dwTlsIndex);
      |                            ^~~~~~~~~~~
/xemu/include/hw/core/cpu.h:647:17: warning: 'TlsGetValue' redeclared without dllimport attribute: previous dllimport ignored [-Wattributes]
  647 | void *__stdcall TlsGetValue(unsigned long);
      |                 ^~~~~~~~~~~
/xemu/include/hw/core/cpu.h:648:15: warning: redundant redeclaration of 'TlsSetValue' [-Wredundant-decls]
  648 | int __stdcall TlsSetValue(unsigned long, void *);
      |               ^~~~~~~~~~~
/usr/local/mxe/usr/x86_64-w64-mingw32.static/include/processthreadsapi.h:324:29: note: previous declaration of 'TlsSetValue' with type 'WINBOOL(DWORD,  void *)' {aka 'int(long unsigned int,  void *)'}
  324 |   WINBASEAPI WINBOOL WINAPI TlsSetValue (DWORD dwTlsIndex, LPVOID lpTlsValue);
      |                             ^~~~~~~~~~~
/xemu/include/hw/core/cpu.h:648:15: warning: 'TlsSetValue' redeclared without dllimport attribute: previous dllimport ignored [-Wattributes]
  648 | int __stdcall TlsSetValue(unsigned long, void *);
      |               ^~~~~~~~~~~
[392/663] Compiling C object libsystem.a.p/migration_block-active.c.obj
In file included from /xemu/include/exec/cpu-common.h:13,
                 from /xemu/migration/migration.h:17,
                 from ../migration/block-active.c:11:
/xemu/include/hw/core/cpu.h:647:17: warning: redundant redeclaration of 'TlsGetValue' [-Wredundant-decls]
  647 | void *__stdcall TlsGetValue(unsigned long);
      |                 ^~~~~~~~~~~
In file included from /usr/local/mxe/usr/x86_64-w64-mingw32.static/include/winbase.h:29,
                 from /usr/local/mxe/usr/x86_64-w64-mingw32.static/include/windows.h:70,
                 from /usr/local/mxe/usr/x86_64-w64-mingw32.static/include/winsock2.h:23,
                 from /xemu/include/system/os-win32.h:29,
                 from /xemu/include/qemu/osdep.h:178,
                 from ../migration/block-active.c:8:
/usr/local/mxe/usr/x86_64-w64-mingw32.static/include/processthreadsapi.h:323:28: note: previous declaration of 'TlsGetValue' with type 'void *(DWORD)' {aka 'void *(long unsigned int)'}
  323 |   WINBASEAPI LPVOID WINAPI TlsGetValue (DWORD dwTlsIndex);
      |                            ^~~~~~~~~~~
/xemu/include/hw/core/cpu.h:647:17: warning: 'TlsGetValue' redeclared without dllimport attribute: previous dllimport ignored [-Wattributes]
  647 | void *__stdcall TlsGetValue(unsigned long);
      |                 ^~~~~~~~~~~
/xemu/include/hw/core/cpu.h:648:15: warning: redundant redeclaration of 'TlsSetValue' [-Wredundant-decls]
  648 | int __stdcall TlsSetValue(unsigned long, void *);
      |               ^~~~~~~~~~~
/usr/local/mxe/usr/x86_64-w64-mingw32.static/include/processthreadsapi.h:324:29: note: previous declaration of 'TlsSetValue' with type 'WINBOOL(DWORD,  void *)' {aka 'int(long unsigned int,  void *)'}
  324 |   WINBASEAPI WINBOOL WINAPI TlsSetValue (DWORD dwTlsIndex, LPVOID lpTlsValue);
      |                             ^~~~~~~~~~~
/xemu/include/hw/core/cpu.h:648:15: warning: 'TlsSetValue' redeclared without dllimport attribute: previous dllimport ignored [-Wattributes]
  648 | int __stdcall TlsSetValue(unsigned long, void *);
      |               ^~~~~~~~~~~
[393/663] Compiling C object libsystem.a.p/migration_channel.c.obj
In file included from /xemu/include/exec/cpu-common.h:13,
                 from ../migration/migration.h:17,
                 from ../migration/channel.c:16:
/xemu/include/hw/core/cpu.h:647:17: warning: redundant redeclaration of 'TlsGetValue' [-Wredundant-decls]
  647 | void *__stdcall TlsGetValue(unsigned long);
      |                 ^~~~~~~~~~~
In file included from /usr/local/mxe/usr/x86_64-w64-mingw32.static/include/winbase.h:29,
                 from /usr/local/mxe/usr/x86_64-w64-mingw32.static/include/windows.h:70,
                 from /usr/local/mxe/usr/x86_64-w64-mingw32.static/include/winsock2.h:23,
                 from /xemu/include/system/os-win32.h:29,
                 from /xemu/include/qemu/osdep.h:178,
                 from ../migration/channel.c:13:
/usr/local/mxe/usr/x86_64-w64-mingw32.static/include/processthreadsapi.h:323:28: note: previous declaration of 'TlsGetValue' with type 'void *(DWORD)' {aka 'void *(long unsigned int)'}
  323 |   WINBASEAPI LPVOID WINAPI TlsGetValue (DWORD dwTlsIndex);
      |                            ^~~~~~~~~~~
/xemu/include/hw/core/cpu.h:647:17: warning: 'TlsGetValue' redeclared without dllimport attribute: previous dllimport ignored [-Wattributes]
  647 | void *__stdcall TlsGetValue(unsigned long);
      |                 ^~~~~~~~~~~
/xemu/include/hw/core/cpu.h:648:15: warning: redundant redeclaration of 'TlsSetValue' [-Wredundant-decls]
  648 | int __stdcall TlsSetValue(unsigned long, void *);
      |               ^~~~~~~~~~~
/usr/local/mxe/usr/x86_64-w64-mingw32.static/include/processthreadsapi.h:324:29: note: previous declaration of 'TlsSetValue' with type 'WINBOOL(DWORD,  void *)' {aka 'int(long unsigned int,  void *)'}
  324 |   WINBASEAPI WINBOOL WINAPI TlsSetValue (DWORD dwTlsIndex, LPVOID lpTlsValue);
      |                             ^~~~~~~~~~~
/xemu/include/hw/core/cpu.h:648:15: warning: 'TlsSetValue' redeclared without dllimport attribute: previous dllimport ignored [-Wattributes]
  648 | int __stdcall TlsSetValue(unsigned long, void *);
      |               ^~~~~~~~~~~
[394/663] Compiling C object libsystem.a.p/migration_cpr-transfer.c.obj
In file included from /xemu/include/exec/cpu-common.h:13,
                 from /xemu/migration/migration.h:17,
                 from ../migration/cpr-transfer.c:14:
/xemu/include/hw/core/cpu.h:647:17: warning: redundant redeclaration of 'TlsGetValue' [-Wredundant-decls]
  647 | void *__stdcall TlsGetValue(unsigned long);
      |                 ^~~~~~~~~~~
In file included from /usr/local/mxe/usr/x86_64-w64-mingw32.static/include/winbase.h:29,
                 from /usr/local/mxe/usr/x86_64-w64-mingw32.static/include/windows.h:70,
                 from /usr/local/mxe/usr/x86_64-w64-mingw32.static/include/winsock2.h:23,
                 from /xemu/include/system/os-win32.h:29,
                 from /xemu/include/qemu/osdep.h:178,
                 from ../migration/cpr-transfer.c:8:
/usr/local/mxe/usr/x86_64-w64-mingw32.static/include/processthreadsapi.h:323:28: note: previous declaration of 'TlsGetValue' with type 'void *(DWORD)' {aka 'void *(long unsigned int)'}
  323 |   WINBASEAPI LPVOID WINAPI TlsGetValue (DWORD dwTlsIndex);
      |                            ^~~~~~~~~~~
/xemu/include/hw/core/cpu.h:647:17: warning: 'TlsGetValue' redeclared without dllimport attribute: previous dllimport ignored [-Wattributes]
  647 | void *__stdcall TlsGetValue(unsigned long);
      |                 ^~~~~~~~~~~
/xemu/include/hw/core/cpu.h:648:15: warning: redundant redeclaration of 'TlsSetValue' [-Wredundant-decls]
  648 | int __stdcall TlsSetValue(unsigned long, void *);
      |               ^~~~~~~~~~~
/usr/local/mxe/usr/x86_64-w64-mingw32.static/include/processthreadsapi.h:324:29: note: previous declaration of 'TlsSetValue' with type 'WINBOOL(DWORD,  void *)' {aka 'int(long unsigned int,  void *)'}
  324 |   WINBASEAPI WINBOOL WINAPI TlsSetValue (DWORD dwTlsIndex, LPVOID lpTlsValue);
      |                             ^~~~~~~~~~~
/xemu/include/hw/core/cpu.h:648:15: warning: 'TlsSetValue' redeclared without dllimport attribute: previous dllimport ignored [-Wattributes]
  648 | int __stdcall TlsSetValue(unsigned long, void *);
      |               ^~~~~~~~~~~
[395/663] Compiling C object libsystem.a.p/migration_channel-block.c.obj
[396/663] Compiling C object libsystem.a.p/migration_cpr-exec.c.obj
In file included from /xemu/include/exec/cpu-common.h:13,
                 from /xemu/migration/qemu-file.h:29,
                 from ../migration/cpr-exec.c:18:
/xemu/include/hw/core/cpu.h:647:17: warning: redundant redeclaration of 'TlsGetValue' [-Wredundant-decls]
  647 | void *__stdcall TlsGetValue(unsigned long);
      |                 ^~~~~~~~~~~
In file included from /usr/local/mxe/usr/x86_64-w64-mingw32.static/include/winbase.h:29,
                 from /usr/local/mxe/usr/x86_64-w64-mingw32.static/include/windows.h:70,
                 from /usr/local/mxe/usr/x86_64-w64-mingw32.static/include/winsock2.h:23,
                 from /xemu/include/system/os-win32.h:29,
                 from /xemu/include/qemu/osdep.h:178,
                 from ../migration/cpr-exec.c:7:
/usr/local/mxe/usr/x86_64-w64-mingw32.static/include/processthreadsapi.h:323:28: note: previous declaration of 'TlsGetValue' with type 'void *(DWORD)' {aka 'void *(long unsigned int)'}
  323 |   WINBASEAPI LPVOID WINAPI TlsGetValue (DWORD dwTlsIndex);
      |                            ^~~~~~~~~~~
/xemu/include/hw/core/cpu.h:647:17: warning: 'TlsGetValue' redeclared without dllimport attribute: previous dllimport ignored [-Wattributes]
  647 | void *__stdcall TlsGetValue(unsigned long);
      |                 ^~~~~~~~~~~
/xemu/include/hw/core/cpu.h:648:15: warning: redundant redeclaration of 'TlsSetValue' [-Wredundant-decls]
  648 | int __stdcall TlsSetValue(unsigned long, void *);
      |               ^~~~~~~~~~~
/usr/local/mxe/usr/x86_64-w64-mingw32.static/include/processthreadsapi.h:324:29: note: previous declaration of 'TlsSetValue' with type 'WINBOOL(DWORD,  void *)' {aka 'int(long unsigned int,  void *)'}
  324 |   WINBASEAPI WINBOOL WINAPI TlsSetValue (DWORD dwTlsIndex, LPVOID lpTlsValue);
      |                             ^~~~~~~~~~~
/xemu/include/hw/core/cpu.h:648:15: warning: 'TlsSetValue' redeclared without dllimport attribute: previous dllimport ignored [-Wattributes]
  648 | int __stdcall TlsSetValue(unsigned long, void *);
      |               ^~~~~~~~~~~
[397/663] Compiling C object libsystem.a.p/migration_block-dirty-bitmap.c.obj
In file included from /xemu/include/exec/cpu-common.h:13,
                 from /xemu/migration/migration.h:17,
                 from ../migration/block-dirty-bitmap.c:70:
/xemu/include/hw/core/cpu.h:647:17: warning: redundant redeclaration of 'TlsGetValue' [-Wredundant-decls]
  647 | void *__stdcall TlsGetValue(unsigned long);
      |                 ^~~~~~~~~~~
In file included from /usr/local/mxe/usr/x86_64-w64-mingw32.static/include/winbase.h:29,
                 from /usr/local/mxe/usr/x86_64-w64-mingw32.static/include/windows.h:70,
                 from /usr/local/mxe/usr/x86_64-w64-mingw32.static/include/winsock2.h:23,
                 from /xemu/include/system/os-win32.h:29,
                 from /xemu/include/qemu/osdep.h:178,
                 from ../migration/block-dirty-bitmap.c:61:
/usr/local/mxe/usr/x86_64-w64-mingw32.static/include/processthreadsapi.h:323:28: note: previous declaration of 'TlsGetValue' with type 'void *(DWORD)' {aka 'void *(long unsigned int)'}
  323 |   WINBASEAPI LPVOID WINAPI TlsGetValue (DWORD dwTlsIndex);
      |                            ^~~~~~~~~~~
/xemu/include/hw/core/cpu.h:647:17: warning: 'TlsGetValue' redeclared without dllimport attribute: previous dllimport ignored [-Wattributes]
  647 | void *__stdcall TlsGetValue(unsigned long);
      |                 ^~~~~~~~~~~
/xemu/include/hw/core/cpu.h:648:15: warning: redundant redeclaration of 'TlsSetValue' [-Wredundant-decls]
  648 | int __stdcall TlsSetValue(unsigned long, void *);
      |               ^~~~~~~~~~~
/usr/local/mxe/usr/x86_64-w64-mingw32.static/include/processthreadsapi.h:324:29: note: previous declaration of 'TlsSetValue' with type 'WINBOOL(DWORD,  void *)' {aka 'int(long unsigned int,  void *)'}
  324 |   WINBASEAPI WINBOOL WINAPI TlsSetValue (DWORD dwTlsIndex, LPVOID lpTlsValue);
      |                             ^~~~~~~~~~~
/xemu/include/hw/core/cpu.h:648:15: warning: 'TlsSetValue' redeclared without dllimport attribute: previous dllimport ignored [-Wattributes]
  648 | int __stdcall TlsSetValue(unsigned long, void *);
      |               ^~~~~~~~~~~
[398/663] Compiling C object libsystem.a.p/migration_cpu-throttle.c.obj
In file included from ../migration/cpu-throttle.c:27:
/xemu/include/hw/core/cpu.h:647:17: warning: redundant redeclaration of 'TlsGetValue' [-Wredundant-decls]
  647 | void *__stdcall TlsGetValue(unsigned long);
      |                 ^~~~~~~~~~~
In file included from /usr/local/mxe/usr/x86_64-w64-mingw32.static/include/winbase.h:29,
                 from /usr/local/mxe/usr/x86_64-w64-mingw32.static/include/windows.h:70,
                 from /usr/local/mxe/usr/x86_64-w64-mingw32.static/include/winsock2.h:23,
                 from /xemu/include/system/os-win32.h:29,
                 from /xemu/include/qemu/osdep.h:178,
                 from ../migration/cpu-throttle.c:25:
/usr/local/mxe/usr/x86_64-w64-mingw32.static/include/processthreadsapi.h:323:28: note: previous declaration of 'TlsGetValue' with type 'void *(DWORD)' {aka 'void *(long unsigned int)'}
  323 |   WINBASEAPI LPVOID WINAPI TlsGetValue (DWORD dwTlsIndex);
      |                            ^~~~~~~~~~~
/xemu/include/hw/core/cpu.h:647:17: warning: 'TlsGetValue' redeclared without dllimport attribute: previous dllimport ignored [-Wattributes]
  647 | void *__stdcall TlsGetValue(unsigned long);
      |                 ^~~~~~~~~~~
/xemu/include/hw/core/cpu.h:648:15: warning: redundant redeclaration of 'TlsSetValue' [-Wredundant-decls]
  648 | int __stdcall TlsSetValue(unsigned long, void *);
      |               ^~~~~~~~~~~
/usr/local/mxe/usr/x86_64-w64-mingw32.static/include/processthreadsapi.h:324:29: note: previous declaration of 'TlsSetValue' with type 'WINBOOL(DWORD,  void *)' {aka 'int(long unsigned int,  void *)'}
  324 |   WINBASEAPI WINBOOL WINAPI TlsSetValue (DWORD dwTlsIndex, LPVOID lpTlsValue);
      |                             ^~~~~~~~~~~
/xemu/include/hw/core/cpu.h:648:15: warning: 'TlsSetValue' redeclared without dllimport attribute: previous dllimport ignored [-Wattributes]
  648 | int __stdcall TlsSetValue(unsigned long, void *);
      |               ^~~~~~~~~~~
[399/663] Compiling C object libsystem.a.p/migration_cpr.c.obj
In file included from /xemu/include/exec/cpu-common.h:13,
                 from /xemu/include/system/memory.h:17,
                 from /xemu/include/hw/vfio/vfio-device.h:24,
                 from ../migration/cpr.c:12:
/xemu/include/hw/core/cpu.h:647:17: warning: redundant redeclaration of 'TlsGetValue' [-Wredundant-decls]
  647 | void *__stdcall TlsGetValue(unsigned long);
      |                 ^~~~~~~~~~~
In file included from /usr/local/mxe/usr/x86_64-w64-mingw32.static/include/winbase.h:29,
                 from /usr/local/mxe/usr/x86_64-w64-mingw32.static/include/windows.h:70,
                 from /usr/local/mxe/usr/x86_64-w64-mingw32.static/include/winsock2.h:23,
                 from /xemu/include/system/os-win32.h:29,
                 from /xemu/include/qemu/osdep.h:178,
                 from ../migration/cpr.c:8:
/usr/local/mxe/usr/x86_64-w64-mingw32.static/include/processthreadsapi.h:323:28: note: previous declaration of 'TlsGetValue' with type 'void *(DWORD)' {aka 'void *(long unsigned int)'}
  323 |   WINBASEAPI LPVOID WINAPI TlsGetValue (DWORD dwTlsIndex);
      |                            ^~~~~~~~~~~
/xemu/include/hw/core/cpu.h:647:17: warning: 'TlsGetValue' redeclared without dllimport attribute: previous dllimport ignored [-Wattributes]
  647 | void *__stdcall TlsGetValue(unsigned long);
      |                 ^~~~~~~~~~~
/xemu/include/hw/core/cpu.h:648:15: warning: redundant redeclaration of 'TlsSetValue' [-Wredundant-decls]
  648 | int __stdcall TlsSetValue(unsigned long, void *);
      |               ^~~~~~~~~~~
/usr/local/mxe/usr/x86_64-w64-mingw32.static/include/processthreadsapi.h:324:29: note: previous declaration of 'TlsSetValue' with type 'WINBOOL(DWORD,  void *)' {aka 'int(long unsigned int,  void *)'}
  324 |   WINBASEAPI WINBOOL WINAPI TlsSetValue (DWORD dwTlsIndex, LPVOID lpTlsValue);
      |                             ^~~~~~~~~~~
/xemu/include/hw/core/cpu.h:648:15: warning: 'TlsSetValue' redeclared without dllimport attribute: previous dllimport ignored [-Wattributes]
  648 | int __stdcall TlsSetValue(unsigned long, void *);
      |               ^~~~~~~~~~~
[400/663] Compiling C object libsystem.a.p/system_memory.c.obj
In file included from /xemu/include/exec/cpu-common.h:13,
                 from /xemu/include/system/memory.h:17,
                 from ../system/memory.c:19:
/xemu/include/hw/core/cpu.h:647:17: warning: redundant redeclaration of 'TlsGetValue' [-Wredundant-decls]
  647 | void *__stdcall TlsGetValue(unsigned long);
      |                 ^~~~~~~~~~~
In file included from /usr/local/mxe/usr/x86_64-w64-mingw32.static/include/winbase.h:29,
                 from /usr/local/mxe/usr/x86_64-w64-mingw32.static/include/windows.h:70,
                 from /usr/local/mxe/usr/x86_64-w64-mingw32.static/include/winsock2.h:23,
                 from /xemu/include/system/os-win32.h:29,
                 from /xemu/include/qemu/osdep.h:178,
                 from ../system/memory.c:16:
/usr/local/mxe/usr/x86_64-w64-mingw32.static/include/processthreadsapi.h:323:28: note: previous declaration of 'TlsGetValue' with type 'void *(DWORD)' {aka 'void *(long unsigned int)'}
  323 |   WINBASEAPI LPVOID WINAPI TlsGetValue (DWORD dwTlsIndex);
      |                            ^~~~~~~~~~~
/xemu/include/hw/core/cpu.h:647:17: warning: 'TlsGetValue' redeclared without dllimport attribute: previous dllimport ignored [-Wattributes]
  647 | void *__stdcall TlsGetValue(unsigned long);
      |                 ^~~~~~~~~~~
/xemu/include/hw/core/cpu.h:648:15: warning: redundant redeclaration of 'TlsSetValue' [-Wredundant-decls]
  648 | int __stdcall TlsSetValue(unsigned long, void *);
      |               ^~~~~~~~~~~
/usr/local/mxe/usr/x86_64-w64-mingw32.static/include/processthreadsapi.h:324:29: note: previous declaration of 'TlsSetValue' with type 'WINBOOL(DWORD,  void *)' {aka 'int(long unsigned int,  void *)'}
  324 |   WINBASEAPI WINBOOL WINAPI TlsSetValue (DWORD dwTlsIndex, LPVOID lpTlsValue);
      |                             ^~~~~~~~~~~
/xemu/include/hw/core/cpu.h:648:15: warning: 'TlsSetValue' redeclared without dllimport attribute: previous dllimport ignored [-Wattributes]
  648 | int __stdcall TlsSetValue(unsigned long, void *);
      |               ^~~~~~~~~~~
[401/663] Compiling C object libsystem.a.p/migration_fd.c.obj
In file included from /xemu/include/exec/cpu-common.h:13,
                 from ../migration/ram.h:33,
                 from ../migration/multifd.h:17,
                 from ../migration/file.h:14,
                 from ../migration/fd.c:20:
/xemu/include/hw/core/cpu.h:647:17: warning: redundant redeclaration of 'TlsGetValue' [-Wredundant-decls]
  647 | void *__stdcall TlsGetValue(unsigned long);
      |                 ^~~~~~~~~~~
In file included from /usr/local/mxe/usr/x86_64-w64-mingw32.static/include/winbase.h:29,
                 from /usr/local/mxe/usr/x86_64-w64-mingw32.static/include/windows.h:70,
                 from /usr/local/mxe/usr/x86_64-w64-mingw32.static/include/winsock2.h:23,
                 from /xemu/include/system/os-win32.h:29,
                 from /xemu/include/qemu/osdep.h:178,
                 from ../migration/fd.c:17:
/usr/local/mxe/usr/x86_64-w64-mingw32.static/include/processthreadsapi.h:323:28: note: previous declaration of 'TlsGetValue' with type 'void *(DWORD)' {aka 'void *(long unsigned int)'}
  323 |   WINBASEAPI LPVOID WINAPI TlsGetValue (DWORD dwTlsIndex);
      |                            ^~~~~~~~~~~
/xemu/include/hw/core/cpu.h:647:17: warning: 'TlsGetValue' redeclared without dllimport attribute: previous dllimport ignored [-Wattributes]
  647 | void *__stdcall TlsGetValue(unsigned long);
      |                 ^~~~~~~~~~~
/xemu/include/hw/core/cpu.h:648:15: warning: redundant redeclaration of 'TlsSetValue' [-Wredundant-decls]
  648 | int __stdcall TlsSetValue(unsigned long, void *);
      |               ^~~~~~~~~~~
/usr/local/mxe/usr/x86_64-w64-mingw32.static/include/processthreadsapi.h:324:29: note: previous declaration of 'TlsSetValue' with type 'WINBOOL(DWORD,  void *)' {aka 'int(long unsigned int,  void *)'}
  324 |   WINBASEAPI WINBOOL WINAPI TlsSetValue (DWORD dwTlsIndex, LPVOID lpTlsValue);
      |                             ^~~~~~~~~~~
/xemu/include/hw/core/cpu.h:648:15: warning: 'TlsSetValue' redeclared without dllimport attribute: previous dllimport ignored [-Wattributes]
  648 | int __stdcall TlsSetValue(unsigned long, void *);
      |               ^~~~~~~~~~~
[402/663] Compiling C object libsystem.a.p/migration_multifd-device-state.c.obj
In file included from /xemu/include/exec/cpu-common.h:13,
                 from ../migration/migration.h:17,
                 from ../migration/multifd-device-state.c:16:
/xemu/include/hw/core/cpu.h:647:17: warning: redundant redeclaration of 'TlsGetValue' [-Wredundant-decls]
  647 | void *__stdcall TlsGetValue(unsigned long);
      |                 ^~~~~~~~~~~
In file included from /usr/local/mxe/usr/x86_64-w64-mingw32.static/include/winbase.h:29,
                 from /usr/local/mxe/usr/x86_64-w64-mingw32.static/include/windows.h:70,
                 from /usr/local/mxe/usr/x86_64-w64-mingw32.static/include/winsock2.h:23,
                 from /xemu/include/system/os-win32.h:29,
                 from /xemu/include/qemu/osdep.h:178,
                 from ../migration/multifd-device-state.c:12:
/usr/local/mxe/usr/x86_64-w64-mingw32.static/include/processthreadsapi.h:323:28: note: previous declaration of 'TlsGetValue' with type 'void *(DWORD)' {aka 'void *(long unsigned int)'}
  323 |   WINBASEAPI LPVOID WINAPI TlsGetValue (DWORD dwTlsIndex);
      |                            ^~~~~~~~~~~
/xemu/include/hw/core/cpu.h:647:17: warning: 'TlsGetValue' redeclared without dllimport attribute: previous dllimport ignored [-Wattributes]
  647 | void *__stdcall TlsGetValue(unsigned long);
      |                 ^~~~~~~~~~~
/xemu/include/hw/core/cpu.h:648:15: warning: redundant redeclaration of 'TlsSetValue' [-Wredundant-decls]
  648 | int __stdcall TlsSetValue(unsigned long, void *);
      |               ^~~~~~~~~~~
/usr/local/mxe/usr/x86_64-w64-mingw32.static/include/processthreadsapi.h:324:29: note: previous declaration of 'TlsSetValue' with type 'WINBOOL(DWORD,  void *)' {aka 'int(long unsigned int,  void *)'}
  324 |   WINBASEAPI WINBOOL WINAPI TlsSetValue (DWORD dwTlsIndex, LPVOID lpTlsValue);
      |                             ^~~~~~~~~~~
/xemu/include/hw/core/cpu.h:648:15: warning: 'TlsSetValue' redeclared without dllimport attribute: previous dllimport ignored [-Wattributes]
  648 | int __stdcall TlsSetValue(unsigned long, void *);
      |               ^~~~~~~~~~~
[403/663] Compiling C object libsystem.a.p/migration_exec.c.obj
In file included from /xemu/include/exec/cpu-common.h:13,
                 from ../migration/migration.h:17,
                 from ../migration/exec.c:25:
/xemu/include/hw/core/cpu.h:647:17: warning: redundant redeclaration of 'TlsGetValue' [-Wredundant-decls]
  647 | void *__stdcall TlsGetValue(unsigned long);
      |                 ^~~~~~~~~~~
In file included from /usr/local/mxe/usr/x86_64-w64-mingw32.static/include/winbase.h:29,
                 from /usr/local/mxe/usr/x86_64-w64-mingw32.static/include/windows.h:70,
                 from /usr/local/mxe/usr/x86_64-w64-mingw32.static/include/winsock2.h:23,
                 from /xemu/include/system/os-win32.h:29,
                 from /xemu/include/qemu/osdep.h:178,
                 from ../migration/exec.c:20:
/usr/local/mxe/usr/x86_64-w64-mingw32.static/include/processthreadsapi.h:323:28: note: previous declaration of 'TlsGetValue' with type 'void *(DWORD)' {aka 'void *(long unsigned int)'}
  323 |   WINBASEAPI LPVOID WINAPI TlsGetValue (DWORD dwTlsIndex);
      |                            ^~~~~~~~~~~
/xemu/include/hw/core/cpu.h:647:17: warning: 'TlsGetValue' redeclared without dllimport attribute: previous dllimport ignored [-Wattributes]
  647 | void *__stdcall TlsGetValue(unsigned long);
      |                 ^~~~~~~~~~~
/xemu/include/hw/core/cpu.h:648:15: warning: redundant redeclaration of 'TlsSetValue' [-Wredundant-decls]
  648 | int __stdcall TlsSetValue(unsigned long, void *);
      |               ^~~~~~~~~~~
/usr/local/mxe/usr/x86_64-w64-mingw32.static/include/processthreadsapi.h:324:29: note: previous declaration of 'TlsSetValue' with type 'WINBOOL(DWORD,  void *)' {aka 'int(long unsigned int,  void *)'}
  324 |   WINBASEAPI WINBOOL WINAPI TlsSetValue (DWORD dwTlsIndex, LPVOID lpTlsValue);
      |                             ^~~~~~~~~~~
/xemu/include/hw/core/cpu.h:648:15: warning: 'TlsSetValue' redeclared without dllimport attribute: previous dllimport ignored [-Wattributes]
  648 | int __stdcall TlsSetValue(unsigned long, void *);
      |               ^~~~~~~~~~~
[404/663] Compiling C object libsystem.a.p/migration_global_state.c.obj
In file included from /xemu/include/exec/cpu-common.h:13,
                 from ../migration/migration.h:17,
                 from ../migration/global_state.c:18:
/xemu/include/hw/core/cpu.h:647:17: warning: redundant redeclaration of 'TlsGetValue' [-Wredundant-decls]
  647 | void *__stdcall TlsGetValue(unsigned long);
      |                 ^~~~~~~~~~~
In file included from /usr/local/mxe/usr/x86_64-w64-mingw32.static/include/winbase.h:29,
                 from /usr/local/mxe/usr/x86_64-w64-mingw32.static/include/windows.h:70,
                 from /usr/local/mxe/usr/x86_64-w64-mingw32.static/include/winsock2.h:23,
                 from /xemu/include/system/os-win32.h:29,
                 from /xemu/include/qemu/osdep.h:178,
                 from ../migration/global_state.c:13:
/usr/local/mxe/usr/x86_64-w64-mingw32.static/include/processthreadsapi.h:323:28: note: previous declaration of 'TlsGetValue' with type 'void *(DWORD)' {aka 'void *(long unsigned int)'}
  323 |   WINBASEAPI LPVOID WINAPI TlsGetValue (DWORD dwTlsIndex);
      |                            ^~~~~~~~~~~
/xemu/include/hw/core/cpu.h:647:17: warning: 'TlsGetValue' redeclared without dllimport attribute: previous dllimport ignored [-Wattributes]
  647 | void *__stdcall TlsGetValue(unsigned long);
      |                 ^~~~~~~~~~~
/xemu/include/hw/core/cpu.h:648:15: warning: redundant redeclaration of 'TlsSetValue' [-Wredundant-decls]
  648 | int __stdcall TlsSetValue(unsigned long, void *);
      |               ^~~~~~~~~~~
/usr/local/mxe/usr/x86_64-w64-mingw32.static/include/processthreadsapi.h:324:29: note: previous declaration of 'TlsSetValue' with type 'WINBOOL(DWORD,  void *)' {aka 'int(long unsigned int,  void *)'}
  324 |   WINBASEAPI WINBOOL WINAPI TlsSetValue (DWORD dwTlsIndex, LPVOID lpTlsValue);
      |                             ^~~~~~~~~~~
/xemu/include/hw/core/cpu.h:648:15: warning: 'TlsSetValue' redeclared without dllimport attribute: previous dllimport ignored [-Wattributes]
  648 | int __stdcall TlsSetValue(unsigned long, void *);
      |               ^~~~~~~~~~~
[405/663] Compiling C object libsystem.a.p/migration_multifd-zero-page.c.obj
In file included from /xemu/include/exec/cpu-common.h:13,
                 from /xemu/include/system/ramblock.h:17,
                 from ../migration/multifd-zero-page.c:15:
/xemu/include/hw/core/cpu.h:647:17: warning: redundant redeclaration of 'TlsGetValue' [-Wredundant-decls]
  647 | void *__stdcall TlsGetValue(unsigned long);
      |                 ^~~~~~~~~~~
In file included from /usr/local/mxe/usr/x86_64-w64-mingw32.static/include/winbase.h:29,
                 from /usr/local/mxe/usr/x86_64-w64-mingw32.static/include/windows.h:70,
                 from /usr/local/mxe/usr/x86_64-w64-mingw32.static/include/winsock2.h:23,
                 from /xemu/include/system/os-win32.h:29,
                 from /xemu/include/qemu/osdep.h:178,
                 from ../migration/multifd-zero-page.c:13:
/usr/local/mxe/usr/x86_64-w64-mingw32.static/include/processthreadsapi.h:323:28: note: previous declaration of 'TlsGetValue' with type 'void *(DWORD)' {aka 'void *(long unsigned int)'}
  323 |   WINBASEAPI LPVOID WINAPI TlsGetValue (DWORD dwTlsIndex);
      |                            ^~~~~~~~~~~
/xemu/include/hw/core/cpu.h:647:17: warning: 'TlsGetValue' redeclared without dllimport attribute: previous dllimport ignored [-Wattributes]
  647 | void *__stdcall TlsGetValue(unsigned long);
      |                 ^~~~~~~~~~~
/xemu/include/hw/core/cpu.h:648:15: warning: redundant redeclaration of 'TlsSetValue' [-Wredundant-decls]
  648 | int __stdcall TlsSetValue(unsigned long, void *);
      |               ^~~~~~~~~~~
/usr/local/mxe/usr/x86_64-w64-mingw32.static/include/processthreadsapi.h:324:29: note: previous declaration of 'TlsSetValue' with type 'WINBOOL(DWORD,  void *)' {aka 'int(long unsigned int,  void *)'}
  324 |   WINBASEAPI WINBOOL WINAPI TlsSetValue (DWORD dwTlsIndex, LPVOID lpTlsValue);
      |                             ^~~~~~~~~~~
/xemu/include/hw/core/cpu.h:648:15: warning: 'TlsSetValue' redeclared without dllimport attribute: previous dllimport ignored [-Wattributes]
  648 | int __stdcall TlsSetValue(unsigned long, void *);
      |               ^~~~~~~~~~~
[406/663] Compiling C object libsystem.a.p/migration_file.c.obj
In file included from /xemu/include/exec/cpu-common.h:13,
                 from /xemu/include/system/ramblock.h:17,
                 from ../migration/file.c:9:
/xemu/include/hw/core/cpu.h:647:17: warning: redundant redeclaration of 'TlsGetValue' [-Wredundant-decls]
  647 | void *__stdcall TlsGetValue(unsigned long);
      |                 ^~~~~~~~~~~
In file included from /usr/local/mxe/usr/x86_64-w64-mingw32.static/include/winbase.h:29,
                 from /usr/local/mxe/usr/x86_64-w64-mingw32.static/include/windows.h:70,
                 from /usr/local/mxe/usr/x86_64-w64-mingw32.static/include/winsock2.h:23,
                 from /xemu/include/system/os-win32.h:29,
                 from /xemu/include/qemu/osdep.h:178,
                 from ../migration/file.c:8:
/usr/local/mxe/usr/x86_64-w64-mingw32.static/include/processthreadsapi.h:323:28: note: previous declaration of 'TlsGetValue' with type 'void *(DWORD)' {aka 'void *(long unsigned int)'}
  323 |   WINBASEAPI LPVOID WINAPI TlsGetValue (DWORD dwTlsIndex);
      |                            ^~~~~~~~~~~
/xemu/include/hw/core/cpu.h:647:17: warning: 'TlsGetValue' redeclared without dllimport attribute: previous dllimport ignored [-Wattributes]
  647 | void *__stdcall TlsGetValue(unsigned long);
      |                 ^~~~~~~~~~~
/xemu/include/hw/core/cpu.h:648:15: warning: redundant redeclaration of 'TlsSetValue' [-Wredundant-decls]
  648 | int __stdcall TlsSetValue(unsigned long, void *);
      |               ^~~~~~~~~~~
/usr/local/mxe/usr/x86_64-w64-mingw32.static/include/processthreadsapi.h:324:29: note: previous declaration of 'TlsSetValue' with type 'WINBOOL(DWORD,  void *)' {aka 'int(long unsigned int,  void *)'}
  324 |   WINBASEAPI WINBOOL WINAPI TlsSetValue (DWORD dwTlsIndex, LPVOID lpTlsValue);
      |                             ^~~~~~~~~~~
/xemu/include/hw/core/cpu.h:648:15: warning: 'TlsSetValue' redeclared without dllimport attribute: previous dllimport ignored [-Wattributes]
  648 | int __stdcall TlsSetValue(unsigned long, void *);
      |               ^~~~~~~~~~~
[407/663] Compiling C object libsystem.a.p/migration_multifd-nocomp.c.obj
In file included from /xemu/include/exec/cpu-common.h:13,
                 from /xemu/include/system/ramblock.h:17,
                 from ../migration/multifd-nocomp.c:14:
/xemu/include/hw/core/cpu.h:647:17: warning: redundant redeclaration of 'TlsGetValue' [-Wredundant-decls]
  647 | void *__stdcall TlsGetValue(unsigned long);
      |                 ^~~~~~~~~~~
In file included from /usr/local/mxe/usr/x86_64-w64-mingw32.static/include/winbase.h:29,
                 from /usr/local/mxe/usr/x86_64-w64-mingw32.static/include/windows.h:70,
                 from /usr/local/mxe/usr/x86_64-w64-mingw32.static/include/winsock2.h:23,
                 from /xemu/include/system/os-win32.h:29,
                 from /xemu/include/qemu/osdep.h:178,
                 from ../migration/multifd-nocomp.c:13:
/usr/local/mxe/usr/x86_64-w64-mingw32.static/include/processthreadsapi.h:323:28: note: previous declaration of 'TlsGetValue' with type 'void *(DWORD)' {aka 'void *(long unsigned int)'}
  323 |   WINBASEAPI LPVOID WINAPI TlsGetValue (DWORD dwTlsIndex);
      |                            ^~~~~~~~~~~
/xemu/include/hw/core/cpu.h:647:17: warning: 'TlsGetValue' redeclared without dllimport attribute: previous dllimport ignored [-Wattributes]
  647 | void *__stdcall TlsGetValue(unsigned long);
      |                 ^~~~~~~~~~~
/xemu/include/hw/core/cpu.h:648:15: warning: redundant redeclaration of 'TlsSetValue' [-Wredundant-decls]
  648 | int __stdcall TlsSetValue(unsigned long, void *);
      |               ^~~~~~~~~~~
/usr/local/mxe/usr/x86_64-w64-mingw32.static/include/processthreadsapi.h:324:29: note: previous declaration of 'TlsSetValue' with type 'WINBOOL(DWORD,  void *)' {aka 'int(long unsigned int,  void *)'}
  324 |   WINBASEAPI WINBOOL WINAPI TlsSetValue (DWORD dwTlsIndex, LPVOID lpTlsValue);
      |                             ^~~~~~~~~~~
/xemu/include/hw/core/cpu.h:648:15: warning: 'TlsSetValue' redeclared without dllimport attribute: previous dllimport ignored [-Wattributes]
  648 | int __stdcall TlsSetValue(unsigned long, void *);
      |               ^~~~~~~~~~~
[408/663] Compiling C object libsystem.a.p/migration_multifd-zlib.c.obj
In file included from /xemu/include/exec/cpu-common.h:13,
                 from /xemu/include/system/ramblock.h:17,
                 from ../migration/multifd-zlib.c:16:
/xemu/include/hw/core/cpu.h:647:17: warning: redundant redeclaration of 'TlsGetValue' [-Wredundant-decls]
  647 | void *__stdcall TlsGetValue(unsigned long);
      |                 ^~~~~~~~~~~
In file included from /usr/local/mxe/usr/x86_64-w64-mingw32.static/include/winbase.h:29,
                 from /usr/local/mxe/usr/x86_64-w64-mingw32.static/include/windows.h:70,
                 from /usr/local/mxe/usr/x86_64-w64-mingw32.static/include/winsock2.h:23,
                 from /xemu/include/system/os-win32.h:29,
                 from /xemu/include/qemu/osdep.h:178,
                 from ../migration/multifd-zlib.c:13:
/usr/local/mxe/usr/x86_64-w64-mingw32.static/include/processthreadsapi.h:323:28: note: previous declaration of 'TlsGetValue' with type 'void *(DWORD)' {aka 'void *(long unsigned int)'}
  323 |   WINBASEAPI LPVOID WINAPI TlsGetValue (DWORD dwTlsIndex);
      |                            ^~~~~~~~~~~
/xemu/include/hw/core/cpu.h:647:17: warning: 'TlsGetValue' redeclared without dllimport attribute: previous dllimport ignored [-Wattributes]
  647 | void *__stdcall TlsGetValue(unsigned long);
      |                 ^~~~~~~~~~~
/xemu/include/hw/core/cpu.h:648:15: warning: redundant redeclaration of 'TlsSetValue' [-Wredundant-decls]
  648 | int __stdcall TlsSetValue(unsigned long, void *);
      |               ^~~~~~~~~~~
/usr/local/mxe/usr/x86_64-w64-mingw32.static/include/processthreadsapi.h:324:29: note: previous declaration of 'TlsSetValue' with type 'WINBOOL(DWORD,  void *)' {aka 'int(long unsigned int,  void *)'}
  324 |   WINBASEAPI WINBOOL WINAPI TlsSetValue (DWORD dwTlsIndex, LPVOID lpTlsValue);
      |                             ^~~~~~~~~~~
/xemu/include/hw/core/cpu.h:648:15: warning: 'TlsSetValue' redeclared without dllimport attribute: previous dllimport ignored [-Wattributes]
  648 | int __stdcall TlsSetValue(unsigned long, void *);
      |               ^~~~~~~~~~~
[409/663] Compiling C object libsystem.a.p/migration_migration-hmp-cmds.c.obj
In file included from /xemu/include/exec/cpu-common.h:13,
                 from ../migration/migration.h:17,
                 from ../migration/migration-hmp-cmds.c:34:
/xemu/include/hw/core/cpu.h:647:17: warning: redundant redeclaration of 'TlsGetValue' [-Wredundant-decls]
  647 | void *__stdcall TlsGetValue(unsigned long);
      |                 ^~~~~~~~~~~
In file included from /usr/local/mxe/usr/x86_64-w64-mingw32.static/include/winbase.h:29,
                 from /usr/local/mxe/usr/x86_64-w64-mingw32.static/include/windows.h:70,
                 from /usr/local/mxe/usr/x86_64-w64-mingw32.static/include/winsock2.h:23,
                 from /xemu/include/system/os-win32.h:29,
                 from /xemu/include/qemu/osdep.h:178,
                 from ../migration/migration-hmp-cmds.c:16:
/usr/local/mxe/usr/x86_64-w64-mingw32.static/include/processthreadsapi.h:323:28: note: previous declaration of 'TlsGetValue' with type 'void *(DWORD)' {aka 'void *(long unsigned int)'}
  323 |   WINBASEAPI LPVOID WINAPI TlsGetValue (DWORD dwTlsIndex);
      |                            ^~~~~~~~~~~
/xemu/include/hw/core/cpu.h:647:17: warning: 'TlsGetValue' redeclared without dllimport attribute: previous dllimport ignored [-Wattributes]
  647 | void *__stdcall TlsGetValue(unsigned long);
      |                 ^~~~~~~~~~~
/xemu/include/hw/core/cpu.h:648:15: warning: redundant redeclaration of 'TlsSetValue' [-Wredundant-decls]
  648 | int __stdcall TlsSetValue(unsigned long, void *);
      |               ^~~~~~~~~~~
/usr/local/mxe/usr/x86_64-w64-mingw32.static/include/processthreadsapi.h:324:29: note: previous declaration of 'TlsSetValue' with type 'WINBOOL(DWORD,  void *)' {aka 'int(long unsigned int,  void *)'}
  324 |   WINBASEAPI WINBOOL WINAPI TlsSetValue (DWORD dwTlsIndex, LPVOID lpTlsValue);
      |                             ^~~~~~~~~~~
/xemu/include/hw/core/cpu.h:648:15: warning: 'TlsSetValue' redeclared without dllimport attribute: previous dllimport ignored [-Wattributes]
  648 | int __stdcall TlsSetValue(unsigned long, void *);
      |               ^~~~~~~~~~~
[410/663] Compiling C object libsystem.a.p/migration_dirtyrate.c.obj
In file included from ../migration/dirtyrate.c:15:
/xemu/include/hw/core/cpu.h:647:17: warning: redundant redeclaration of 'TlsGetValue' [-Wredundant-decls]
  647 | void *__stdcall TlsGetValue(unsigned long);
      |                 ^~~~~~~~~~~
In file included from /usr/local/mxe/usr/x86_64-w64-mingw32.static/include/winbase.h:29,
                 from /usr/local/mxe/usr/x86_64-w64-mingw32.static/include/windows.h:70,
                 from /usr/local/mxe/usr/x86_64-w64-mingw32.static/include/winsock2.h:23,
                 from /xemu/include/system/os-win32.h:29,
                 from /xemu/include/qemu/osdep.h:178,
                 from ../migration/dirtyrate.c:13:
/usr/local/mxe/usr/x86_64-w64-mingw32.static/include/processthreadsapi.h:323:28: note: previous declaration of 'TlsGetValue' with type 'void *(DWORD)' {aka 'void *(long unsigned int)'}
  323 |   WINBASEAPI LPVOID WINAPI TlsGetValue (DWORD dwTlsIndex);
      |                            ^~~~~~~~~~~
/xemu/include/hw/core/cpu.h:647:17: warning: 'TlsGetValue' redeclared without dllimport attribute: previous dllimport ignored [-Wattributes]
  647 | void *__stdcall TlsGetValue(unsigned long);
      |                 ^~~~~~~~~~~
/xemu/include/hw/core/cpu.h:648:15: warning: redundant redeclaration of 'TlsSetValue' [-Wredundant-decls]
  648 | int __stdcall TlsSetValue(unsigned long, void *);
      |               ^~~~~~~~~~~
/usr/local/mxe/usr/x86_64-w64-mingw32.static/include/processthreadsapi.h:324:29: note: previous declaration of 'TlsSetValue' with type 'WINBOOL(DWORD,  void *)' {aka 'int(long unsigned int,  void *)'}
  324 |   WINBASEAPI WINBOOL WINAPI TlsSetValue (DWORD dwTlsIndex, LPVOID lpTlsValue);
      |                             ^~~~~~~~~~~
/xemu/include/hw/core/cpu.h:648:15: warning: 'TlsSetValue' redeclared without dllimport attribute: previous dllimport ignored [-Wattributes]
  648 | int __stdcall TlsSetValue(unsigned long, void *);
      |               ^~~~~~~~~~~
[411/663] Compiling C object libsystem.a.p/migration_options.c.obj
In file included from /xemu/include/exec/cpu-common.h:13,
                 from ../migration/migration.h:17,
                 from ../migration/options.c:27:
/xemu/include/hw/core/cpu.h:647:17: warning: redundant redeclaration of 'TlsGetValue' [-Wredundant-decls]
  647 | void *__stdcall TlsGetValue(unsigned long);
      |                 ^~~~~~~~~~~
In file included from /usr/local/mxe/usr/x86_64-w64-mingw32.static/include/winbase.h:29,
                 from /usr/local/mxe/usr/x86_64-w64-mingw32.static/include/windows.h:70,
                 from /usr/local/mxe/usr/x86_64-w64-mingw32.static/include/winsock2.h:23,
                 from /xemu/include/system/os-win32.h:29,
                 from /xemu/include/qemu/osdep.h:178,
                 from ../migration/options.c:14:
/usr/local/mxe/usr/x86_64-w64-mingw32.static/include/processthreadsapi.h:323:28: note: previous declaration of 'TlsGetValue' with type 'void *(DWORD)' {aka 'void *(long unsigned int)'}
  323 |   WINBASEAPI LPVOID WINAPI TlsGetValue (DWORD dwTlsIndex);
      |                            ^~~~~~~~~~~
/xemu/include/hw/core/cpu.h:647:17: warning: 'TlsGetValue' redeclared without dllimport attribute: previous dllimport ignored [-Wattributes]
  647 | void *__stdcall TlsGetValue(unsigned long);
      |                 ^~~~~~~~~~~
/xemu/include/hw/core/cpu.h:648:15: warning: redundant redeclaration of 'TlsSetValue' [-Wredundant-decls]
  648 | int __stdcall TlsSetValue(unsigned long, void *);
      |               ^~~~~~~~~~~
/usr/local/mxe/usr/x86_64-w64-mingw32.static/include/processthreadsapi.h:324:29: note: previous declaration of 'TlsSetValue' with type 'WINBOOL(DWORD,  void *)' {aka 'int(long unsigned int,  void *)'}
  324 |   WINBASEAPI WINBOOL WINAPI TlsSetValue (DWORD dwTlsIndex, LPVOID lpTlsValue);
      |                             ^~~~~~~~~~~
/xemu/include/hw/core/cpu.h:648:15: warning: 'TlsSetValue' redeclared without dllimport attribute: previous dllimport ignored [-Wattributes]
  648 | int __stdcall TlsSetValue(unsigned long, void *);
      |               ^~~~~~~~~~~
[412/663] Compiling C object libsystem.a.p/migration_postcopy-ram.c.obj
In file included from /xemu/include/exec/cpu-common.h:13,
                 from ../migration/migration.h:17,
                 from ../migration/postcopy-ram.c:22:
/xemu/include/hw/core/cpu.h:647:17: warning: redundant redeclaration of 'TlsGetValue' [-Wredundant-decls]
  647 | void *__stdcall TlsGetValue(unsigned long);
      |                 ^~~~~~~~~~~
In file included from /usr/local/mxe/usr/x86_64-w64-mingw32.static/include/winbase.h:29,
                 from /usr/local/mxe/usr/x86_64-w64-mingw32.static/include/windows.h:70,
                 from /usr/local/mxe/usr/x86_64-w64-mingw32.static/include/winsock2.h:23,
                 from /xemu/include/system/os-win32.h:29,
                 from /xemu/include/qemu/osdep.h:178,
                 from ../migration/postcopy-ram.c:19:
/usr/local/mxe/usr/x86_64-w64-mingw32.static/include/processthreadsapi.h:323:28: note: previous declaration of 'TlsGetValue' with type 'void *(DWORD)' {aka 'void *(long unsigned int)'}
  323 |   WINBASEAPI LPVOID WINAPI TlsGetValue (DWORD dwTlsIndex);
      |                            ^~~~~~~~~~~
/xemu/include/hw/core/cpu.h:647:17: warning: 'TlsGetValue' redeclared without dllimport attribute: previous dllimport ignored [-Wattributes]
  647 | void *__stdcall TlsGetValue(unsigned long);
      |                 ^~~~~~~~~~~
/xemu/include/hw/core/cpu.h:648:15: warning: redundant redeclaration of 'TlsSetValue' [-Wredundant-decls]
  648 | int __stdcall TlsSetValue(unsigned long, void *);
      |               ^~~~~~~~~~~
/usr/local/mxe/usr/x86_64-w64-mingw32.static/include/processthreadsapi.h:324:29: note: previous declaration of 'TlsSetValue' with type 'WINBOOL(DWORD,  void *)' {aka 'int(long unsigned int,  void *)'}
  324 |   WINBASEAPI WINBOOL WINAPI TlsSetValue (DWORD dwTlsIndex, LPVOID lpTlsValue);
      |                             ^~~~~~~~~~~
/xemu/include/hw/core/cpu.h:648:15: warning: 'TlsSetValue' redeclared without dllimport attribute: previous dllimport ignored [-Wattributes]
  648 | int __stdcall TlsSetValue(unsigned long, void *);
      |               ^~~~~~~~~~~
[413/663] Compiling C object libsystem.a.p/migration_threadinfo.c.obj
[414/663] Compiling C object libsystem.a.p/system_physmem.c.obj
In file included from ../system/physmem.c:22:
/xemu/include/hw/core/cpu.h:647:17: warning: redundant redeclaration of 'TlsGetValue' [-Wredundant-decls]
  647 | void *__stdcall TlsGetValue(unsigned long);
      |                 ^~~~~~~~~~~
In file included from /usr/local/mxe/usr/x86_64-w64-mingw32.static/include/winbase.h:29,
                 from /usr/local/mxe/usr/x86_64-w64-mingw32.static/include/windows.h:70,
                 from /usr/local/mxe/usr/x86_64-w64-mingw32.static/include/winsock2.h:23,
                 from /xemu/include/system/os-win32.h:29,
                 from /xemu/include/qemu/osdep.h:178,
                 from ../system/physmem.c:20:
/usr/local/mxe/usr/x86_64-w64-mingw32.static/include/processthreadsapi.h:323:28: note: previous declaration of 'TlsGetValue' with type 'void *(DWORD)' {aka 'void *(long unsigned int)'}
  323 |   WINBASEAPI LPVOID WINAPI TlsGetValue (DWORD dwTlsIndex);
      |                            ^~~~~~~~~~~
/xemu/include/hw/core/cpu.h:647:17: warning: 'TlsGetValue' redeclared without dllimport attribute: previous dllimport ignored [-Wattributes]
  647 | void *__stdcall TlsGetValue(unsigned long);
      |                 ^~~~~~~~~~~
/xemu/include/hw/core/cpu.h:648:15: warning: redundant redeclaration of 'TlsSetValue' [-Wredundant-decls]
  648 | int __stdcall TlsSetValue(unsigned long, void *);
      |               ^~~~~~~~~~~
/usr/local/mxe/usr/x86_64-w64-mingw32.static/include/processthreadsapi.h:324:29: note: previous declaration of 'TlsSetValue' with type 'WINBOOL(DWORD,  void *)' {aka 'int(long unsigned int,  void *)'}
  324 |   WINBASEAPI WINBOOL WINAPI TlsSetValue (DWORD dwTlsIndex, LPVOID lpTlsValue);
      |                             ^~~~~~~~~~~
/xemu/include/hw/core/cpu.h:648:15: warning: 'TlsSetValue' redeclared without dllimport attribute: previous dllimport ignored [-Wattributes]
  648 | int __stdcall TlsSetValue(unsigned long, void *);
      |               ^~~~~~~~~~~
[415/663] Compiling C object libsystem.a.p/migration_socket.c.obj
In file included from /xemu/include/exec/cpu-common.h:13,
                 from ../migration/migration.h:17,
                 from ../migration/socket.c:24:
/xemu/include/hw/core/cpu.h:647:17: warning: redundant redeclaration of 'TlsGetValue' [-Wredundant-decls]
  647 | void *__stdcall TlsGetValue(unsigned long);
      |                 ^~~~~~~~~~~
In file included from /usr/local/mxe/usr/x86_64-w64-mingw32.static/include/winbase.h:29,
                 from /usr/local/mxe/usr/x86_64-w64-mingw32.static/include/windows.h:70,
                 from /usr/local/mxe/usr/x86_64-w64-mingw32.static/include/winsock2.h:23,
                 from /xemu/include/system/os-win32.h:29,
                 from /xemu/include/qemu/osdep.h:178,
                 from ../migration/socket.c:17:
/usr/local/mxe/usr/x86_64-w64-mingw32.static/include/processthreadsapi.h:323:28: note: previous declaration of 'TlsGetValue' with type 'void *(DWORD)' {aka 'void *(long unsigned int)'}
  323 |   WINBASEAPI LPVOID WINAPI TlsGetValue (DWORD dwTlsIndex);
      |                            ^~~~~~~~~~~
/xemu/include/hw/core/cpu.h:647:17: warning: 'TlsGetValue' redeclared without dllimport attribute: previous dllimport ignored [-Wattributes]
  647 | void *__stdcall TlsGetValue(unsigned long);
      |                 ^~~~~~~~~~~
/xemu/include/hw/core/cpu.h:648:15: warning: redundant redeclaration of 'TlsSetValue' [-Wredundant-decls]
  648 | int __stdcall TlsSetValue(unsigned long, void *);
      |               ^~~~~~~~~~~
/usr/local/mxe/usr/x86_64-w64-mingw32.static/include/processthreadsapi.h:324:29: note: previous declaration of 'TlsSetValue' with type 'WINBOOL(DWORD,  void *)' {aka 'int(long unsigned int,  void *)'}
  324 |   WINBASEAPI WINBOOL WINAPI TlsSetValue (DWORD dwTlsIndex, LPVOID lpTlsValue);
      |                             ^~~~~~~~~~~
/xemu/include/hw/core/cpu.h:648:15: warning: 'TlsSetValue' redeclared without dllimport attribute: previous dllimport ignored [-Wattributes]
  648 | int __stdcall TlsSetValue(unsigned long, void *);
      |               ^~~~~~~~~~~
[416/663] Compiling C object libsystem.a.p/migration_tls.c.obj
In file included from /xemu/include/exec/cpu-common.h:13,
                 from ../migration/migration.h:17,
                 from ../migration/tls.c:23:
/xemu/include/hw/core/cpu.h:647:17: warning: redundant redeclaration of 'TlsGetValue' [-Wredundant-decls]
  647 | void *__stdcall TlsGetValue(unsigned long);
      |                 ^~~~~~~~~~~
In file included from /usr/local/mxe/usr/x86_64-w64-mingw32.static/include/winbase.h:29,
                 from /usr/local/mxe/usr/x86_64-w64-mingw32.static/include/windows.h:70,
                 from /usr/local/mxe/usr/x86_64-w64-mingw32.static/include/winsock2.h:23,
                 from /xemu/include/system/os-win32.h:29,
                 from /xemu/include/qemu/osdep.h:178,
                 from ../migration/tls.c:21:
/usr/local/mxe/usr/x86_64-w64-mingw32.static/include/processthreadsapi.h:323:28: note: previous declaration of 'TlsGetValue' with type 'void *(DWORD)' {aka 'void *(long unsigned int)'}
  323 |   WINBASEAPI LPVOID WINAPI TlsGetValue (DWORD dwTlsIndex);
      |                            ^~~~~~~~~~~
/xemu/include/hw/core/cpu.h:647:17: warning: 'TlsGetValue' redeclared without dllimport attribute: previous dllimport ignored [-Wattributes]
  647 | void *__stdcall TlsGetValue(unsigned long);
      |                 ^~~~~~~~~~~
/xemu/include/hw/core/cpu.h:648:15: warning: redundant redeclaration of 'TlsSetValue' [-Wredundant-decls]
  648 | int __stdcall TlsSetValue(unsigned long, void *);
      |               ^~~~~~~~~~~
/usr/local/mxe/usr/x86_64-w64-mingw32.static/include/processthreadsapi.h:324:29: note: previous declaration of 'TlsSetValue' with type 'WINBOOL(DWORD,  void *)' {aka 'int(long unsigned int,  void *)'}
  324 |   WINBASEAPI WINBOOL WINAPI TlsSetValue (DWORD dwTlsIndex, LPVOID lpTlsValue);
      |                             ^~~~~~~~~~~
/xemu/include/hw/core/cpu.h:648:15: warning: 'TlsSetValue' redeclared without dllimport attribute: previous dllimport ignored [-Wattributes]
  648 | int __stdcall TlsSetValue(unsigned long, void *);
      |               ^~~~~~~~~~~
[417/663] Compiling C object libsystem.a.p/migration_vfio-stub.c.obj
In file included from /xemu/include/exec/cpu-common.h:13,
                 from ../migration/migration.h:17,
                 from ../migration/vfio-stub.c:8:
/xemu/include/hw/core/cpu.h:647:17: warning: redundant redeclaration of 'TlsGetValue' [-Wredundant-decls]
  647 | void *__stdcall TlsGetValue(unsigned long);
      |                 ^~~~~~~~~~~
In file included from /usr/local/mxe/usr/x86_64-w64-mingw32.static/include/winbase.h:29,
                 from /usr/local/mxe/usr/x86_64-w64-mingw32.static/include/windows.h:70,
                 from /usr/local/mxe/usr/x86_64-w64-mingw32.static/include/winsock2.h:23,
                 from /xemu/include/system/os-win32.h:29,
                 from /xemu/include/qemu/osdep.h:178,
                 from ../migration/vfio-stub.c:7:
/usr/local/mxe/usr/x86_64-w64-mingw32.static/include/processthreadsapi.h:323:28: note: previous declaration of 'TlsGetValue' with type 'void *(DWORD)' {aka 'void *(long unsigned int)'}
  323 |   WINBASEAPI LPVOID WINAPI TlsGetValue (DWORD dwTlsIndex);
      |                            ^~~~~~~~~~~
/xemu/include/hw/core/cpu.h:647:17: warning: 'TlsGetValue' redeclared without dllimport attribute: previous dllimport ignored [-Wattributes]
  647 | void *__stdcall TlsGetValue(unsigned long);
      |                 ^~~~~~~~~~~
/xemu/include/hw/core/cpu.h:648:15: warning: redundant redeclaration of 'TlsSetValue' [-Wredundant-decls]
  648 | int __stdcall TlsSetValue(unsigned long, void *);
      |               ^~~~~~~~~~~
/usr/local/mxe/usr/x86_64-w64-mingw32.static/include/processthreadsapi.h:324:29: note: previous declaration of 'TlsSetValue' with type 'WINBOOL(DWORD,  void *)' {aka 'int(long unsigned int,  void *)'}
  324 |   WINBASEAPI WINBOOL WINAPI TlsSetValue (DWORD dwTlsIndex, LPVOID lpTlsValue);
      |                             ^~~~~~~~~~~
/xemu/include/hw/core/cpu.h:648:15: warning: 'TlsSetValue' redeclared without dllimport attribute: previous dllimport ignored [-Wattributes]
  648 | int __stdcall TlsSetValue(unsigned long, void *);
      |               ^~~~~~~~~~~
[418/663] Compiling C object libsystem.a.p/migration_colo-stubs.c.obj
[419/663] Compiling C object libsystem.a.p/migration_multifd.c.obj
In file included from /xemu/include/exec/cpu-common.h:13,
                 from /xemu/include/system/ramblock.h:17,
                 from ../migration/multifd.c:19:
/xemu/include/hw/core/cpu.h:647:17: warning: redundant redeclaration of 'TlsGetValue' [-Wredundant-decls]
  647 | void *__stdcall TlsGetValue(unsigned long);
      |                 ^~~~~~~~~~~
In file included from /usr/local/mxe/usr/x86_64-w64-mingw32.static/include/winbase.h:29,
                 from /usr/local/mxe/usr/x86_64-w64-mingw32.static/include/windows.h:70,
                 from /usr/local/mxe/usr/x86_64-w64-mingw32.static/include/winsock2.h:23,
                 from /xemu/include/system/os-win32.h:29,
                 from /xemu/include/qemu/osdep.h:178,
                 from ../migration/multifd.c:13:
/usr/local/mxe/usr/x86_64-w64-mingw32.static/include/processthreadsapi.h:323:28: note: previous declaration of 'TlsGetValue' with type 'void *(DWORD)' {aka 'void *(long unsigned int)'}
  323 |   WINBASEAPI LPVOID WINAPI TlsGetValue (DWORD dwTlsIndex);
      |                            ^~~~~~~~~~~
/xemu/include/hw/core/cpu.h:647:17: warning: 'TlsGetValue' redeclared without dllimport attribute: previous dllimport ignored [-Wattributes]
  647 | void *__stdcall TlsGetValue(unsigned long);
      |                 ^~~~~~~~~~~
/xemu/include/hw/core/cpu.h:648:15: warning: redundant redeclaration of 'TlsSetValue' [-Wredundant-decls]
  648 | int __stdcall TlsSetValue(unsigned long, void *);
      |               ^~~~~~~~~~~
/usr/local/mxe/usr/x86_64-w64-mingw32.static/include/processthreadsapi.h:324:29: note: previous declaration of 'TlsSetValue' with type 'WINBOOL(DWORD,  void *)' {aka 'int(long unsigned int,  void *)'}
  324 |   WINBASEAPI WINBOOL WINAPI TlsSetValue (DWORD dwTlsIndex, LPVOID lpTlsValue);
      |                             ^~~~~~~~~~~
/xemu/include/hw/core/cpu.h:648:15: warning: 'TlsSetValue' redeclared without dllimport attribute: previous dllimport ignored [-Wattributes]
  648 | int __stdcall TlsSetValue(unsigned long, void *);
      |               ^~~~~~~~~~~
[420/663] Compiling C object libsystem.a.p/monitor_fds.c.obj
[421/663] Compiling C object libsystem.a.p/monitor_hmp-cmds.c.obj
In file included from /xemu/include/exec/cpu-common.h:13,
                 from /xemu/include/system/memory.h:17,
                 from /xemu/include/system/ioport.h:27,
                 from ../monitor/hmp-cmds.c:18:
/xemu/include/hw/core/cpu.h:647:17: warning: redundant redeclaration of 'TlsGetValue' [-Wredundant-decls]
  647 | void *__stdcall TlsGetValue(unsigned long);
      |                 ^~~~~~~~~~~
In file included from /usr/local/mxe/usr/x86_64-w64-mingw32.static/include/winbase.h:29,
                 from /usr/local/mxe/usr/x86_64-w64-mingw32.static/include/windows.h:70,
                 from /usr/local/mxe/usr/x86_64-w64-mingw32.static/include/winsock2.h:23,
                 from /xemu/include/system/os-win32.h:29,
                 from /xemu/include/qemu/osdep.h:178,
                 from ../monitor/hmp-cmds.c:16:
/usr/local/mxe/usr/x86_64-w64-mingw32.static/include/processthreadsapi.h:323:28: note: previous declaration of 'TlsGetValue' with type 'void *(DWORD)' {aka 'void *(long unsigned int)'}
  323 |   WINBASEAPI LPVOID WINAPI TlsGetValue (DWORD dwTlsIndex);
      |                            ^~~~~~~~~~~
/xemu/include/hw/core/cpu.h:647:17: warning: 'TlsGetValue' redeclared without dllimport attribute: previous dllimport ignored [-Wattributes]
  647 | void *__stdcall TlsGetValue(unsigned long);
      |                 ^~~~~~~~~~~
/xemu/include/hw/core/cpu.h:648:15: warning: redundant redeclaration of 'TlsSetValue' [-Wredundant-decls]
  648 | int __stdcall TlsSetValue(unsigned long, void *);
      |               ^~~~~~~~~~~
/usr/local/mxe/usr/x86_64-w64-mingw32.static/include/processthreadsapi.h:324:29: note: previous declaration of 'TlsSetValue' with type 'WINBOOL(DWORD,  void *)' {aka 'int(long unsigned int,  void *)'}
  324 |   WINBASEAPI WINBOOL WINAPI TlsSetValue (DWORD dwTlsIndex, LPVOID lpTlsValue);
      |                             ^~~~~~~~~~~
/xemu/include/hw/core/cpu.h:648:15: warning: 'TlsSetValue' redeclared without dllimport attribute: previous dllimport ignored [-Wattributes]
  648 | int __stdcall TlsSetValue(unsigned long, void *);
      |               ^~~~~~~~~~~
[422/663] Compiling C object libsystem.a.p/net_filter-buffer.c.obj
[423/663] Compiling C object libsystem.a.p/monitor_qemu-config-qmp.c.obj
In file included from /xemu/include/exec/cpu-common.h:13,
                 from /xemu/include/system/memory.h:17,
                 from /xemu/include/hw/boards.h:6,
                 from ../monitor/qemu-config-qmp.c:9:
/xemu/include/hw/core/cpu.h:647:17: warning: redundant redeclaration of 'TlsGetValue' [-Wredundant-decls]
  647 | void *__stdcall TlsGetValue(unsigned long);
      |                 ^~~~~~~~~~~
In file included from /usr/local/mxe/usr/x86_64-w64-mingw32.static/include/winbase.h:29,
                 from /usr/local/mxe/usr/x86_64-w64-mingw32.static/include/windows.h:70,
                 from /usr/local/mxe/usr/x86_64-w64-mingw32.static/include/winsock2.h:23,
                 from /xemu/include/system/os-win32.h:29,
                 from /xemu/include/qemu/osdep.h:178,
                 from ../monitor/qemu-config-qmp.c:2:
/usr/local/mxe/usr/x86_64-w64-mingw32.static/include/processthreadsapi.h:323:28: note: previous declaration of 'TlsGetValue' with type 'void *(DWORD)' {aka 'void *(long unsigned int)'}
  323 |   WINBASEAPI LPVOID WINAPI TlsGetValue (DWORD dwTlsIndex);
      |                            ^~~~~~~~~~~
/xemu/include/hw/core/cpu.h:647:17: warning: 'TlsGetValue' redeclared without dllimport attribute: previous dllimport ignored [-Wattributes]
  647 | void *__stdcall TlsGetValue(unsigned long);
      |                 ^~~~~~~~~~~
/xemu/include/hw/core/cpu.h:648:15: warning: redundant redeclaration of 'TlsSetValue' [-Wredundant-decls]
  648 | int __stdcall TlsSetValue(unsigned long, void *);
      |               ^~~~~~~~~~~
/usr/local/mxe/usr/x86_64-w64-mingw32.static/include/processthreadsapi.h:324:29: note: previous declaration of 'TlsSetValue' with type 'WINBOOL(DWORD,  void *)' {aka 'int(long unsigned int,  void *)'}
  324 |   WINBASEAPI WINBOOL WINAPI TlsSetValue (DWORD dwTlsIndex, LPVOID lpTlsValue);
      |                             ^~~~~~~~~~~
/xemu/include/hw/core/cpu.h:648:15: warning: 'TlsSetValue' redeclared without dllimport attribute: previous dllimport ignored [-Wattributes]
  648 | int __stdcall TlsSetValue(unsigned long, void *);
      |               ^~~~~~~~~~~
[424/663] Compiling C object libsystem.a.p/net_checksum.c.obj
[425/663] Compiling C object libsystem.a.p/net_announce.c.obj
[426/663] Compiling C object libsystem.a.p/net_dump.c.obj
[427/663] Compiling C object libsystem.a.p/migration_migration.c.obj
In file included from /xemu/include/exec/cpu-common.h:13,
                 from ../migration/ram.h:33,
                 from ../migration/multifd.h:17,
                 from ../migration/file.h:14,
                 from ../migration/migration.c:24:
/xemu/include/hw/core/cpu.h:647:17: warning: redundant redeclaration of 'TlsGetValue' [-Wredundant-decls]
  647 | void *__stdcall TlsGetValue(unsigned long);
      |                 ^~~~~~~~~~~
In file included from /usr/local/mxe/usr/x86_64-w64-mingw32.static/include/winbase.h:29,
                 from /usr/local/mxe/usr/x86_64-w64-mingw32.static/include/windows.h:70,
                 from /usr/local/mxe/usr/x86_64-w64-mingw32.static/include/winsock2.h:23,
                 from /xemu/include/system/os-win32.h:29,
                 from /xemu/include/qemu/osdep.h:178,
                 from ../migration/migration.c:16:
/usr/local/mxe/usr/x86_64-w64-mingw32.static/include/processthreadsapi.h:323:28: note: previous declaration of 'TlsGetValue' with type 'void *(DWORD)' {aka 'void *(long unsigned int)'}
  323 |   WINBASEAPI LPVOID WINAPI TlsGetValue (DWORD dwTlsIndex);
      |                            ^~~~~~~~~~~
/xemu/include/hw/core/cpu.h:647:17: warning: 'TlsGetValue' redeclared without dllimport attribute: previous dllimport ignored [-Wattributes]
  647 | void *__stdcall TlsGetValue(unsigned long);
      |                 ^~~~~~~~~~~
/xemu/include/hw/core/cpu.h:648:15: warning: redundant redeclaration of 'TlsSetValue' [-Wredundant-decls]
  648 | int __stdcall TlsSetValue(unsigned long, void *);
      |               ^~~~~~~~~~~
/usr/local/mxe/usr/x86_64-w64-mingw32.static/include/processthreadsapi.h:324:29: note: previous declaration of 'TlsSetValue' with type 'WINBOOL(DWORD,  void *)' {aka 'int(long unsigned int,  void *)'}
  324 |   WINBASEAPI WINBOOL WINAPI TlsSetValue (DWORD dwTlsIndex, LPVOID lpTlsValue);
      |                             ^~~~~~~~~~~
/xemu/include/hw/core/cpu.h:648:15: warning: 'TlsSetValue' redeclared without dllimport attribute: previous dllimport ignored [-Wattributes]
  648 | int __stdcall TlsSetValue(unsigned long, void *);
      |               ^~~~~~~~~~~
[428/663] Compiling C object libsystem.a.p/net_eth.c.obj
[429/663] Compiling C object libsystem.a.p/net_filter-mirror.c.obj
[430/663] Compiling C object libsystem.a.p/net_dgram.c.obj
[431/663] Compiling C object libsystem.a.p/monitor_qmp-cmds.c.obj
[432/663] Compiling C object libsystem.a.p/net_filter.c.obj
In file included from /xemu/include/exec/cpu-common.h:13,
                 from /xemu/include/system/memory.h:17,
                 from /xemu/include/hw/virtio/vhost-backend.h:14,
                 from /xemu/include/net/vhost_net.h:6,
                 from ../net/filter.c:16:
/xemu/include/hw/core/cpu.h:647:17: warning: redundant redeclaration of 'TlsGetValue' [-Wredundant-decls]
  647 | void *__stdcall TlsGetValue(unsigned long);
      |                 ^~~~~~~~~~~
In file included from /usr/local/mxe/usr/x86_64-w64-mingw32.static/include/winbase.h:29,
                 from /usr/local/mxe/usr/x86_64-w64-mingw32.static/include/windows.h:70,
                 from /usr/local/mxe/usr/x86_64-w64-mingw32.static/include/winsock2.h:23,
                 from /xemu/include/system/os-win32.h:29,
                 from /xemu/include/qemu/osdep.h:178,
                 from ../net/filter.c:9:
/usr/local/mxe/usr/x86_64-w64-mingw32.static/include/processthreadsapi.h:323:28: note: previous declaration of 'TlsGetValue' with type 'void *(DWORD)' {aka 'void *(long unsigned int)'}
  323 |   WINBASEAPI LPVOID WINAPI TlsGetValue (DWORD dwTlsIndex);
      |                            ^~~~~~~~~~~
/xemu/include/hw/core/cpu.h:647:17: warning: 'TlsGetValue' redeclared without dllimport attribute: previous dllimport ignored [-Wattributes]
  647 | void *__stdcall TlsGetValue(unsigned long);
      |                 ^~~~~~~~~~~
/xemu/include/hw/core/cpu.h:648:15: warning: redundant redeclaration of 'TlsSetValue' [-Wredundant-decls]
  648 | int __stdcall TlsSetValue(unsigned long, void *);
      |               ^~~~~~~~~~~
/usr/local/mxe/usr/x86_64-w64-mingw32.static/include/processthreadsapi.h:324:29: note: previous declaration of 'TlsSetValue' with type 'WINBOOL(DWORD,  void *)' {aka 'int(long unsigned int,  void *)'}
  324 |   WINBASEAPI WINBOOL WINAPI TlsSetValue (DWORD dwTlsIndex, LPVOID lpTlsValue);
      |                             ^~~~~~~~~~~
/xemu/include/hw/core/cpu.h:648:15: warning: 'TlsSetValue' redeclared without dllimport attribute: previous dllimport ignored [-Wattributes]
  648 | int __stdcall TlsSetValue(unsigned long, void *);
      |               ^~~~~~~~~~~
[433/663] Compiling C object libsystem.a.p/net_net-hmp-cmds.c.obj
[434/663] Compiling C object libsystem.a.p/monitor_hmp.c.obj
[435/663] Compiling C object libsystem.a.p/net_queue.c.obj
[436/663] Compiling C object libsystem.a.p/net_stream.c.obj
[437/663] Compiling C object libsystem.a.p/net_hub.c.obj
[438/663] Compiling C object libsystem.a.p/net_stream_data.c.obj
[439/663] Compiling C object libsystem.a.p/net_colo-stubs.c.obj
[440/663] Compiling C object libsystem.a.p/net_filter-replay.c.obj
[441/663] Compiling C object libsystem.a.p/net_socket.c.obj
[442/663] Compiling C object libsystem.a.p/net_util.c.obj
[443/663] Compiling C object libsystem.a.p/migration_savevm.c.obj
In file included from /xemu/include/exec/cpu-common.h:13,
                 from /xemu/include/system/memory.h:17,
                 from /xemu/include/hw/boards.h:6,
                 from ../migration/savevm.c:30:
/xemu/include/hw/core/cpu.h:647:17: warning: redundant redeclaration of 'TlsGetValue' [-Wredundant-decls]
  647 | void *__stdcall TlsGetValue(unsigned long);
      |                 ^~~~~~~~~~~
In file included from /usr/local/mxe/usr/x86_64-w64-mingw32.static/include/winbase.h:29,
                 from /usr/local/mxe/usr/x86_64-w64-mingw32.static/include/windows.h:70,
                 from /usr/local/mxe/usr/x86_64-w64-mingw32.static/include/winsock2.h:23,
                 from /xemu/include/system/os-win32.h:29,
                 from /xemu/include/qemu/osdep.h:178,
                 from ../migration/savevm.c:29:
/usr/local/mxe/usr/x86_64-w64-mingw32.static/include/processthreadsapi.h:323:28: note: previous declaration of 'TlsGetValue' with type 'void *(DWORD)' {aka 'void *(long unsigned int)'}
  323 |   WINBASEAPI LPVOID WINAPI TlsGetValue (DWORD dwTlsIndex);
      |                            ^~~~~~~~~~~
/xemu/include/hw/core/cpu.h:647:17: warning: 'TlsGetValue' redeclared without dllimport attribute: previous dllimport ignored [-Wattributes]
  647 | void *__stdcall TlsGetValue(unsigned long);
      |                 ^~~~~~~~~~~
/xemu/include/hw/core/cpu.h:648:15: warning: redundant redeclaration of 'TlsSetValue' [-Wredundant-decls]
  648 | int __stdcall TlsSetValue(unsigned long, void *);
      |               ^~~~~~~~~~~
/usr/local/mxe/usr/x86_64-w64-mingw32.static/include/processthreadsapi.h:324:29: note: previous declaration of 'TlsSetValue' with type 'WINBOOL(DWORD,  void *)' {aka 'int(long unsigned int,  void *)'}
  324 |   WINBASEAPI WINBOOL WINAPI TlsSetValue (DWORD dwTlsIndex, LPVOID lpTlsValue);
      |                             ^~~~~~~~~~~
/xemu/include/hw/core/cpu.h:648:15: warning: 'TlsSetValue' redeclared without dllimport attribute: previous dllimport ignored [-Wattributes]
  648 | int __stdcall TlsSetValue(unsigned long, void *);
      |               ^~~~~~~~~~~
[444/663] Compiling C object libsystem.a.p/migration_ram.c.obj
In file included from /xemu/include/exec/cpu-common.h:13,
                 from ../migration/ram.h:33,
                 from ../migration/ram.c:36:
/xemu/include/hw/core/cpu.h:647:17: warning: redundant redeclaration of 'TlsGetValue' [-Wredundant-decls]
  647 | void *__stdcall TlsGetValue(unsigned long);
      |                 ^~~~~~~~~~~
In file included from /usr/local/mxe/usr/x86_64-w64-mingw32.static/include/winbase.h:29,
                 from /usr/local/mxe/usr/x86_64-w64-mingw32.static/include/windows.h:70,
                 from /usr/local/mxe/usr/x86_64-w64-mingw32.static/include/winsock2.h:23,
                 from /xemu/include/system/os-win32.h:29,
                 from /xemu/include/qemu/osdep.h:178,
                 from ../migration/ram.c:29:
/usr/local/mxe/usr/x86_64-w64-mingw32.static/include/processthreadsapi.h:323:28: note: previous declaration of 'TlsGetValue' with type 'void *(DWORD)' {aka 'void *(long unsigned int)'}
  323 |   WINBASEAPI LPVOID WINAPI TlsGetValue (DWORD dwTlsIndex);
      |                            ^~~~~~~~~~~
/xemu/include/hw/core/cpu.h:647:17: warning: 'TlsGetValue' redeclared without dllimport attribute: previous dllimport ignored [-Wattributes]
  647 | void *__stdcall TlsGetValue(unsigned long);
      |                 ^~~~~~~~~~~
/xemu/include/hw/core/cpu.h:648:15: warning: redundant redeclaration of 'TlsSetValue' [-Wredundant-decls]
  648 | int __stdcall TlsSetValue(unsigned long, void *);
      |               ^~~~~~~~~~~
/usr/local/mxe/usr/x86_64-w64-mingw32.static/include/processthreadsapi.h:324:29: note: previous declaration of 'TlsSetValue' with type 'WINBOOL(DWORD,  void *)' {aka 'int(long unsigned int,  void *)'}
  324 |   WINBASEAPI WINBOOL WINAPI TlsSetValue (DWORD dwTlsIndex, LPVOID lpTlsValue);
      |                             ^~~~~~~~~~~
/xemu/include/hw/core/cpu.h:648:15: warning: 'TlsSetValue' redeclared without dllimport attribute: previous dllimport ignored [-Wattributes]
  648 | int __stdcall TlsSetValue(unsigned long, void *);
      |               ^~~~~~~~~~~
[445/663] Compiling C object libsystem.a.p/replay_replay-time.c.obj
[446/663] Compiling C object libsystem.a.p/replay_replay-input.c.obj
[447/663] Compiling C object libsystem.a.p/replay_replay.c.obj
[448/663] Compiling C object libsystem.a.p/replay_replay-char.c.obj
[449/663] Compiling C object libsystem.a.p/net_pcap.c.obj
In file included from /xemu/net/pcap.h:23,
                 from ../net/pcap.c:31:
../winpcap-loader/include/pcap/pcap.h:354:9: warning: redundant redeclaration of 'bpf_filter' [-Wredundant-decls]
  354 | u_int   bpf_filter(const struct bpf_insn *, const u_char *, u_int, u_int);
      |         ^~~~~~~~~~
In file included from ../winpcap-loader/include/pcap/pcap.h:51:
../winpcap-loader/include/pcap/bpf.h:919:14: note: previous declaration of 'bpf_filter' with type 'u_int(const struct bpf_insn *, const u_char *, u_int,  u_int)' {aka 'unsigned int(const struct bpf_insn *, const unsigned char *, unsigned int,  unsigned int)'}
  919 | extern u_int bpf_filter(const struct bpf_insn *, const u_char *, u_int, u_int);
      |              ^~~~~~~~~~
../winpcap-loader/include/pcap/pcap.h:355:9: warning: redundant redeclaration of 'bpf_validate' [-Wredundant-decls]
  355 | int     bpf_validate(const struct bpf_insn *f, int len);
      |         ^~~~~~~~~~~~
../winpcap-loader/include/pcap/bpf.h:918:12: note: previous declaration of 'bpf_validate' with type 'int(const struct bpf_insn *, int)'
  918 | extern int bpf_validate(const struct bpf_insn *, int);
      |            ^~~~~~~~~~~~
In file included from ../winpcap-loader/include/pcap/pcap.h:371:
../winpcap-loader/include/pcap/Win32-Extensions.h:103:5: warning: redundant redeclaration of 'pcap_offline_filter' [-Wredundant-decls]
  103 | int pcap_offline_filter(struct bpf_program *prog, const struct pcap_pkthdr *header, const u_char *pkt_data);
      |     ^~~~~~~~~~~~~~~~~~~
../winpcap-loader/include/pcap/pcap.h:321:9: note: previous declaration of 'pcap_offline_filter' with type 'int(struct bpf_program *, const struct pcap_pkthdr *, const u_char *)' {aka 'int(struct bpf_program *, const struct pcap_pkthdr *, const unsigned char *)'}
  321 | int     pcap_offline_filter(struct bpf_program *, const struct pcap_pkthdr *,
      |         ^~~~~~~~~~~~~~~~~~~
[450/663] Compiling C object libsystem.a.p/net_slirp.c.obj
[451/663] Compiling C object libsystem.a.p/replay_replay-audio.c.obj
[452/663] Compiling C object libsystem.a.p/replay_replay-events.c.obj
In file included from ../replay/replay-events.c:18:
/xemu/include/hw/core/cpu.h:647:17: warning: redundant redeclaration of 'TlsGetValue' [-Wredundant-decls]
  647 | void *__stdcall TlsGetValue(unsigned long);
      |                 ^~~~~~~~~~~
In file included from /usr/local/mxe/usr/x86_64-w64-mingw32.static/include/winbase.h:29,
                 from /usr/local/mxe/usr/x86_64-w64-mingw32.static/include/windows.h:70,
                 from /usr/local/mxe/usr/x86_64-w64-mingw32.static/include/winsock2.h:23,
                 from /xemu/include/system/os-win32.h:29,
                 from /xemu/include/qemu/osdep.h:178,
                 from ../replay/replay-events.c:12:
/usr/local/mxe/usr/x86_64-w64-mingw32.static/include/processthreadsapi.h:323:28: note: previous declaration of 'TlsGetValue' with type 'void *(DWORD)' {aka 'void *(long unsigned int)'}
  323 |   WINBASEAPI LPVOID WINAPI TlsGetValue (DWORD dwTlsIndex);
      |                            ^~~~~~~~~~~
/xemu/include/hw/core/cpu.h:647:17: warning: 'TlsGetValue' redeclared without dllimport attribute: previous dllimport ignored [-Wattributes]
  647 | void *__stdcall TlsGetValue(unsigned long);
      |                 ^~~~~~~~~~~
/xemu/include/hw/core/cpu.h:648:15: warning: redundant redeclaration of 'TlsSetValue' [-Wredundant-decls]
  648 | int __stdcall TlsSetValue(unsigned long, void *);
      |               ^~~~~~~~~~~
/usr/local/mxe/usr/x86_64-w64-mingw32.static/include/processthreadsapi.h:324:29: note: previous declaration of 'TlsSetValue' with type 'WINBOOL(DWORD,  void *)' {aka 'int(long unsigned int,  void *)'}
  324 |   WINBASEAPI WINBOOL WINAPI TlsSetValue (DWORD dwTlsIndex, LPVOID lpTlsValue);
      |                             ^~~~~~~~~~~
/xemu/include/hw/core/cpu.h:648:15: warning: 'TlsSetValue' redeclared without dllimport attribute: previous dllimport ignored [-Wattributes]
  648 | int __stdcall TlsSetValue(unsigned long, void *);
      |               ^~~~~~~~~~~
[453/663] Compiling C object libsystem.a.p/net_tap-win32.c.obj
[454/663] Compiling C object libsystem.a.p/replay_replay-random.c.obj
[455/663] Compiling C object libsystem.a.p/replay_replay-internal.c.obj
[456/663] Compiling C object libsystem.a.p/net_net.c.obj
[457/663] Compiling C object libsystem.a.p/replay_replay-net.c.obj
[458/663] Compiling C object libsystem.a.p/replay_replay-snapshot.c.obj
[459/663] Compiling C object libsystem.a.p/semihosting_stubs-system.c.obj
[460/663] Compiling C object libsystem.a.p/semihosting_arm-compat-semi-stub.c.obj
[461/663] Compiling C object libsystem.a.p/net_capture_win_ifnames.c.obj
[462/663] Compiling C object libsystem.a.p/stats_stats-qmp-cmds.c.obj
[463/663] Compiling C object libsystem.a.p/stats_stats-hmp-cmds.c.obj
In file included from ../stats/stats-hmp-cmds.c:13:
/xemu/include/hw/core/cpu.h:647:17: warning: redundant redeclaration of 'TlsGetValue' [-Wredundant-decls]
  647 | void *__stdcall TlsGetValue(unsigned long);
      |                 ^~~~~~~~~~~
In file included from /usr/local/mxe/usr/x86_64-w64-mingw32.static/include/winbase.h:29,
                 from /usr/local/mxe/usr/x86_64-w64-mingw32.static/include/windows.h:70,
                 from /usr/local/mxe/usr/x86_64-w64-mingw32.static/include/winsock2.h:23,
                 from /xemu/include/system/os-win32.h:29,
                 from /xemu/include/qemu/osdep.h:178,
                 from ../stats/stats-hmp-cmds.c:8:
/usr/local/mxe/usr/x86_64-w64-mingw32.static/include/processthreadsapi.h:323:28: note: previous declaration of 'TlsGetValue' with type 'void *(DWORD)' {aka 'void *(long unsigned int)'}
  323 |   WINBASEAPI LPVOID WINAPI TlsGetValue (DWORD dwTlsIndex);
      |                            ^~~~~~~~~~~
/xemu/include/hw/core/cpu.h:647:17: warning: 'TlsGetValue' redeclared without dllimport attribute: previous dllimport ignored [-Wattributes]
  647 | void *__stdcall TlsGetValue(unsigned long);
      |                 ^~~~~~~~~~~
/xemu/include/hw/core/cpu.h:648:15: warning: redundant redeclaration of 'TlsSetValue' [-Wredundant-decls]
  648 | int __stdcall TlsSetValue(unsigned long, void *);
      |               ^~~~~~~~~~~
/usr/local/mxe/usr/x86_64-w64-mingw32.static/include/processthreadsapi.h:324:29: note: previous declaration of 'TlsSetValue' with type 'WINBOOL(DWORD,  void *)' {aka 'int(long unsigned int,  void *)'}
  324 |   WINBASEAPI WINBOOL WINAPI TlsSetValue (DWORD dwTlsIndex, LPVOID lpTlsValue);
      |                             ^~~~~~~~~~~
/xemu/include/hw/core/cpu.h:648:15: warning: 'TlsSetValue' redeclared without dllimport attribute: previous dllimport ignored [-Wattributes]
  648 | int __stdcall TlsSetValue(unsigned long, void *);
      |               ^~~~~~~~~~~
[464/663] Compiling C object libsystem.a.p/tcg_tcg-common.c.obj
In file included from /xemu/include/qemu/plugin.h:18,
                 from /xemu/include/tcg/tcg.h:31,
                 from ../tcg/tcg-common.c:26:
/xemu/include/hw/core/cpu.h:647:17: warning: redundant redeclaration of 'TlsGetValue' [-Wredundant-decls]
  647 | void *__stdcall TlsGetValue(unsigned long);
      |                 ^~~~~~~~~~~
In file included from /usr/local/mxe/usr/x86_64-w64-mingw32.static/include/winbase.h:29,
                 from /usr/local/mxe/usr/x86_64-w64-mingw32.static/include/windows.h:70,
                 from /usr/local/mxe/usr/x86_64-w64-mingw32.static/include/winsock2.h:23,
                 from /xemu/include/system/os-win32.h:29,
                 from /xemu/include/qemu/osdep.h:178,
                 from ../tcg/tcg-common.c:25:
/usr/local/mxe/usr/x86_64-w64-mingw32.static/include/processthreadsapi.h:323:28: note: previous declaration of 'TlsGetValue' with type 'void *(DWORD)' {aka 'void *(long unsigned int)'}
  323 |   WINBASEAPI LPVOID WINAPI TlsGetValue (DWORD dwTlsIndex);
      |                            ^~~~~~~~~~~
/xemu/include/hw/core/cpu.h:647:17: warning: 'TlsGetValue' redeclared without dllimport attribute: previous dllimport ignored [-Wattributes]
  647 | void *__stdcall TlsGetValue(unsigned long);
      |                 ^~~~~~~~~~~
/xemu/include/hw/core/cpu.h:648:15: warning: redundant redeclaration of 'TlsSetValue' [-Wredundant-decls]
  648 | int __stdcall TlsSetValue(unsigned long, void *);
      |               ^~~~~~~~~~~
/usr/local/mxe/usr/x86_64-w64-mingw32.static/include/processthreadsapi.h:324:29: note: previous declaration of 'TlsSetValue' with type 'WINBOOL(DWORD,  void *)' {aka 'int(long unsigned int,  void *)'}
  324 |   WINBASEAPI WINBOOL WINAPI TlsSetValue (DWORD dwTlsIndex, LPVOID lpTlsValue);
      |                             ^~~~~~~~~~~
/xemu/include/hw/core/cpu.h:648:15: warning: 'TlsSetValue' redeclared without dllimport attribute: previous dllimport ignored [-Wattributes]
  648 | int __stdcall TlsSetValue(unsigned long, void *);
      |               ^~~~~~~~~~~
/xemu/include/tcg/tcg.h:484:17: warning: redundant redeclaration of 'TlsGetValue' [-Wredundant-decls]
  484 | void *__stdcall TlsGetValue(unsigned long);
      |                 ^~~~~~~~~~~
/usr/local/mxe/usr/x86_64-w64-mingw32.static/include/processthreadsapi.h:323:28: note: previous declaration of 'TlsGetValue' with type 'void *(long unsigned int)'
  323 |   WINBASEAPI LPVOID WINAPI TlsGetValue (DWORD dwTlsIndex);
      |                            ^~~~~~~~~~~
/xemu/include/tcg/tcg.h:485:15: warning: redundant redeclaration of 'TlsSetValue' [-Wredundant-decls]
  485 | int __stdcall TlsSetValue(unsigned long, void *);
      |               ^~~~~~~~~~~
/usr/local/mxe/usr/x86_64-w64-mingw32.static/include/processthreadsapi.h:324:29: note: previous declaration of 'TlsSetValue' with type 'int(long unsigned int,  void *)'
  324 |   WINBASEAPI WINBOOL WINAPI TlsSetValue (DWORD dwTlsIndex, LPVOID lpTlsValue);
      |                             ^~~~~~~~~~~
[465/663] Compiling C object libsystem.a.p/replay_replay-debugging.c.obj
[466/663] Compiling C object libsystem.a.p/tcg_region.c.obj
In file included from /xemu/include/qemu/plugin.h:18,
                 from /xemu/include/tcg/tcg.h:31,
                 from ../tcg/region.c:33:
/xemu/include/hw/core/cpu.h:647:17: warning: redundant redeclaration of 'TlsGetValue' [-Wredundant-decls]
  647 | void *__stdcall TlsGetValue(unsigned long);
      |                 ^~~~~~~~~~~
In file included from /usr/local/mxe/usr/x86_64-w64-mingw32.static/include/winbase.h:29,
                 from /usr/local/mxe/usr/x86_64-w64-mingw32.static/include/windows.h:70,
                 from /usr/local/mxe/usr/x86_64-w64-mingw32.static/include/winsock2.h:23,
                 from /xemu/include/system/os-win32.h:29,
                 from /xemu/include/qemu/osdep.h:178,
                 from ../tcg/region.c:25:
/usr/local/mxe/usr/x86_64-w64-mingw32.static/include/processthreadsapi.h:323:28: note: previous declaration of 'TlsGetValue' with type 'void *(DWORD)' {aka 'void *(long unsigned int)'}
  323 |   WINBASEAPI LPVOID WINAPI TlsGetValue (DWORD dwTlsIndex);
      |                            ^~~~~~~~~~~
/xemu/include/hw/core/cpu.h:647:17: warning: 'TlsGetValue' redeclared without dllimport attribute: previous dllimport ignored [-Wattributes]
  647 | void *__stdcall TlsGetValue(unsigned long);
      |                 ^~~~~~~~~~~
/xemu/include/hw/core/cpu.h:648:15: warning: redundant redeclaration of 'TlsSetValue' [-Wredundant-decls]
  648 | int __stdcall TlsSetValue(unsigned long, void *);
      |               ^~~~~~~~~~~
/usr/local/mxe/usr/x86_64-w64-mingw32.static/include/processthreadsapi.h:324:29: note: previous declaration of 'TlsSetValue' with type 'WINBOOL(DWORD,  void *)' {aka 'int(long unsigned int,  void *)'}
  324 |   WINBASEAPI WINBOOL WINAPI TlsSetValue (DWORD dwTlsIndex, LPVOID lpTlsValue);
      |                             ^~~~~~~~~~~
/xemu/include/hw/core/cpu.h:648:15: warning: 'TlsSetValue' redeclared without dllimport attribute: previous dllimport ignored [-Wattributes]
  648 | int __stdcall TlsSetValue(unsigned long, void *);
      |               ^~~~~~~~~~~
/xemu/include/tcg/tcg.h:484:17: warning: redundant redeclaration of 'TlsGetValue' [-Wredundant-decls]
  484 | void *__stdcall TlsGetValue(unsigned long);
      |                 ^~~~~~~~~~~
/usr/local/mxe/usr/x86_64-w64-mingw32.static/include/processthreadsapi.h:323:28: note: previous declaration of 'TlsGetValue' with type 'void *(long unsigned int)'
  323 |   WINBASEAPI LPVOID WINAPI TlsGetValue (DWORD dwTlsIndex);
      |                            ^~~~~~~~~~~
/xemu/include/tcg/tcg.h:485:15: warning: redundant redeclaration of 'TlsSetValue' [-Wredundant-decls]
  485 | int __stdcall TlsSetValue(unsigned long, void *);
      |               ^~~~~~~~~~~
/usr/local/mxe/usr/x86_64-w64-mingw32.static/include/processthreadsapi.h:324:29: note: previous declaration of 'TlsSetValue' with type 'int(long unsigned int,  void *)'
  324 |   WINBASEAPI WINBOOL WINAPI TlsSetValue (DWORD dwTlsIndex, LPVOID lpTlsValue);
      |                             ^~~~~~~~~~~
[467/663] Compiling C object libsystem.a.p/accel_accel-blocker.c.obj
In file included from ../accel/accel-blocker.c:31:
/xemu/include/hw/core/cpu.h:647:17: warning: redundant redeclaration of 'TlsGetValue' [-Wredundant-decls]
  647 | void *__stdcall TlsGetValue(unsigned long);
      |                 ^~~~~~~~~~~
In file included from /usr/local/mxe/usr/x86_64-w64-mingw32.static/include/winbase.h:29,
                 from /usr/local/mxe/usr/x86_64-w64-mingw32.static/include/windows.h:70,
                 from /usr/local/mxe/usr/x86_64-w64-mingw32.static/include/winsock2.h:23,
                 from /xemu/include/system/os-win32.h:29,
                 from /xemu/include/qemu/osdep.h:178,
                 from ../accel/accel-blocker.c:27:
/usr/local/mxe/usr/x86_64-w64-mingw32.static/include/processthreadsapi.h:323:28: note: previous declaration of 'TlsGetValue' with type 'void *(DWORD)' {aka 'void *(long unsigned int)'}
  323 |   WINBASEAPI LPVOID WINAPI TlsGetValue (DWORD dwTlsIndex);
      |                            ^~~~~~~~~~~
/xemu/include/hw/core/cpu.h:647:17: warning: 'TlsGetValue' redeclared without dllimport attribute: previous dllimport ignored [-Wattributes]
  647 | void *__stdcall TlsGetValue(unsigned long);
      |                 ^~~~~~~~~~~
/xemu/include/hw/core/cpu.h:648:15: warning: redundant redeclaration of 'TlsSetValue' [-Wredundant-decls]
  648 | int __stdcall TlsSetValue(unsigned long, void *);
      |               ^~~~~~~~~~~
/usr/local/mxe/usr/x86_64-w64-mingw32.static/include/processthreadsapi.h:324:29: note: previous declaration of 'TlsSetValue' with type 'WINBOOL(DWORD,  void *)' {aka 'int(long unsigned int,  void *)'}
  324 |   WINBASEAPI WINBOOL WINAPI TlsSetValue (DWORD dwTlsIndex, LPVOID lpTlsValue);
      |                             ^~~~~~~~~~~
/xemu/include/hw/core/cpu.h:648:15: warning: 'TlsSetValue' redeclared without dllimport attribute: previous dllimport ignored [-Wattributes]
  648 | int __stdcall TlsSetValue(unsigned long, void *);
      |               ^~~~~~~~~~~
[468/663] Compiling C object libsystem.a.p/accel_tcg_cpu-exec-common.c.obj
In file included from /xemu/include/exec/log.h:5,
                 from ../accel/tcg/cpu-exec-common.c:21:
/xemu/include/hw/core/cpu.h:647:17: warning: redundant redeclaration of 'TlsGetValue' [-Wredundant-decls]
  647 | void *__stdcall TlsGetValue(unsigned long);
      |                 ^~~~~~~~~~~
In file included from /usr/local/mxe/usr/x86_64-w64-mingw32.static/include/winbase.h:29,
                 from /usr/local/mxe/usr/x86_64-w64-mingw32.static/include/windows.h:70,
                 from /usr/local/mxe/usr/x86_64-w64-mingw32.static/include/winsock2.h:23,
                 from /xemu/include/system/os-win32.h:29,
                 from /xemu/include/qemu/osdep.h:178,
                 from ../accel/tcg/cpu-exec-common.c:20:
/usr/local/mxe/usr/x86_64-w64-mingw32.static/include/processthreadsapi.h:323:28: note: previous declaration of 'TlsGetValue' with type 'void *(DWORD)' {aka 'void *(long unsigned int)'}
  323 |   WINBASEAPI LPVOID WINAPI TlsGetValue (DWORD dwTlsIndex);
      |                            ^~~~~~~~~~~
/xemu/include/hw/core/cpu.h:647:17: warning: 'TlsGetValue' redeclared without dllimport attribute: previous dllimport ignored [-Wattributes]
  647 | void *__stdcall TlsGetValue(unsigned long);
      |                 ^~~~~~~~~~~
/xemu/include/hw/core/cpu.h:648:15: warning: redundant redeclaration of 'TlsSetValue' [-Wredundant-decls]
  648 | int __stdcall TlsSetValue(unsigned long, void *);
      |               ^~~~~~~~~~~
/usr/local/mxe/usr/x86_64-w64-mingw32.static/include/processthreadsapi.h:324:29: note: previous declaration of 'TlsSetValue' with type 'WINBOOL(DWORD,  void *)' {aka 'int(long unsigned int,  void *)'}
  324 |   WINBASEAPI WINBOOL WINAPI TlsSetValue (DWORD dwTlsIndex, LPVOID lpTlsValue);
      |                             ^~~~~~~~~~~
/xemu/include/hw/core/cpu.h:648:15: warning: 'TlsSetValue' redeclared without dllimport attribute: previous dllimport ignored [-Wattributes]
  648 | int __stdcall TlsSetValue(unsigned long, void *);
      |               ^~~~~~~~~~~
[469/663] Compiling C object libsystem.a.p/accel_accel-qmp.c.obj
In file included from ../accel/accel-qmp.c:15:
/xemu/include/hw/core/cpu.h:647:17: warning: redundant redeclaration of 'TlsGetValue' [-Wredundant-decls]
  647 | void *__stdcall TlsGetValue(unsigned long);
      |                 ^~~~~~~~~~~
In file included from /usr/local/mxe/usr/x86_64-w64-mingw32.static/include/winbase.h:29,
                 from /usr/local/mxe/usr/x86_64-w64-mingw32.static/include/windows.h:70,
                 from /usr/local/mxe/usr/x86_64-w64-mingw32.static/include/winsock2.h:23,
                 from /xemu/include/system/os-win32.h:29,
                 from /xemu/include/qemu/osdep.h:178,
                 from ../accel/accel-qmp.c:9:
/usr/local/mxe/usr/x86_64-w64-mingw32.static/include/processthreadsapi.h:323:28: note: previous declaration of 'TlsGetValue' with type 'void *(DWORD)' {aka 'void *(long unsigned int)'}
  323 |   WINBASEAPI LPVOID WINAPI TlsGetValue (DWORD dwTlsIndex);
      |                            ^~~~~~~~~~~
/xemu/include/hw/core/cpu.h:647:17: warning: 'TlsGetValue' redeclared without dllimport attribute: previous dllimport ignored [-Wattributes]
  647 | void *__stdcall TlsGetValue(unsigned long);
      |                 ^~~~~~~~~~~
/xemu/include/hw/core/cpu.h:648:15: warning: redundant redeclaration of 'TlsSetValue' [-Wredundant-decls]
  648 | int __stdcall TlsSetValue(unsigned long, void *);
      |               ^~~~~~~~~~~
/usr/local/mxe/usr/x86_64-w64-mingw32.static/include/processthreadsapi.h:324:29: note: previous declaration of 'TlsSetValue' with type 'WINBOOL(DWORD,  void *)' {aka 'int(long unsigned int,  void *)'}
  324 |   WINBASEAPI WINBOOL WINAPI TlsSetValue (DWORD dwTlsIndex, LPVOID lpTlsValue);
      |                             ^~~~~~~~~~~
/xemu/include/hw/core/cpu.h:648:15: warning: 'TlsSetValue' redeclared without dllimport attribute: previous dllimport ignored [-Wattributes]
  648 | int __stdcall TlsSetValue(unsigned long, void *);
      |               ^~~~~~~~~~~
[470/663] Compiling C object libsystem.a.p/accel_accel-irq.c.obj
In file included from /xemu/include/exec/cpu-common.h:13,
                 from /xemu/include/system/memory.h:17,
                 from /xemu/include/hw/pci/pci.h:4,
                 from /xemu/include/hw/pci/pci_device.h:4,
                 from /xemu/include/hw/pci/msi.h:24,
                 from ../accel/accel-irq.c:13:
/xemu/include/hw/core/cpu.h:647:17: warning: redundant redeclaration of 'TlsGetValue' [-Wredundant-decls]
  647 | void *__stdcall TlsGetValue(unsigned long);
      |                 ^~~~~~~~~~~
In file included from /usr/local/mxe/usr/x86_64-w64-mingw32.static/include/winbase.h:29,
                 from /usr/local/mxe/usr/x86_64-w64-mingw32.static/include/windows.h:70,
                 from /usr/local/mxe/usr/x86_64-w64-mingw32.static/include/winsock2.h:23,
                 from /xemu/include/system/os-win32.h:29,
                 from /xemu/include/qemu/osdep.h:178,
                 from ../accel/accel-irq.c:12:
/usr/local/mxe/usr/x86_64-w64-mingw32.static/include/processthreadsapi.h:323:28: note: previous declaration of 'TlsGetValue' with type 'void *(DWORD)' {aka 'void *(long unsigned int)'}
  323 |   WINBASEAPI LPVOID WINAPI TlsGetValue (DWORD dwTlsIndex);
      |                            ^~~~~~~~~~~
/xemu/include/hw/core/cpu.h:647:17: warning: 'TlsGetValue' redeclared without dllimport attribute: previous dllimport ignored [-Wattributes]
  647 | void *__stdcall TlsGetValue(unsigned long);
      |                 ^~~~~~~~~~~
/xemu/include/hw/core/cpu.h:648:15: warning: redundant redeclaration of 'TlsSetValue' [-Wredundant-decls]
  648 | int __stdcall TlsSetValue(unsigned long, void *);
      |               ^~~~~~~~~~~
/usr/local/mxe/usr/x86_64-w64-mingw32.static/include/processthreadsapi.h:324:29: note: previous declaration of 'TlsSetValue' with type 'WINBOOL(DWORD,  void *)' {aka 'int(long unsigned int,  void *)'}
  324 |   WINBASEAPI WINBOOL WINAPI TlsSetValue (DWORD dwTlsIndex, LPVOID lpTlsValue);
      |                             ^~~~~~~~~~~
/xemu/include/hw/core/cpu.h:648:15: warning: 'TlsSetValue' redeclared without dllimport attribute: previous dllimport ignored [-Wattributes]
  648 | int __stdcall TlsSetValue(unsigned long, void *);
      |               ^~~~~~~~~~~
[471/663] Compiling C object libsystem.a.p/accel_accel-system.c.obj
In file included from /xemu/include/exec/cpu-common.h:13,
                 from /xemu/include/system/memory.h:17,
                 from /xemu/include/hw/boards.h:6,
                 from ../accel/accel-system.c:30:
/xemu/include/hw/core/cpu.h:647:17: warning: redundant redeclaration of 'TlsGetValue' [-Wredundant-decls]
  647 | void *__stdcall TlsGetValue(unsigned long);
      |                 ^~~~~~~~~~~
In file included from /usr/local/mxe/usr/x86_64-w64-mingw32.static/include/winbase.h:29,
                 from /usr/local/mxe/usr/x86_64-w64-mingw32.static/include/windows.h:70,
                 from /usr/local/mxe/usr/x86_64-w64-mingw32.static/include/winsock2.h:23,
                 from /xemu/include/system/os-win32.h:29,
                 from /xemu/include/qemu/osdep.h:178,
                 from ../accel/accel-system.c:26:
/usr/local/mxe/usr/x86_64-w64-mingw32.static/include/processthreadsapi.h:323:28: note: previous declaration of 'TlsGetValue' with type 'void *(DWORD)' {aka 'void *(long unsigned int)'}
  323 |   WINBASEAPI LPVOID WINAPI TlsGetValue (DWORD dwTlsIndex);
      |                            ^~~~~~~~~~~
/xemu/include/hw/core/cpu.h:647:17: warning: 'TlsGetValue' redeclared without dllimport attribute: previous dllimport ignored [-Wattributes]
  647 | void *__stdcall TlsGetValue(unsigned long);
      |                 ^~~~~~~~~~~
/xemu/include/hw/core/cpu.h:648:15: warning: redundant redeclaration of 'TlsSetValue' [-Wredundant-decls]
  648 | int __stdcall TlsSetValue(unsigned long, void *);
      |               ^~~~~~~~~~~
/usr/local/mxe/usr/x86_64-w64-mingw32.static/include/processthreadsapi.h:324:29: note: previous declaration of 'TlsSetValue' with type 'WINBOOL(DWORD,  void *)' {aka 'int(long unsigned int,  void *)'}
  324 |   WINBASEAPI WINBOOL WINAPI TlsSetValue (DWORD dwTlsIndex, LPVOID lpTlsValue);
      |                             ^~~~~~~~~~~
/xemu/include/hw/core/cpu.h:648:15: warning: 'TlsSetValue' redeclared without dllimport attribute: previous dllimport ignored [-Wattributes]
  648 | int __stdcall TlsSetValue(unsigned long, void *);
      |               ^~~~~~~~~~~
[472/663] Compiling C object libsystem.a.p/accel_tcg_tcg-runtime.c.obj
In file included from /xemu/include/exec/cpu-common.h:13,
                 from ../accel/tcg/tcg-runtime.c:26:
/xemu/include/hw/core/cpu.h:647:17: warning: redundant redeclaration of 'TlsGetValue' [-Wredundant-decls]
  647 | void *__stdcall TlsGetValue(unsigned long);
      |                 ^~~~~~~~~~~
In file included from /usr/local/mxe/usr/x86_64-w64-mingw32.static/include/winbase.h:29,
                 from /usr/local/mxe/usr/x86_64-w64-mingw32.static/include/windows.h:70,
                 from /usr/local/mxe/usr/x86_64-w64-mingw32.static/include/winsock2.h:23,
                 from /xemu/include/system/os-win32.h:29,
                 from /xemu/include/qemu/osdep.h:178,
                 from ../accel/tcg/tcg-runtime.c:24:
/usr/local/mxe/usr/x86_64-w64-mingw32.static/include/processthreadsapi.h:323:28: note: previous declaration of 'TlsGetValue' with type 'void *(DWORD)' {aka 'void *(long unsigned int)'}
  323 |   WINBASEAPI LPVOID WINAPI TlsGetValue (DWORD dwTlsIndex);
      |                            ^~~~~~~~~~~
/xemu/include/hw/core/cpu.h:647:17: warning: 'TlsGetValue' redeclared without dllimport attribute: previous dllimport ignored [-Wattributes]
  647 | void *__stdcall TlsGetValue(unsigned long);
      |                 ^~~~~~~~~~~
/xemu/include/hw/core/cpu.h:648:15: warning: redundant redeclaration of 'TlsSetValue' [-Wredundant-decls]
  648 | int __stdcall TlsSetValue(unsigned long, void *);
      |               ^~~~~~~~~~~
/usr/local/mxe/usr/x86_64-w64-mingw32.static/include/processthreadsapi.h:324:29: note: previous declaration of 'TlsSetValue' with type 'WINBOOL(DWORD,  void *)' {aka 'int(long unsigned int,  void *)'}
  324 |   WINBASEAPI WINBOOL WINAPI TlsSetValue (DWORD dwTlsIndex, LPVOID lpTlsValue);
      |                             ^~~~~~~~~~~
/xemu/include/hw/core/cpu.h:648:15: warning: 'TlsSetValue' redeclared without dllimport attribute: previous dllimport ignored [-Wattributes]
  648 | int __stdcall TlsSetValue(unsigned long, void *);
      |               ^~~~~~~~~~~
In file included from /xemu/include/exec/helper-info.c.inc:8,
                 from ../accel/tcg/tcg-runtime.c:31:
/xemu/include/tcg/tcg.h:484:17: warning: redundant redeclaration of 'TlsGetValue' [-Wredundant-decls]
  484 | void *__stdcall TlsGetValue(unsigned long);
      |                 ^~~~~~~~~~~
/usr/local/mxe/usr/x86_64-w64-mingw32.static/include/processthreadsapi.h:323:28: note: previous declaration of 'TlsGetValue' with type 'void *(long unsigned int)'
  323 |   WINBASEAPI LPVOID WINAPI TlsGetValue (DWORD dwTlsIndex);
      |                            ^~~~~~~~~~~
/xemu/include/tcg/tcg.h:485:15: warning: redundant redeclaration of 'TlsSetValue' [-Wredundant-decls]
  485 | int __stdcall TlsSetValue(unsigned long, void *);
      |               ^~~~~~~~~~~
/usr/local/mxe/usr/x86_64-w64-mingw32.static/include/processthreadsapi.h:324:29: note: previous declaration of 'TlsSetValue' with type 'int(long unsigned int,  void *)'
  324 |   WINBASEAPI WINBOOL WINAPI TlsSetValue (DWORD dwTlsIndex, LPVOID lpTlsValue);
      |                             ^~~~~~~~~~~
[473/663] Compiling C object libsystem.a.p/tcg_tcg-op-vec.c.obj
In file included from /xemu/include/qemu/plugin.h:18,
                 from /xemu/include/tcg/tcg.h:31,
                 from ../tcg/tcg-op-vec.c:21:
/xemu/include/hw/core/cpu.h:647:17: warning: redundant redeclaration of 'TlsGetValue' [-Wredundant-decls]
  647 | void *__stdcall TlsGetValue(unsigned long);
      |                 ^~~~~~~~~~~
In file included from /usr/local/mxe/usr/x86_64-w64-mingw32.static/include/winbase.h:29,
                 from /usr/local/mxe/usr/x86_64-w64-mingw32.static/include/windows.h:70,
                 from /usr/local/mxe/usr/x86_64-w64-mingw32.static/include/winsock2.h:23,
                 from /xemu/include/system/os-win32.h:29,
                 from /xemu/include/qemu/osdep.h:178,
                 from ../tcg/tcg-op-vec.c:20:
/usr/local/mxe/usr/x86_64-w64-mingw32.static/include/processthreadsapi.h:323:28: note: previous declaration of 'TlsGetValue' with type 'void *(DWORD)' {aka 'void *(long unsigned int)'}
  323 |   WINBASEAPI LPVOID WINAPI TlsGetValue (DWORD dwTlsIndex);
      |                            ^~~~~~~~~~~
/xemu/include/hw/core/cpu.h:647:17: warning: 'TlsGetValue' redeclared without dllimport attribute: previous dllimport ignored [-Wattributes]
  647 | void *__stdcall TlsGetValue(unsigned long);
      |                 ^~~~~~~~~~~
/xemu/include/hw/core/cpu.h:648:15: warning: redundant redeclaration of 'TlsSetValue' [-Wredundant-decls]
  648 | int __stdcall TlsSetValue(unsigned long, void *);
      |               ^~~~~~~~~~~
/usr/local/mxe/usr/x86_64-w64-mingw32.static/include/processthreadsapi.h:324:29: note: previous declaration of 'TlsSetValue' with type 'WINBOOL(DWORD,  void *)' {aka 'int(long unsigned int,  void *)'}
  324 |   WINBASEAPI WINBOOL WINAPI TlsSetValue (DWORD dwTlsIndex, LPVOID lpTlsValue);
      |                             ^~~~~~~~~~~
/xemu/include/hw/core/cpu.h:648:15: warning: 'TlsSetValue' redeclared without dllimport attribute: previous dllimport ignored [-Wattributes]
  648 | int __stdcall TlsSetValue(unsigned long, void *);
      |               ^~~~~~~~~~~
/xemu/include/tcg/tcg.h:484:17: warning: redundant redeclaration of 'TlsGetValue' [-Wredundant-decls]
  484 | void *__stdcall TlsGetValue(unsigned long);
      |                 ^~~~~~~~~~~
/usr/local/mxe/usr/x86_64-w64-mingw32.static/include/processthreadsapi.h:323:28: note: previous declaration of 'TlsGetValue' with type 'void *(long unsigned int)'
  323 |   WINBASEAPI LPVOID WINAPI TlsGetValue (DWORD dwTlsIndex);
      |                            ^~~~~~~~~~~
/xemu/include/tcg/tcg.h:485:15: warning: redundant redeclaration of 'TlsSetValue' [-Wredundant-decls]
  485 | int __stdcall TlsSetValue(unsigned long, void *);
      |               ^~~~~~~~~~~
/usr/local/mxe/usr/x86_64-w64-mingw32.static/include/processthreadsapi.h:324:29: note: previous declaration of 'TlsSetValue' with type 'int(long unsigned int,  void *)'
  324 |   WINBASEAPI WINBOOL WINAPI TlsSetValue (DWORD dwTlsIndex, LPVOID lpTlsValue);
      |                             ^~~~~~~~~~~
[474/663] Compiling C object libsystem.a.p/tcg_tcg-op-fp.c.obj
In file included from /xemu/include/qemu/plugin.h:18,
                 from /xemu/include/tcg/tcg.h:31,
                 from ../tcg/tcg-op-fp.c:2:
/xemu/include/hw/core/cpu.h:647:17: warning: redundant redeclaration of 'TlsGetValue' [-Wredundant-decls]
  647 | void *__stdcall TlsGetValue(unsigned long);
      |                 ^~~~~~~~~~~
In file included from /usr/local/mxe/usr/x86_64-w64-mingw32.static/include/winbase.h:29,
                 from /usr/local/mxe/usr/x86_64-w64-mingw32.static/include/windows.h:70,
                 from /usr/local/mxe/usr/x86_64-w64-mingw32.static/include/winsock2.h:23,
                 from /xemu/include/system/os-win32.h:29,
                 from /xemu/include/qemu/osdep.h:178,
                 from ../tcg/tcg-op-fp.c:1:
/usr/local/mxe/usr/x86_64-w64-mingw32.static/include/processthreadsapi.h:323:28: note: previous declaration of 'TlsGetValue' with type 'void *(DWORD)' {aka 'void *(long unsigned int)'}
  323 |   WINBASEAPI LPVOID WINAPI TlsGetValue (DWORD dwTlsIndex);
      |                            ^~~~~~~~~~~
/xemu/include/hw/core/cpu.h:647:17: warning: 'TlsGetValue' redeclared without dllimport attribute: previous dllimport ignored [-Wattributes]
  647 | void *__stdcall TlsGetValue(unsigned long);
      |                 ^~~~~~~~~~~
/xemu/include/hw/core/cpu.h:648:15: warning: redundant redeclaration of 'TlsSetValue' [-Wredundant-decls]
  648 | int __stdcall TlsSetValue(unsigned long, void *);
      |               ^~~~~~~~~~~
/usr/local/mxe/usr/x86_64-w64-mingw32.static/include/processthreadsapi.h:324:29: note: previous declaration of 'TlsSetValue' with type 'WINBOOL(DWORD,  void *)' {aka 'int(long unsigned int,  void *)'}
  324 |   WINBASEAPI WINBOOL WINAPI TlsSetValue (DWORD dwTlsIndex, LPVOID lpTlsValue);
      |                             ^~~~~~~~~~~
/xemu/include/hw/core/cpu.h:648:15: warning: 'TlsSetValue' redeclared without dllimport attribute: previous dllimport ignored [-Wattributes]
  648 | int __stdcall TlsSetValue(unsigned long, void *);
      |               ^~~~~~~~~~~
/xemu/include/tcg/tcg.h:484:17: warning: redundant redeclaration of 'TlsGetValue' [-Wredundant-decls]
  484 | void *__stdcall TlsGetValue(unsigned long);
      |                 ^~~~~~~~~~~
/usr/local/mxe/usr/x86_64-w64-mingw32.static/include/processthreadsapi.h:323:28: note: previous declaration of 'TlsGetValue' with type 'void *(long unsigned int)'
  323 |   WINBASEAPI LPVOID WINAPI TlsGetValue (DWORD dwTlsIndex);
      |                            ^~~~~~~~~~~
/xemu/include/tcg/tcg.h:485:15: warning: redundant redeclaration of 'TlsSetValue' [-Wredundant-decls]
  485 | int __stdcall TlsSetValue(unsigned long, void *);
      |               ^~~~~~~~~~~
/usr/local/mxe/usr/x86_64-w64-mingw32.static/include/processthreadsapi.h:324:29: note: previous declaration of 'TlsSetValue' with type 'int(long unsigned int,  void *)'
  324 |   WINBASEAPI WINBOOL WINAPI TlsSetValue (DWORD dwTlsIndex, LPVOID lpTlsValue);
      |                             ^~~~~~~~~~~
[475/663] Compiling C object libsystem.a.p/accel_tcg_translate-all.c.obj
In file included from /xemu/include/qemu/plugin.h:18,
                 from /xemu/include/tcg/tcg.h:31,
                 from ../accel/tcg/translate-all.c:24:
/xemu/include/hw/core/cpu.h:647:17: warning: redundant redeclaration of 'TlsGetValue' [-Wredundant-decls]
  647 | void *__stdcall TlsGetValue(unsigned long);
      |                 ^~~~~~~~~~~
In file included from /usr/local/mxe/usr/x86_64-w64-mingw32.static/include/winbase.h:29,
                 from /usr/local/mxe/usr/x86_64-w64-mingw32.static/include/windows.h:70,
                 from /usr/local/mxe/usr/x86_64-w64-mingw32.static/include/winsock2.h:23,
                 from /xemu/include/system/os-win32.h:29,
                 from /xemu/include/qemu/osdep.h:178,
                 from ../accel/tcg/translate-all.c:20:
/usr/local/mxe/usr/x86_64-w64-mingw32.static/include/processthreadsapi.h:323:28: note: previous declaration of 'TlsGetValue' with type 'void *(DWORD)' {aka 'void *(long unsigned int)'}
  323 |   WINBASEAPI LPVOID WINAPI TlsGetValue (DWORD dwTlsIndex);
      |                            ^~~~~~~~~~~
/xemu/include/hw/core/cpu.h:647:17: warning: 'TlsGetValue' redeclared without dllimport attribute: previous dllimport ignored [-Wattributes]
  647 | void *__stdcall TlsGetValue(unsigned long);
      |                 ^~~~~~~~~~~
/xemu/include/hw/core/cpu.h:648:15: warning: redundant redeclaration of 'TlsSetValue' [-Wredundant-decls]
  648 | int __stdcall TlsSetValue(unsigned long, void *);
      |               ^~~~~~~~~~~
/usr/local/mxe/usr/x86_64-w64-mingw32.static/include/processthreadsapi.h:324:29: note: previous declaration of 'TlsSetValue' with type 'WINBOOL(DWORD,  void *)' {aka 'int(long unsigned int,  void *)'}
  324 |   WINBASEAPI WINBOOL WINAPI TlsSetValue (DWORD dwTlsIndex, LPVOID lpTlsValue);
      |                             ^~~~~~~~~~~
/xemu/include/hw/core/cpu.h:648:15: warning: 'TlsSetValue' redeclared without dllimport attribute: previous dllimport ignored [-Wattributes]
  648 | int __stdcall TlsSetValue(unsigned long, void *);
      |               ^~~~~~~~~~~
/xemu/include/tcg/tcg.h:484:17: warning: redundant redeclaration of 'TlsGetValue' [-Wredundant-decls]
  484 | void *__stdcall TlsGetValue(unsigned long);
      |                 ^~~~~~~~~~~
/usr/local/mxe/usr/x86_64-w64-mingw32.static/include/processthreadsapi.h:323:28: note: previous declaration of 'TlsGetValue' with type 'void *(long unsigned int)'
  323 |   WINBASEAPI LPVOID WINAPI TlsGetValue (DWORD dwTlsIndex);
      |                            ^~~~~~~~~~~
/xemu/include/tcg/tcg.h:485:15: warning: redundant redeclaration of 'TlsSetValue' [-Wredundant-decls]
  485 | int __stdcall TlsSetValue(unsigned long, void *);
      |               ^~~~~~~~~~~
/usr/local/mxe/usr/x86_64-w64-mingw32.static/include/processthreadsapi.h:324:29: note: previous declaration of 'TlsSetValue' with type 'int(long unsigned int,  void *)'
  324 |   WINBASEAPI WINBOOL WINAPI TlsSetValue (DWORD dwTlsIndex, LPVOID lpTlsValue);
      |                             ^~~~~~~~~~~
[476/663] Compiling C object libsystem.a.p/accel_tcg_translator.c.obj
In file included from /xemu/include/accel/tcg/cpu-mmu-index.h:12,
                 from ../accel/tcg/translator.c:15:
/xemu/include/hw/core/cpu.h:647:17: warning: redundant redeclaration of 'TlsGetValue' [-Wredundant-decls]
  647 | void *__stdcall TlsGetValue(unsigned long);
      |                 ^~~~~~~~~~~
In file included from /usr/local/mxe/usr/x86_64-w64-mingw32.static/include/winbase.h:29,
                 from /usr/local/mxe/usr/x86_64-w64-mingw32.static/include/windows.h:70,
                 from /usr/local/mxe/usr/x86_64-w64-mingw32.static/include/winsock2.h:23,
                 from /xemu/include/system/os-win32.h:29,
                 from /xemu/include/qemu/osdep.h:178,
                 from ../accel/tcg/translator.c:10:
/usr/local/mxe/usr/x86_64-w64-mingw32.static/include/processthreadsapi.h:323:28: note: previous declaration of 'TlsGetValue' with type 'void *(DWORD)' {aka 'void *(long unsigned int)'}
  323 |   WINBASEAPI LPVOID WINAPI TlsGetValue (DWORD dwTlsIndex);
      |                            ^~~~~~~~~~~
/xemu/include/hw/core/cpu.h:647:17: warning: 'TlsGetValue' redeclared without dllimport attribute: previous dllimport ignored [-Wattributes]
  647 | void *__stdcall TlsGetValue(unsigned long);
      |                 ^~~~~~~~~~~
/xemu/include/hw/core/cpu.h:648:15: warning: redundant redeclaration of 'TlsSetValue' [-Wredundant-decls]
  648 | int __stdcall TlsSetValue(unsigned long, void *);
      |               ^~~~~~~~~~~
/usr/local/mxe/usr/x86_64-w64-mingw32.static/include/processthreadsapi.h:324:29: note: previous declaration of 'TlsSetValue' with type 'WINBOOL(DWORD,  void *)' {aka 'int(long unsigned int,  void *)'}
  324 |   WINBASEAPI WINBOOL WINAPI TlsSetValue (DWORD dwTlsIndex, LPVOID lpTlsValue);
      |                             ^~~~~~~~~~~
/xemu/include/hw/core/cpu.h:648:15: warning: 'TlsSetValue' redeclared without dllimport attribute: previous dllimport ignored [-Wattributes]
  648 | int __stdcall TlsSetValue(unsigned long, void *);
      |               ^~~~~~~~~~~
In file included from /xemu/include/exec/plugin-gen.h:15,
                 from ../accel/tcg/translator.c:19:
/xemu/include/tcg/tcg.h:484:17: warning: redundant redeclaration of 'TlsGetValue' [-Wredundant-decls]
  484 | void *__stdcall TlsGetValue(unsigned long);
      |                 ^~~~~~~~~~~
/usr/local/mxe/usr/x86_64-w64-mingw32.static/include/processthreadsapi.h:323:28: note: previous declaration of 'TlsGetValue' with type 'void *(long unsigned int)'
  323 |   WINBASEAPI LPVOID WINAPI TlsGetValue (DWORD dwTlsIndex);
      |                            ^~~~~~~~~~~
/xemu/include/tcg/tcg.h:485:15: warning: redundant redeclaration of 'TlsSetValue' [-Wredundant-decls]
  485 | int __stdcall TlsSetValue(unsigned long, void *);
      |               ^~~~~~~~~~~
/usr/local/mxe/usr/x86_64-w64-mingw32.static/include/processthreadsapi.h:324:29: note: previous declaration of 'TlsSetValue' with type 'int(long unsigned int,  void *)'
  324 |   WINBASEAPI WINBOOL WINAPI TlsSetValue (DWORD dwTlsIndex, LPVOID lpTlsValue);
      |                             ^~~~~~~~~~~
[477/663] Compiling C object libsystem.a.p/accel_tcg_tcg-all.c.obj
In file included from /xemu/include/exec/cpu-common.h:13,
                 from /xemu/include/system/memory.h:17,
                 from /xemu/include/hw/boards.h:6,
                 from ../accel/tcg/tcg-all.c:40:
/xemu/include/hw/core/cpu.h:647:17: warning: redundant redeclaration of 'TlsGetValue' [-Wredundant-decls]
  647 | void *__stdcall TlsGetValue(unsigned long);
      |                 ^~~~~~~~~~~
In file included from /usr/local/mxe/usr/x86_64-w64-mingw32.static/include/winbase.h:29,
                 from /usr/local/mxe/usr/x86_64-w64-mingw32.static/include/windows.h:70,
                 from /usr/local/mxe/usr/x86_64-w64-mingw32.static/include/winsock2.h:23,
                 from /xemu/include/system/os-win32.h:29,
                 from /xemu/include/qemu/osdep.h:178,
                 from ../accel/tcg/tcg-all.c:26:
/usr/local/mxe/usr/x86_64-w64-mingw32.static/include/processthreadsapi.h:323:28: note: previous declaration of 'TlsGetValue' with type 'void *(DWORD)' {aka 'void *(long unsigned int)'}
  323 |   WINBASEAPI LPVOID WINAPI TlsGetValue (DWORD dwTlsIndex);
      |                            ^~~~~~~~~~~
/xemu/include/hw/core/cpu.h:647:17: warning: 'TlsGetValue' redeclared without dllimport attribute: previous dllimport ignored [-Wattributes]
  647 | void *__stdcall TlsGetValue(unsigned long);
      |                 ^~~~~~~~~~~
/xemu/include/hw/core/cpu.h:648:15: warning: redundant redeclaration of 'TlsSetValue' [-Wredundant-decls]
  648 | int __stdcall TlsSetValue(unsigned long, void *);
      |               ^~~~~~~~~~~
/usr/local/mxe/usr/x86_64-w64-mingw32.static/include/processthreadsapi.h:324:29: note: previous declaration of 'TlsSetValue' with type 'WINBOOL(DWORD,  void *)' {aka 'int(long unsigned int,  void *)'}
  324 |   WINBASEAPI WINBOOL WINAPI TlsSetValue (DWORD dwTlsIndex, LPVOID lpTlsValue);
      |                             ^~~~~~~~~~~
/xemu/include/hw/core/cpu.h:648:15: warning: 'TlsSetValue' redeclared without dllimport attribute: previous dllimport ignored [-Wattributes]
  648 | int __stdcall TlsSetValue(unsigned long, void *);
      |               ^~~~~~~~~~~
[478/663] Compiling C object libsystem.a.p/accel_tcg_tb-maint.c.obj
In file included from /xemu/include/exec/cpu-common.h:13,
                 from /xemu/include/exec/cputlb.h:23,
                 from ../accel/tcg/tb-maint.c:23:
/xemu/include/hw/core/cpu.h:647:17: warning: redundant redeclaration of 'TlsGetValue' [-Wredundant-decls]
  647 | void *__stdcall TlsGetValue(unsigned long);
      |                 ^~~~~~~~~~~
In file included from /usr/local/mxe/usr/x86_64-w64-mingw32.static/include/winbase.h:29,
                 from /usr/local/mxe/usr/x86_64-w64-mingw32.static/include/windows.h:70,
                 from /usr/local/mxe/usr/x86_64-w64-mingw32.static/include/winsock2.h:23,
                 from /xemu/include/system/os-win32.h:29,
                 from /xemu/include/qemu/osdep.h:178,
                 from ../accel/tcg/tb-maint.c:20:
/usr/local/mxe/usr/x86_64-w64-mingw32.static/include/processthreadsapi.h:323:28: note: previous declaration of 'TlsGetValue' with type 'void *(DWORD)' {aka 'void *(long unsigned int)'}
  323 |   WINBASEAPI LPVOID WINAPI TlsGetValue (DWORD dwTlsIndex);
      |                            ^~~~~~~~~~~
/xemu/include/hw/core/cpu.h:647:17: warning: 'TlsGetValue' redeclared without dllimport attribute: previous dllimport ignored [-Wattributes]
  647 | void *__stdcall TlsGetValue(unsigned long);
      |                 ^~~~~~~~~~~
/xemu/include/hw/core/cpu.h:648:15: warning: redundant redeclaration of 'TlsSetValue' [-Wredundant-decls]
  648 | int __stdcall TlsSetValue(unsigned long, void *);
      |               ^~~~~~~~~~~
/usr/local/mxe/usr/x86_64-w64-mingw32.static/include/processthreadsapi.h:324:29: note: previous declaration of 'TlsSetValue' with type 'WINBOOL(DWORD,  void *)' {aka 'int(long unsigned int,  void *)'}
  324 |   WINBASEAPI WINBOOL WINAPI TlsSetValue (DWORD dwTlsIndex, LPVOID lpTlsValue);
      |                             ^~~~~~~~~~~
/xemu/include/hw/core/cpu.h:648:15: warning: 'TlsSetValue' redeclared without dllimport attribute: previous dllimport ignored [-Wattributes]
  648 | int __stdcall TlsSetValue(unsigned long, void *);
      |               ^~~~~~~~~~~
In file included from ../accel/tcg/tb-maint.c:32:
/xemu/include/tcg/tcg.h:484:17: warning: redundant redeclaration of 'TlsGetValue' [-Wredundant-decls]
  484 | void *__stdcall TlsGetValue(unsigned long);
      |                 ^~~~~~~~~~~
/usr/local/mxe/usr/x86_64-w64-mingw32.static/include/processthreadsapi.h:323:28: note: previous declaration of 'TlsGetValue' with type 'void *(long unsigned int)'
  323 |   WINBASEAPI LPVOID WINAPI TlsGetValue (DWORD dwTlsIndex);
      |                            ^~~~~~~~~~~
/xemu/include/tcg/tcg.h:485:15: warning: redundant redeclaration of 'TlsSetValue' [-Wredundant-decls]
  485 | int __stdcall TlsSetValue(unsigned long, void *);
      |               ^~~~~~~~~~~
/usr/local/mxe/usr/x86_64-w64-mingw32.static/include/processthreadsapi.h:324:29: note: previous declaration of 'TlsSetValue' with type 'int(long unsigned int,  void *)'
  324 |   WINBASEAPI WINBOOL WINAPI TlsSetValue (DWORD dwTlsIndex, LPVOID lpTlsValue);
      |                             ^~~~~~~~~~~
[479/663] Compiling C object libsystem.a.p/accel_tcg_tcg-stats.c.obj
In file included from ../accel/tcg/tcg-stats.c:15:
/xemu/include/hw/core/cpu.h:647:17: warning: redundant redeclaration of 'TlsGetValue' [-Wredundant-decls]
  647 | void *__stdcall TlsGetValue(unsigned long);
      |                 ^~~~~~~~~~~
In file included from /usr/local/mxe/usr/x86_64-w64-mingw32.static/include/winbase.h:29,
                 from /usr/local/mxe/usr/x86_64-w64-mingw32.static/include/windows.h:70,
                 from /usr/local/mxe/usr/x86_64-w64-mingw32.static/include/winsock2.h:23,
                 from /xemu/include/system/os-win32.h:29,
                 from /xemu/include/qemu/osdep.h:178,
                 from ../accel/tcg/tcg-stats.c:9:
/usr/local/mxe/usr/x86_64-w64-mingw32.static/include/processthreadsapi.h:323:28: note: previous declaration of 'TlsGetValue' with type 'void *(DWORD)' {aka 'void *(long unsigned int)'}
  323 |   WINBASEAPI LPVOID WINAPI TlsGetValue (DWORD dwTlsIndex);
      |                            ^~~~~~~~~~~
/xemu/include/hw/core/cpu.h:647:17: warning: 'TlsGetValue' redeclared without dllimport attribute: previous dllimport ignored [-Wattributes]
  647 | void *__stdcall TlsGetValue(unsigned long);
      |                 ^~~~~~~~~~~
/xemu/include/hw/core/cpu.h:648:15: warning: redundant redeclaration of 'TlsSetValue' [-Wredundant-decls]
  648 | int __stdcall TlsSetValue(unsigned long, void *);
      |               ^~~~~~~~~~~
/usr/local/mxe/usr/x86_64-w64-mingw32.static/include/processthreadsapi.h:324:29: note: previous declaration of 'TlsSetValue' with type 'WINBOOL(DWORD,  void *)' {aka 'int(long unsigned int,  void *)'}
  324 |   WINBASEAPI WINBOOL WINAPI TlsSetValue (DWORD dwTlsIndex, LPVOID lpTlsValue);
      |                             ^~~~~~~~~~~
/xemu/include/hw/core/cpu.h:648:15: warning: 'TlsSetValue' redeclared without dllimport attribute: previous dllimport ignored [-Wattributes]
  648 | int __stdcall TlsSetValue(unsigned long, void *);
      |               ^~~~~~~~~~~
In file included from ../accel/tcg/tcg-stats.c:16:
/xemu/include/tcg/tcg.h:484:17: warning: redundant redeclaration of 'TlsGetValue' [-Wredundant-decls]
  484 | void *__stdcall TlsGetValue(unsigned long);
      |                 ^~~~~~~~~~~
/usr/local/mxe/usr/x86_64-w64-mingw32.static/include/processthreadsapi.h:323:28: note: previous declaration of 'TlsGetValue' with type 'void *(long unsigned int)'
  323 |   WINBASEAPI LPVOID WINAPI TlsGetValue (DWORD dwTlsIndex);
      |                            ^~~~~~~~~~~
/xemu/include/tcg/tcg.h:485:15: warning: redundant redeclaration of 'TlsSetValue' [-Wredundant-decls]
  485 | int __stdcall TlsSetValue(unsigned long, void *);
      |               ^~~~~~~~~~~
/usr/local/mxe/usr/x86_64-w64-mingw32.static/include/processthreadsapi.h:324:29: note: previous declaration of 'TlsSetValue' with type 'int(long unsigned int,  void *)'
  324 |   WINBASEAPI WINBOOL WINAPI TlsSetValue (DWORD dwTlsIndex, LPVOID lpTlsValue);
      |                             ^~~~~~~~~~~
[480/663] Compiling C object libsystem.a.p/accel_tcg_cpu-exec.c.obj
In file included from ../accel/tcg/cpu-exec.c:24:
/xemu/include/hw/core/cpu.h:647:17: warning: redundant redeclaration of 'TlsGetValue' [-Wredundant-decls]
  647 | void *__stdcall TlsGetValue(unsigned long);
      |                 ^~~~~~~~~~~
In file included from /usr/local/mxe/usr/x86_64-w64-mingw32.static/include/winbase.h:29,
                 from /usr/local/mxe/usr/x86_64-w64-mingw32.static/include/windows.h:70,
                 from /usr/local/mxe/usr/x86_64-w64-mingw32.static/include/winsock2.h:23,
                 from /xemu/include/system/os-win32.h:29,
                 from /xemu/include/qemu/osdep.h:178,
                 from ../accel/tcg/cpu-exec.c:20:
/usr/local/mxe/usr/x86_64-w64-mingw32.static/include/processthreadsapi.h:323:28: note: previous declaration of 'TlsGetValue' with type 'void *(DWORD)' {aka 'void *(long unsigned int)'}
  323 |   WINBASEAPI LPVOID WINAPI TlsGetValue (DWORD dwTlsIndex);
      |                            ^~~~~~~~~~~
/xemu/include/hw/core/cpu.h:647:17: warning: 'TlsGetValue' redeclared without dllimport attribute: previous dllimport ignored [-Wattributes]
  647 | void *__stdcall TlsGetValue(unsigned long);
      |                 ^~~~~~~~~~~
/xemu/include/hw/core/cpu.h:648:15: warning: redundant redeclaration of 'TlsSetValue' [-Wredundant-decls]
  648 | int __stdcall TlsSetValue(unsigned long, void *);
      |               ^~~~~~~~~~~
/usr/local/mxe/usr/x86_64-w64-mingw32.static/include/processthreadsapi.h:324:29: note: previous declaration of 'TlsSetValue' with type 'WINBOOL(DWORD,  void *)' {aka 'int(long unsigned int,  void *)'}
  324 |   WINBASEAPI WINBOOL WINAPI TlsSetValue (DWORD dwTlsIndex, LPVOID lpTlsValue);
      |                             ^~~~~~~~~~~
/xemu/include/hw/core/cpu.h:648:15: warning: 'TlsSetValue' redeclared without dllimport attribute: previous dllimport ignored [-Wattributes]
  648 | int __stdcall TlsSetValue(unsigned long, void *);
      |               ^~~~~~~~~~~
In file included from ../accel/tcg/cpu-exec.c:34:
/xemu/include/tcg/tcg.h:484:17: warning: redundant redeclaration of 'TlsGetValue' [-Wredundant-decls]
  484 | void *__stdcall TlsGetValue(unsigned long);
      |                 ^~~~~~~~~~~
/usr/local/mxe/usr/x86_64-w64-mingw32.static/include/processthreadsapi.h:323:28: note: previous declaration of 'TlsGetValue' with type 'void *(long unsigned int)'
  323 |   WINBASEAPI LPVOID WINAPI TlsGetValue (DWORD dwTlsIndex);
      |                            ^~~~~~~~~~~
/xemu/include/tcg/tcg.h:485:15: warning: redundant redeclaration of 'TlsSetValue' [-Wredundant-decls]
  485 | int __stdcall TlsSetValue(unsigned long, void *);
      |               ^~~~~~~~~~~
/usr/local/mxe/usr/x86_64-w64-mingw32.static/include/processthreadsapi.h:324:29: note: previous declaration of 'TlsSetValue' with type 'int(long unsigned int,  void *)'
  324 |   WINBASEAPI WINBOOL WINAPI TlsSetValue (DWORD dwTlsIndex, LPVOID lpTlsValue);
      |                             ^~~~~~~~~~~
[481/663] Compiling C object libsystem.a.p/accel_tcg_icount-common.c.obj
In file included from ../accel/tcg/icount-common.c:37:
/xemu/include/hw/core/cpu.h:647:17: warning: redundant redeclaration of 'TlsGetValue' [-Wredundant-decls]
  647 | void *__stdcall TlsGetValue(unsigned long);
      |                 ^~~~~~~~~~~
In file included from /usr/local/mxe/usr/x86_64-w64-mingw32.static/include/winbase.h:29,
                 from /usr/local/mxe/usr/x86_64-w64-mingw32.static/include/windows.h:70,
                 from /usr/local/mxe/usr/x86_64-w64-mingw32.static/include/winsock2.h:23,
                 from /xemu/include/system/os-win32.h:29,
                 from /xemu/include/qemu/osdep.h:178,
                 from ../accel/tcg/icount-common.c:25:
/usr/local/mxe/usr/x86_64-w64-mingw32.static/include/processthreadsapi.h:323:28: note: previous declaration of 'TlsGetValue' with type 'void *(DWORD)' {aka 'void *(long unsigned int)'}
  323 |   WINBASEAPI LPVOID WINAPI TlsGetValue (DWORD dwTlsIndex);
      |                            ^~~~~~~~~~~
/xemu/include/hw/core/cpu.h:647:17: warning: 'TlsGetValue' redeclared without dllimport attribute: previous dllimport ignored [-Wattributes]
  647 | void *__stdcall TlsGetValue(unsigned long);
      |                 ^~~~~~~~~~~
/xemu/include/hw/core/cpu.h:648:15: warning: redundant redeclaration of 'TlsSetValue' [-Wredundant-decls]
  648 | int __stdcall TlsSetValue(unsigned long, void *);
      |               ^~~~~~~~~~~
/usr/local/mxe/usr/x86_64-w64-mingw32.static/include/processthreadsapi.h:324:29: note: previous declaration of 'TlsSetValue' with type 'WINBOOL(DWORD,  void *)' {aka 'int(long unsigned int,  void *)'}
  324 |   WINBASEAPI WINBOOL WINAPI TlsSetValue (DWORD dwTlsIndex, LPVOID lpTlsValue);
      |                             ^~~~~~~~~~~
/xemu/include/hw/core/cpu.h:648:15: warning: 'TlsSetValue' redeclared without dllimport attribute: previous dllimport ignored [-Wattributes]
  648 | int __stdcall TlsSetValue(unsigned long, void *);
      |               ^~~~~~~~~~~
[482/663] Compiling C object libsystem.a.p/accel_tcg_monitor.c.obj
In file included from /xemu/include/qemu/plugin.h:18,
                 from /xemu/include/tcg/tcg.h:31,
                 from ../accel/tcg/monitor.c:15:
/xemu/include/hw/core/cpu.h:647:17: warning: redundant redeclaration of 'TlsGetValue' [-Wredundant-decls]
  647 | void *__stdcall TlsGetValue(unsigned long);
      |                 ^~~~~~~~~~~
In file included from /usr/local/mxe/usr/x86_64-w64-mingw32.static/include/winbase.h:29,
                 from /usr/local/mxe/usr/x86_64-w64-mingw32.static/include/windows.h:70,
                 from /usr/local/mxe/usr/x86_64-w64-mingw32.static/include/winsock2.h:23,
                 from /xemu/include/system/os-win32.h:29,
                 from /xemu/include/qemu/osdep.h:178,
                 from ../accel/tcg/monitor.c:9:
/usr/local/mxe/usr/x86_64-w64-mingw32.static/include/processthreadsapi.h:323:28: note: previous declaration of 'TlsGetValue' with type 'void *(DWORD)' {aka 'void *(long unsigned int)'}
  323 |   WINBASEAPI LPVOID WINAPI TlsGetValue (DWORD dwTlsIndex);
      |                            ^~~~~~~~~~~
/xemu/include/hw/core/cpu.h:647:17: warning: 'TlsGetValue' redeclared without dllimport attribute: previous dllimport ignored [-Wattributes]
  647 | void *__stdcall TlsGetValue(unsigned long);
      |                 ^~~~~~~~~~~
/xemu/include/hw/core/cpu.h:648:15: warning: redundant redeclaration of 'TlsSetValue' [-Wredundant-decls]
  648 | int __stdcall TlsSetValue(unsigned long, void *);
      |               ^~~~~~~~~~~
/usr/local/mxe/usr/x86_64-w64-mingw32.static/include/processthreadsapi.h:324:29: note: previous declaration of 'TlsSetValue' with type 'WINBOOL(DWORD,  void *)' {aka 'int(long unsigned int,  void *)'}
  324 |   WINBASEAPI WINBOOL WINAPI TlsSetValue (DWORD dwTlsIndex, LPVOID lpTlsValue);
      |                             ^~~~~~~~~~~
/xemu/include/hw/core/cpu.h:648:15: warning: 'TlsSetValue' redeclared without dllimport attribute: previous dllimport ignored [-Wattributes]
  648 | int __stdcall TlsSetValue(unsigned long, void *);
      |               ^~~~~~~~~~~
/xemu/include/tcg/tcg.h:484:17: warning: redundant redeclaration of 'TlsGetValue' [-Wredundant-decls]
  484 | void *__stdcall TlsGetValue(unsigned long);
      |                 ^~~~~~~~~~~
/usr/local/mxe/usr/x86_64-w64-mingw32.static/include/processthreadsapi.h:323:28: note: previous declaration of 'TlsGetValue' with type 'void *(long unsigned int)'
  323 |   WINBASEAPI LPVOID WINAPI TlsGetValue (DWORD dwTlsIndex);
      |                            ^~~~~~~~~~~
/xemu/include/tcg/tcg.h:485:15: warning: redundant redeclaration of 'TlsSetValue' [-Wredundant-decls]
  485 | int __stdcall TlsSetValue(unsigned long, void *);
      |               ^~~~~~~~~~~
/usr/local/mxe/usr/x86_64-w64-mingw32.static/include/processthreadsapi.h:324:29: note: previous declaration of 'TlsSetValue' with type 'int(long unsigned int,  void *)'
  324 |   WINBASEAPI WINBOOL WINAPI TlsSetValue (DWORD dwTlsIndex, LPVOID lpTlsValue);
      |                             ^~~~~~~~~~~
[483/663] Compiling C object libsystem.a.p/accel_tcg_tcg-accel-ops.c.obj
In file included from /xemu/include/exec/cpu-common.h:13,
                 from /xemu/include/exec/cputlb.h:23,
                 from ../accel/tcg/tcg-accel-ops.c:37:
/xemu/include/hw/core/cpu.h:647:17: warning: redundant redeclaration of 'TlsGetValue' [-Wredundant-decls]
  647 | void *__stdcall TlsGetValue(unsigned long);
      |                 ^~~~~~~~~~~
In file included from /usr/local/mxe/usr/x86_64-w64-mingw32.static/include/winbase.h:29,
                 from /usr/local/mxe/usr/x86_64-w64-mingw32.static/include/windows.h:70,
                 from /usr/local/mxe/usr/x86_64-w64-mingw32.static/include/winsock2.h:23,
                 from /xemu/include/system/os-win32.h:29,
                 from /xemu/include/qemu/osdep.h:178,
                 from ../accel/tcg/tcg-accel-ops.c:28:
/usr/local/mxe/usr/x86_64-w64-mingw32.static/include/processthreadsapi.h:323:28: note: previous declaration of 'TlsGetValue' with type 'void *(DWORD)' {aka 'void *(long unsigned int)'}
  323 |   WINBASEAPI LPVOID WINAPI TlsGetValue (DWORD dwTlsIndex);
      |                            ^~~~~~~~~~~
/xemu/include/hw/core/cpu.h:647:17: warning: 'TlsGetValue' redeclared without dllimport attribute: previous dllimport ignored [-Wattributes]
  647 | void *__stdcall TlsGetValue(unsigned long);
      |                 ^~~~~~~~~~~
/xemu/include/hw/core/cpu.h:648:15: warning: redundant redeclaration of 'TlsSetValue' [-Wredundant-decls]
  648 | int __stdcall TlsSetValue(unsigned long, void *);
      |               ^~~~~~~~~~~
/usr/local/mxe/usr/x86_64-w64-mingw32.static/include/processthreadsapi.h:324:29: note: previous declaration of 'TlsSetValue' with type 'WINBOOL(DWORD,  void *)' {aka 'int(long unsigned int,  void *)'}
  324 |   WINBASEAPI WINBOOL WINAPI TlsSetValue (DWORD dwTlsIndex, LPVOID lpTlsValue);
      |                             ^~~~~~~~~~~
/xemu/include/hw/core/cpu.h:648:15: warning: 'TlsSetValue' redeclared without dllimport attribute: previous dllimport ignored [-Wattributes]
  648 | int __stdcall TlsSetValue(unsigned long, void *);
      |               ^~~~~~~~~~~
[484/663] Compiling C object libsystem.a.p/tcg_optimize.c.obj
In file included from /xemu/include/qemu/plugin.h:18,
                 from /xemu/include/tcg/tcg.h:31,
                 from /xemu/include/tcg/tcg-op-common.h:11,
                 from ../tcg/optimize.c:29:
/xemu/include/hw/core/cpu.h:647:17: warning: redundant redeclaration of 'TlsGetValue' [-Wredundant-decls]
  647 | void *__stdcall TlsGetValue(unsigned long);
      |                 ^~~~~~~~~~~
In file included from /usr/local/mxe/usr/x86_64-w64-mingw32.static/include/winbase.h:29,
                 from /usr/local/mxe/usr/x86_64-w64-mingw32.static/include/windows.h:70,
                 from /usr/local/mxe/usr/x86_64-w64-mingw32.static/include/winsock2.h:23,
                 from /xemu/include/system/os-win32.h:29,
                 from /xemu/include/qemu/osdep.h:178,
                 from ../tcg/optimize.c:26:
/usr/local/mxe/usr/x86_64-w64-mingw32.static/include/processthreadsapi.h:323:28: note: previous declaration of 'TlsGetValue' with type 'void *(DWORD)' {aka 'void *(long unsigned int)'}
  323 |   WINBASEAPI LPVOID WINAPI TlsGetValue (DWORD dwTlsIndex);
      |                            ^~~~~~~~~~~
/xemu/include/hw/core/cpu.h:647:17: warning: 'TlsGetValue' redeclared without dllimport attribute: previous dllimport ignored [-Wattributes]
  647 | void *__stdcall TlsGetValue(unsigned long);
      |                 ^~~~~~~~~~~
/xemu/include/hw/core/cpu.h:648:15: warning: redundant redeclaration of 'TlsSetValue' [-Wredundant-decls]
  648 | int __stdcall TlsSetValue(unsigned long, void *);
      |               ^~~~~~~~~~~
/usr/local/mxe/usr/x86_64-w64-mingw32.static/include/processthreadsapi.h:324:29: note: previous declaration of 'TlsSetValue' with type 'WINBOOL(DWORD,  void *)' {aka 'int(long unsigned int,  void *)'}
  324 |   WINBASEAPI WINBOOL WINAPI TlsSetValue (DWORD dwTlsIndex, LPVOID lpTlsValue);
      |                             ^~~~~~~~~~~
/xemu/include/hw/core/cpu.h:648:15: warning: 'TlsSetValue' redeclared without dllimport attribute: previous dllimport ignored [-Wattributes]
  648 | int __stdcall TlsSetValue(unsigned long, void *);
      |               ^~~~~~~~~~~
/xemu/include/tcg/tcg.h:484:17: warning: redundant redeclaration of 'TlsGetValue' [-Wredundant-decls]
  484 | void *__stdcall TlsGetValue(unsigned long);
      |                 ^~~~~~~~~~~
/usr/local/mxe/usr/x86_64-w64-mingw32.static/include/processthreadsapi.h:323:28: note: previous declaration of 'TlsGetValue' with type 'void *(long unsigned int)'
  323 |   WINBASEAPI LPVOID WINAPI TlsGetValue (DWORD dwTlsIndex);
      |                            ^~~~~~~~~~~
/xemu/include/tcg/tcg.h:485:15: warning: redundant redeclaration of 'TlsSetValue' [-Wredundant-decls]
  485 | int __stdcall TlsSetValue(unsigned long, void *);
      |               ^~~~~~~~~~~
/usr/local/mxe/usr/x86_64-w64-mingw32.static/include/processthreadsapi.h:324:29: note: previous declaration of 'TlsSetValue' with type 'int(long unsigned int,  void *)'
  324 |   WINBASEAPI WINBOOL WINAPI TlsSetValue (DWORD dwTlsIndex, LPVOID lpTlsValue);
      |                             ^~~~~~~~~~~
[485/663] Compiling C object libsystem.a.p/accel_tcg_tcg-accel-ops-icount.c.obj
In file included from ../accel/tcg/tcg-accel-ops-icount.c:31:
/xemu/include/hw/core/cpu.h:647:17: warning: redundant redeclaration of 'TlsGetValue' [-Wredundant-decls]
  647 | void *__stdcall TlsGetValue(unsigned long);
      |                 ^~~~~~~~~~~
In file included from /usr/local/mxe/usr/x86_64-w64-mingw32.static/include/winbase.h:29,
                 from /usr/local/mxe/usr/x86_64-w64-mingw32.static/include/windows.h:70,
                 from /usr/local/mxe/usr/x86_64-w64-mingw32.static/include/winsock2.h:23,
                 from /xemu/include/system/os-win32.h:29,
                 from /xemu/include/qemu/osdep.h:178,
                 from ../accel/tcg/tcg-accel-ops-icount.c:26:
/usr/local/mxe/usr/x86_64-w64-mingw32.static/include/processthreadsapi.h:323:28: note: previous declaration of 'TlsGetValue' with type 'void *(DWORD)' {aka 'void *(long unsigned int)'}
  323 |   WINBASEAPI LPVOID WINAPI TlsGetValue (DWORD dwTlsIndex);
      |                            ^~~~~~~~~~~
/xemu/include/hw/core/cpu.h:647:17: warning: 'TlsGetValue' redeclared without dllimport attribute: previous dllimport ignored [-Wattributes]
  647 | void *__stdcall TlsGetValue(unsigned long);
      |                 ^~~~~~~~~~~
/xemu/include/hw/core/cpu.h:648:15: warning: redundant redeclaration of 'TlsSetValue' [-Wredundant-decls]
  648 | int __stdcall TlsSetValue(unsigned long, void *);
      |               ^~~~~~~~~~~
/usr/local/mxe/usr/x86_64-w64-mingw32.static/include/processthreadsapi.h:324:29: note: previous declaration of 'TlsSetValue' with type 'WINBOOL(DWORD,  void *)' {aka 'int(long unsigned int,  void *)'}
  324 |   WINBASEAPI WINBOOL WINAPI TlsSetValue (DWORD dwTlsIndex, LPVOID lpTlsValue);
      |                             ^~~~~~~~~~~
/xemu/include/hw/core/cpu.h:648:15: warning: 'TlsSetValue' redeclared without dllimport attribute: previous dllimport ignored [-Wattributes]
  648 | int __stdcall TlsSetValue(unsigned long, void *);
      |               ^~~~~~~~~~~
[486/663] Compiling C object libsystem.a.p/ebpf_ebpf_rss-stub.c.obj
[487/663] Compiling C object libsystem.a.p/accel_dummy-cpus.c.obj
In file included from ../accel/dummy-cpus.c:19:
/xemu/include/hw/core/cpu.h:647:17: warning: redundant redeclaration of 'TlsGetValue' [-Wredundant-decls]
  647 | void *__stdcall TlsGetValue(unsigned long);
      |                 ^~~~~~~~~~~
In file included from /usr/local/mxe/usr/x86_64-w64-mingw32.static/include/winbase.h:29,
                 from /usr/local/mxe/usr/x86_64-w64-mingw32.static/include/windows.h:70,
                 from /usr/local/mxe/usr/x86_64-w64-mingw32.static/include/winsock2.h:23,
                 from /xemu/include/system/os-win32.h:29,
                 from /xemu/include/qemu/osdep.h:178,
                 from ../accel/dummy-cpus.c:14:
/usr/local/mxe/usr/x86_64-w64-mingw32.static/include/processthreadsapi.h:323:28: note: previous declaration of 'TlsGetValue' with type 'void *(DWORD)' {aka 'void *(long unsigned int)'}
  323 |   WINBASEAPI LPVOID WINAPI TlsGetValue (DWORD dwTlsIndex);
      |                            ^~~~~~~~~~~
/xemu/include/hw/core/cpu.h:647:17: warning: 'TlsGetValue' redeclared without dllimport attribute: previous dllimport ignored [-Wattributes]
  647 | void *__stdcall TlsGetValue(unsigned long);
      |                 ^~~~~~~~~~~
/xemu/include/hw/core/cpu.h:648:15: warning: redundant redeclaration of 'TlsSetValue' [-Wredundant-decls]
  648 | int __stdcall TlsSetValue(unsigned long, void *);
      |               ^~~~~~~~~~~
/usr/local/mxe/usr/x86_64-w64-mingw32.static/include/processthreadsapi.h:324:29: note: previous declaration of 'TlsSetValue' with type 'WINBOOL(DWORD,  void *)' {aka 'int(long unsigned int,  void *)'}
  324 |   WINBASEAPI WINBOOL WINAPI TlsSetValue (DWORD dwTlsIndex, LPVOID lpTlsValue);
      |                             ^~~~~~~~~~~
/xemu/include/hw/core/cpu.h:648:15: warning: 'TlsSetValue' redeclared without dllimport attribute: previous dllimport ignored [-Wattributes]
  648 | int __stdcall TlsSetValue(unsigned long, void *);
      |               ^~~~~~~~~~~
[488/663] Compiling C object libsystem.a.p/accel_tcg_tcg-accel-ops-rr.c.obj
In file included from /xemu/include/exec/cpu-common.h:13,
                 from ../accel/tcg/tcg-accel-ops-rr.c:34:
/xemu/include/hw/core/cpu.h:647:17: warning: redundant redeclaration of 'TlsGetValue' [-Wredundant-decls]
  647 | void *__stdcall TlsGetValue(unsigned long);
      |                 ^~~~~~~~~~~
In file included from /usr/local/mxe/usr/x86_64-w64-mingw32.static/include/winbase.h:29,
                 from /usr/local/mxe/usr/x86_64-w64-mingw32.static/include/windows.h:70,
                 from /usr/local/mxe/usr/x86_64-w64-mingw32.static/include/winsock2.h:23,
                 from /xemu/include/system/os-win32.h:29,
                 from /xemu/include/qemu/osdep.h:178,
                 from ../accel/tcg/tcg-accel-ops-rr.c:26:
/usr/local/mxe/usr/x86_64-w64-mingw32.static/include/processthreadsapi.h:323:28: note: previous declaration of 'TlsGetValue' with type 'void *(DWORD)' {aka 'void *(long unsigned int)'}
  323 |   WINBASEAPI LPVOID WINAPI TlsGetValue (DWORD dwTlsIndex);
      |                            ^~~~~~~~~~~
/xemu/include/hw/core/cpu.h:647:17: warning: 'TlsGetValue' redeclared without dllimport attribute: previous dllimport ignored [-Wattributes]
  647 | void *__stdcall TlsGetValue(unsigned long);
      |                 ^~~~~~~~~~~
/xemu/include/hw/core/cpu.h:648:15: warning: redundant redeclaration of 'TlsSetValue' [-Wredundant-decls]
  648 | int __stdcall TlsSetValue(unsigned long, void *);
      |               ^~~~~~~~~~~
/usr/local/mxe/usr/x86_64-w64-mingw32.static/include/processthreadsapi.h:324:29: note: previous declaration of 'TlsSetValue' with type 'WINBOOL(DWORD,  void *)' {aka 'int(long unsigned int,  void *)'}
  324 |   WINBASEAPI WINBOOL WINAPI TlsSetValue (DWORD dwTlsIndex, LPVOID lpTlsValue);
      |                             ^~~~~~~~~~~
/xemu/include/hw/core/cpu.h:648:15: warning: 'TlsSetValue' redeclared without dllimport attribute: previous dllimport ignored [-Wattributes]
  648 | int __stdcall TlsSetValue(unsigned long, void *);
      |               ^~~~~~~~~~~
[489/663] Compiling C object libsystem.a.p/accel_tcg_tcg-accel-ops-mttcg.c.obj
In file included from /xemu/include/exec/cpu-common.h:13,
                 from /xemu/include/system/memory.h:17,
                 from /xemu/include/hw/boards.h:6,
                 from ../accel/tcg/tcg-accel-ops-mttcg.c:33:
/xemu/include/hw/core/cpu.h:647:17: warning: redundant redeclaration of 'TlsGetValue' [-Wredundant-decls]
  647 | void *__stdcall TlsGetValue(unsigned long);
      |                 ^~~~~~~~~~~
In file included from /usr/local/mxe/usr/x86_64-w64-mingw32.static/include/winbase.h:29,
                 from /usr/local/mxe/usr/x86_64-w64-mingw32.static/include/windows.h:70,
                 from /usr/local/mxe/usr/x86_64-w64-mingw32.static/include/winsock2.h:23,
                 from /xemu/include/system/os-win32.h:29,
                 from /xemu/include/qemu/osdep.h:178,
                 from ../accel/tcg/tcg-accel-ops-mttcg.c:26:
/usr/local/mxe/usr/x86_64-w64-mingw32.static/include/processthreadsapi.h:323:28: note: previous declaration of 'TlsGetValue' with type 'void *(DWORD)' {aka 'void *(long unsigned int)'}
  323 |   WINBASEAPI LPVOID WINAPI TlsGetValue (DWORD dwTlsIndex);
      |                            ^~~~~~~~~~~
/xemu/include/hw/core/cpu.h:647:17: warning: 'TlsGetValue' redeclared without dllimport attribute: previous dllimport ignored [-Wattributes]
  647 | void *__stdcall TlsGetValue(unsigned long);
      |                 ^~~~~~~~~~~
/xemu/include/hw/core/cpu.h:648:15: warning: redundant redeclaration of 'TlsSetValue' [-Wredundant-decls]
  648 | int __stdcall TlsSetValue(unsigned long, void *);
      |               ^~~~~~~~~~~
/usr/local/mxe/usr/x86_64-w64-mingw32.static/include/processthreadsapi.h:324:29: note: previous declaration of 'TlsSetValue' with type 'WINBOOL(DWORD,  void *)' {aka 'int(long unsigned int,  void *)'}
  324 |   WINBASEAPI WINBOOL WINAPI TlsSetValue (DWORD dwTlsIndex, LPVOID lpTlsValue);
      |                             ^~~~~~~~~~~
/xemu/include/hw/core/cpu.h:648:15: warning: 'TlsSetValue' redeclared without dllimport attribute: previous dllimport ignored [-Wattributes]
  648 | int __stdcall TlsSetValue(unsigned long, void *);
      |               ^~~~~~~~~~~
[490/663] Compiling C object libsystem.a.p/accel_tcg_watchpoint.c.obj
In file included from /xemu/include/exec/cpu-common.h:13,
                 from /xemu/include/exec/translation-block.h:12,
                 from ../accel/tcg/watchpoint.c:25:
/xemu/include/hw/core/cpu.h:647:17: warning: redundant redeclaration of 'TlsGetValue' [-Wredundant-decls]
  647 | void *__stdcall TlsGetValue(unsigned long);
      |                 ^~~~~~~~~~~
In file included from /usr/local/mxe/usr/x86_64-w64-mingw32.static/include/winbase.h:29,
                 from /usr/local/mxe/usr/x86_64-w64-mingw32.static/include/windows.h:70,
                 from /usr/local/mxe/usr/x86_64-w64-mingw32.static/include/winsock2.h:23,
                 from /xemu/include/system/os-win32.h:29,
                 from /xemu/include/qemu/osdep.h:178,
                 from ../accel/tcg/watchpoint.c:20:
/usr/local/mxe/usr/x86_64-w64-mingw32.static/include/processthreadsapi.h:323:28: note: previous declaration of 'TlsGetValue' with type 'void *(DWORD)' {aka 'void *(long unsigned int)'}
  323 |   WINBASEAPI LPVOID WINAPI TlsGetValue (DWORD dwTlsIndex);
      |                            ^~~~~~~~~~~
/xemu/include/hw/core/cpu.h:647:17: warning: 'TlsGetValue' redeclared without dllimport attribute: previous dllimport ignored [-Wattributes]
  647 | void *__stdcall TlsGetValue(unsigned long);
      |                 ^~~~~~~~~~~
/xemu/include/hw/core/cpu.h:648:15: warning: redundant redeclaration of 'TlsSetValue' [-Wredundant-decls]
  648 | int __stdcall TlsSetValue(unsigned long, void *);
      |               ^~~~~~~~~~~
/usr/local/mxe/usr/x86_64-w64-mingw32.static/include/processthreadsapi.h:324:29: note: previous declaration of 'TlsSetValue' with type 'WINBOOL(DWORD,  void *)' {aka 'int(long unsigned int,  void *)'}
  324 |   WINBASEAPI WINBOOL WINAPI TlsSetValue (DWORD dwTlsIndex, LPVOID lpTlsValue);
      |                             ^~~~~~~~~~~
/xemu/include/hw/core/cpu.h:648:15: warning: 'TlsSetValue' redeclared without dllimport attribute: previous dllimport ignored [-Wattributes]
  648 | int __stdcall TlsSetValue(unsigned long, void *);
      |               ^~~~~~~~~~~
[491/663] Compiling C object libcommon.a.p/page-vary-common.c.obj
[492/663] Compiling C object libsystem.a.p/tcg_tcg-op.c.obj
In file included from /xemu/include/qemu/plugin.h:18,
                 from /xemu/include/tcg/tcg.h:31,
                 from ../tcg/tcg-op.c:26:
/xemu/include/hw/core/cpu.h:647:17: warning: redundant redeclaration of 'TlsGetValue' [-Wredundant-decls]
  647 | void *__stdcall TlsGetValue(unsigned long);
      |                 ^~~~~~~~~~~
In file included from /usr/local/mxe/usr/x86_64-w64-mingw32.static/include/winbase.h:29,
                 from /usr/local/mxe/usr/x86_64-w64-mingw32.static/include/windows.h:70,
                 from /usr/local/mxe/usr/x86_64-w64-mingw32.static/include/winsock2.h:23,
                 from /xemu/include/system/os-win32.h:29,
                 from /xemu/include/qemu/osdep.h:178,
                 from ../tcg/tcg-op.c:25:
/usr/local/mxe/usr/x86_64-w64-mingw32.static/include/processthreadsapi.h:323:28: note: previous declaration of 'TlsGetValue' with type 'void *(DWORD)' {aka 'void *(long unsigned int)'}
  323 |   WINBASEAPI LPVOID WINAPI TlsGetValue (DWORD dwTlsIndex);
      |                            ^~~~~~~~~~~
/xemu/include/hw/core/cpu.h:647:17: warning: 'TlsGetValue' redeclared without dllimport attribute: previous dllimport ignored [-Wattributes]
  647 | void *__stdcall TlsGetValue(unsigned long);
      |                 ^~~~~~~~~~~
/xemu/include/hw/core/cpu.h:648:15: warning: redundant redeclaration of 'TlsSetValue' [-Wredundant-decls]
  648 | int __stdcall TlsSetValue(unsigned long, void *);
      |               ^~~~~~~~~~~
/usr/local/mxe/usr/x86_64-w64-mingw32.static/include/processthreadsapi.h:324:29: note: previous declaration of 'TlsSetValue' with type 'WINBOOL(DWORD,  void *)' {aka 'int(long unsigned int,  void *)'}
  324 |   WINBASEAPI WINBOOL WINAPI TlsSetValue (DWORD dwTlsIndex, LPVOID lpTlsValue);
      |                             ^~~~~~~~~~~
/xemu/include/hw/core/cpu.h:648:15: warning: 'TlsSetValue' redeclared without dllimport attribute: previous dllimport ignored [-Wattributes]
  648 | int __stdcall TlsSetValue(unsigned long, void *);
      |               ^~~~~~~~~~~
/xemu/include/tcg/tcg.h:484:17: warning: redundant redeclaration of 'TlsGetValue' [-Wredundant-decls]
  484 | void *__stdcall TlsGetValue(unsigned long);
      |                 ^~~~~~~~~~~
/usr/local/mxe/usr/x86_64-w64-mingw32.static/include/processthreadsapi.h:323:28: note: previous declaration of 'TlsGetValue' with type 'void *(long unsigned int)'
  323 |   WINBASEAPI LPVOID WINAPI TlsGetValue (DWORD dwTlsIndex);
      |                            ^~~~~~~~~~~
/xemu/include/tcg/tcg.h:485:15: warning: redundant redeclaration of 'TlsSetValue' [-Wredundant-decls]
  485 | int __stdcall TlsSetValue(unsigned long, void *);
      |               ^~~~~~~~~~~
/usr/local/mxe/usr/x86_64-w64-mingw32.static/include/processthreadsapi.h:324:29: note: previous declaration of 'TlsSetValue' with type 'int(long unsigned int,  void *)'
  324 |   WINBASEAPI WINBOOL WINAPI TlsSetValue (DWORD dwTlsIndex, LPVOID lpTlsValue);
      |                             ^~~~~~~~~~~
[493/663] Compiling C object libcommon.a.p/target-info.c.obj
[494/663] Compiling C object libcommon.a.p/hw_core_machine-smp.c.obj
In file included from /xemu/include/exec/cpu-common.h:13,
                 from /xemu/include/system/memory.h:17,
                 from /xemu/include/hw/boards.h:6,
                 from ../hw/core/machine-smp.c:21:
/xemu/include/hw/core/cpu.h:647:17: warning: redundant redeclaration of 'TlsGetValue' [-Wredundant-decls]
  647 | void *__stdcall TlsGetValue(unsigned long);
      |                 ^~~~~~~~~~~
In file included from /usr/local/mxe/usr/x86_64-w64-mingw32.static/include/winbase.h:29,
                 from /usr/local/mxe/usr/x86_64-w64-mingw32.static/include/windows.h:70,
                 from /usr/local/mxe/usr/x86_64-w64-mingw32.static/include/winsock2.h:23,
                 from /xemu/include/system/os-win32.h:29,
                 from /xemu/include/qemu/osdep.h:178,
                 from ../hw/core/machine-smp.c:20:
/usr/local/mxe/usr/x86_64-w64-mingw32.static/include/processthreadsapi.h:323:28: note: previous declaration of 'TlsGetValue' with type 'void *(DWORD)' {aka 'void *(long unsigned int)'}
  323 |   WINBASEAPI LPVOID WINAPI TlsGetValue (DWORD dwTlsIndex);
      |                            ^~~~~~~~~~~
/xemu/include/hw/core/cpu.h:647:17: warning: 'TlsGetValue' redeclared without dllimport attribute: previous dllimport ignored [-Wattributes]
  647 | void *__stdcall TlsGetValue(unsigned long);
      |                 ^~~~~~~~~~~
/xemu/include/hw/core/cpu.h:648:15: warning: redundant redeclaration of 'TlsSetValue' [-Wredundant-decls]
  648 | int __stdcall TlsSetValue(unsigned long, void *);
      |               ^~~~~~~~~~~
/usr/local/mxe/usr/x86_64-w64-mingw32.static/include/processthreadsapi.h:324:29: note: previous declaration of 'TlsSetValue' with type 'WINBOOL(DWORD,  void *)' {aka 'int(long unsigned int,  void *)'}
  324 |   WINBASEAPI WINBOOL WINAPI TlsSetValue (DWORD dwTlsIndex, LPVOID lpTlsValue);
      |                             ^~~~~~~~~~~
/xemu/include/hw/core/cpu.h:648:15: warning: 'TlsSetValue' redeclared without dllimport attribute: previous dllimport ignored [-Wattributes]
  648 | int __stdcall TlsSetValue(unsigned long, void *);
      |               ^~~~~~~~~~~
[495/663] Compiling C object libcommon.a.p/disas_disas-host.c.obj
[496/663] Compiling C object libcommon.a.p/disas_objdump.c.obj
[497/663] Compiling C object libsystem.a.p/tcg_tcg-op-ldst.c.obj
In file included from /xemu/include/qemu/plugin.h:18,
                 from /xemu/include/tcg/tcg.h:31,
                 from ../tcg/tcg-op-ldst.c:26:
/xemu/include/hw/core/cpu.h:647:17: warning: redundant redeclaration of 'TlsGetValue' [-Wredundant-decls]
  647 | void *__stdcall TlsGetValue(unsigned long);
      |                 ^~~~~~~~~~~
In file included from /usr/local/mxe/usr/x86_64-w64-mingw32.static/include/winbase.h:29,
                 from /usr/local/mxe/usr/x86_64-w64-mingw32.static/include/windows.h:70,
                 from /usr/local/mxe/usr/x86_64-w64-mingw32.static/include/winsock2.h:23,
                 from /xemu/include/system/os-win32.h:29,
                 from /xemu/include/qemu/osdep.h:178,
                 from ../tcg/tcg-op-ldst.c:25:
/usr/local/mxe/usr/x86_64-w64-mingw32.static/include/processthreadsapi.h:323:28: note: previous declaration of 'TlsGetValue' with type 'void *(DWORD)' {aka 'void *(long unsigned int)'}
  323 |   WINBASEAPI LPVOID WINAPI TlsGetValue (DWORD dwTlsIndex);
      |                            ^~~~~~~~~~~
/xemu/include/hw/core/cpu.h:647:17: warning: 'TlsGetValue' redeclared without dllimport attribute: previous dllimport ignored [-Wattributes]
  647 | void *__stdcall TlsGetValue(unsigned long);
      |                 ^~~~~~~~~~~
/xemu/include/hw/core/cpu.h:648:15: warning: redundant redeclaration of 'TlsSetValue' [-Wredundant-decls]
  648 | int __stdcall TlsSetValue(unsigned long, void *);
      |               ^~~~~~~~~~~
/usr/local/mxe/usr/x86_64-w64-mingw32.static/include/processthreadsapi.h:324:29: note: previous declaration of 'TlsSetValue' with type 'WINBOOL(DWORD,  void *)' {aka 'int(long unsigned int,  void *)'}
  324 |   WINBASEAPI WINBOOL WINAPI TlsSetValue (DWORD dwTlsIndex, LPVOID lpTlsValue);
      |                             ^~~~~~~~~~~
/xemu/include/hw/core/cpu.h:648:15: warning: 'TlsSetValue' redeclared without dllimport attribute: previous dllimport ignored [-Wattributes]
  648 | int __stdcall TlsSetValue(unsigned long, void *);
      |               ^~~~~~~~~~~
/xemu/include/tcg/tcg.h:484:17: warning: redundant redeclaration of 'TlsGetValue' [-Wredundant-decls]
  484 | void *__stdcall TlsGetValue(unsigned long);
      |                 ^~~~~~~~~~~
/usr/local/mxe/usr/x86_64-w64-mingw32.static/include/processthreadsapi.h:323:28: note: previous declaration of 'TlsGetValue' with type 'void *(long unsigned int)'
  323 |   WINBASEAPI LPVOID WINAPI TlsGetValue (DWORD dwTlsIndex);
      |                            ^~~~~~~~~~~
/xemu/include/tcg/tcg.h:485:15: warning: redundant redeclaration of 'TlsSetValue' [-Wredundant-decls]
  485 | int __stdcall TlsSetValue(unsigned long, void *);
      |               ^~~~~~~~~~~
/usr/local/mxe/usr/x86_64-w64-mingw32.static/include/processthreadsapi.h:324:29: note: previous declaration of 'TlsSetValue' with type 'int(long unsigned int,  void *)'
  324 |   WINBASEAPI WINBOOL WINAPI TlsSetValue (DWORD dwTlsIndex, LPVOID lpTlsValue);
      |                             ^~~~~~~~~~~
[498/663] Compiling C object libcommon.a.p/disas_disas-target.c.obj
[499/663] Compiling C object libcommon.a.p/disas_disas-common.c.obj
In file included from ../disas/disas-common.c:9:
/xemu/include/hw/core/cpu.h:647:17: warning: redundant redeclaration of 'TlsGetValue' [-Wredundant-decls]
  647 | void *__stdcall TlsGetValue(unsigned long);
      |                 ^~~~~~~~~~~
In file included from /usr/local/mxe/usr/x86_64-w64-mingw32.static/include/winbase.h:29,
                 from /usr/local/mxe/usr/x86_64-w64-mingw32.static/include/windows.h:70,
                 from /usr/local/mxe/usr/x86_64-w64-mingw32.static/include/winsock2.h:23,
                 from /xemu/include/system/os-win32.h:29,
                 from /xemu/include/qemu/osdep.h:178,
                 from ../disas/disas-common.c:6:
/usr/local/mxe/usr/x86_64-w64-mingw32.static/include/processthreadsapi.h:323:28: note: previous declaration of 'TlsGetValue' with type 'void *(DWORD)' {aka 'void *(long unsigned int)'}
  323 |   WINBASEAPI LPVOID WINAPI TlsGetValue (DWORD dwTlsIndex);
      |                            ^~~~~~~~~~~
/xemu/include/hw/core/cpu.h:647:17: warning: 'TlsGetValue' redeclared without dllimport attribute: previous dllimport ignored [-Wattributes]
  647 | void *__stdcall TlsGetValue(unsigned long);
      |                 ^~~~~~~~~~~
/xemu/include/hw/core/cpu.h:648:15: warning: redundant redeclaration of 'TlsSetValue' [-Wredundant-decls]
  648 | int __stdcall TlsSetValue(unsigned long, void *);
      |               ^~~~~~~~~~~
/usr/local/mxe/usr/x86_64-w64-mingw32.static/include/processthreadsapi.h:324:29: note: previous declaration of 'TlsSetValue' with type 'WINBOOL(DWORD,  void *)' {aka 'int(long unsigned int,  void *)'}
  324 |   WINBASEAPI WINBOOL WINAPI TlsSetValue (DWORD dwTlsIndex, LPVOID lpTlsValue);
      |                             ^~~~~~~~~~~
/xemu/include/hw/core/cpu.h:648:15: warning: 'TlsSetValue' redeclared without dllimport attribute: previous dllimport ignored [-Wattributes]
  648 | int __stdcall TlsSetValue(unsigned long, void *);
      |               ^~~~~~~~~~~
[500/663] Compiling C object libcommon.a.p/cpu-common.c.obj
In file included from /xemu/include/exec/cpu-common.h:13,
                 from ../cpu-common.c:22:
/xemu/include/hw/core/cpu.h:647:17: warning: redundant redeclaration of 'TlsGetValue' [-Wredundant-decls]
  647 | void *__stdcall TlsGetValue(unsigned long);
      |                 ^~~~~~~~~~~
In file included from /usr/local/mxe/usr/x86_64-w64-mingw32.static/include/winbase.h:29,
                 from /usr/local/mxe/usr/x86_64-w64-mingw32.static/include/windows.h:70,
                 from /usr/local/mxe/usr/x86_64-w64-mingw32.static/include/winsock2.h:23,
                 from /xemu/include/system/os-win32.h:29,
                 from /xemu/include/qemu/osdep.h:178,
                 from ../cpu-common.c:20:
/usr/local/mxe/usr/x86_64-w64-mingw32.static/include/processthreadsapi.h:323:28: note: previous declaration of 'TlsGetValue' with type 'void *(DWORD)' {aka 'void *(long unsigned int)'}
  323 |   WINBASEAPI LPVOID WINAPI TlsGetValue (DWORD dwTlsIndex);
      |                            ^~~~~~~~~~~
/xemu/include/hw/core/cpu.h:647:17: warning: 'TlsGetValue' redeclared without dllimport attribute: previous dllimport ignored [-Wattributes]
  647 | void *__stdcall TlsGetValue(unsigned long);
      |                 ^~~~~~~~~~~
/xemu/include/hw/core/cpu.h:648:15: warning: redundant redeclaration of 'TlsSetValue' [-Wredundant-decls]
  648 | int __stdcall TlsSetValue(unsigned long, void *);
      |               ^~~~~~~~~~~
/usr/local/mxe/usr/x86_64-w64-mingw32.static/include/processthreadsapi.h:324:29: note: previous declaration of 'TlsSetValue' with type 'WINBOOL(DWORD,  void *)' {aka 'int(long unsigned int,  void *)'}
  324 |   WINBASEAPI WINBOOL WINAPI TlsSetValue (DWORD dwTlsIndex, LPVOID lpTlsValue);
      |                             ^~~~~~~~~~~
/xemu/include/hw/core/cpu.h:648:15: warning: 'TlsSetValue' redeclared without dllimport attribute: previous dllimport ignored [-Wattributes]
  648 | int __stdcall TlsSetValue(unsigned long, void *);
      |               ^~~~~~~~~~~
[501/663] Compiling C object libcommon.a.p/semihosting_stubs-all.c.obj
[502/663] Compiling C object libcommon.a.p/hw_core_cpu-common.c.obj
In file included from ../hw/core/cpu-common.c:23:
/xemu/include/hw/core/cpu.h:647:17: warning: redundant redeclaration of 'TlsGetValue' [-Wredundant-decls]
  647 | void *__stdcall TlsGetValue(unsigned long);
      |                 ^~~~~~~~~~~
In file included from /usr/local/mxe/usr/x86_64-w64-mingw32.static/include/winbase.h:29,
                 from /usr/local/mxe/usr/x86_64-w64-mingw32.static/include/windows.h:70,
                 from /usr/local/mxe/usr/x86_64-w64-mingw32.static/include/winsock2.h:23,
                 from /xemu/include/system/os-win32.h:29,
                 from /xemu/include/qemu/osdep.h:178,
                 from ../hw/core/cpu-common.c:21:
/usr/local/mxe/usr/x86_64-w64-mingw32.static/include/processthreadsapi.h:323:28: note: previous declaration of 'TlsGetValue' with type 'void *(DWORD)' {aka 'void *(long unsigned int)'}
  323 |   WINBASEAPI LPVOID WINAPI TlsGetValue (DWORD dwTlsIndex);
      |                            ^~~~~~~~~~~
/xemu/include/hw/core/cpu.h:647:17: warning: 'TlsGetValue' redeclared without dllimport attribute: previous dllimport ignored [-Wattributes]
  647 | void *__stdcall TlsGetValue(unsigned long);
      |                 ^~~~~~~~~~~
/xemu/include/hw/core/cpu.h:648:15: warning: redundant redeclaration of 'TlsSetValue' [-Wredundant-decls]
  648 | int __stdcall TlsSetValue(unsigned long, void *);
      |               ^~~~~~~~~~~
/usr/local/mxe/usr/x86_64-w64-mingw32.static/include/processthreadsapi.h:324:29: note: previous declaration of 'TlsSetValue' with type 'WINBOOL(DWORD,  void *)' {aka 'int(long unsigned int,  void *)'}
  324 |   WINBASEAPI WINBOOL WINAPI TlsSetValue (DWORD dwTlsIndex, LPVOID lpTlsValue);
      |                             ^~~~~~~~~~~
/xemu/include/hw/core/cpu.h:648:15: warning: 'TlsSetValue' redeclared without dllimport attribute: previous dllimport ignored [-Wattributes]
  648 | int __stdcall TlsSetValue(unsigned long, void *);
      |               ^~~~~~~~~~~
[503/663] Compiling C object libcommon.a.p/accel_accel-common.c.obj
In file included from /xemu/include/accel/accel-cpu.h:13,
                 from ../accel/accel-common.c:14:
/xemu/include/hw/core/cpu.h:647:17: warning: redundant redeclaration of 'TlsGetValue' [-Wredundant-decls]
  647 | void *__stdcall TlsGetValue(unsigned long);
      |                 ^~~~~~~~~~~
In file included from /usr/local/mxe/usr/x86_64-w64-mingw32.static/include/winbase.h:29,
                 from /usr/local/mxe/usr/x86_64-w64-mingw32.static/include/windows.h:70,
                 from /usr/local/mxe/usr/x86_64-w64-mingw32.static/include/winsock2.h:23,
                 from /xemu/include/system/os-win32.h:29,
                 from /xemu/include/qemu/osdep.h:178,
                 from ../accel/accel-common.c:10:
/usr/local/mxe/usr/x86_64-w64-mingw32.static/include/processthreadsapi.h:323:28: note: previous declaration of 'TlsGetValue' with type 'void *(DWORD)' {aka 'void *(long unsigned int)'}
  323 |   WINBASEAPI LPVOID WINAPI TlsGetValue (DWORD dwTlsIndex);
      |                            ^~~~~~~~~~~
/xemu/include/hw/core/cpu.h:647:17: warning: 'TlsGetValue' redeclared without dllimport attribute: previous dllimport ignored [-Wattributes]
  647 | void *__stdcall TlsGetValue(unsigned long);
      |                 ^~~~~~~~~~~
/xemu/include/hw/core/cpu.h:648:15: warning: redundant redeclaration of 'TlsSetValue' [-Wredundant-decls]
  648 | int __stdcall TlsSetValue(unsigned long, void *);
      |               ^~~~~~~~~~~
/usr/local/mxe/usr/x86_64-w64-mingw32.static/include/processthreadsapi.h:324:29: note: previous declaration of 'TlsSetValue' with type 'WINBOOL(DWORD,  void *)' {aka 'int(long unsigned int,  void *)'}
  324 |   WINBASEAPI WINBOOL WINAPI TlsSetValue (DWORD dwTlsIndex, LPVOID lpTlsValue);
      |                             ^~~~~~~~~~~
/xemu/include/hw/core/cpu.h:648:15: warning: 'TlsSetValue' redeclared without dllimport attribute: previous dllimport ignored [-Wattributes]
  648 | int __stdcall TlsSetValue(unsigned long, void *);
      |               ^~~~~~~~~~~
[504/663] Compiling C object libqemu-i386-softmmu.a.p/meson-generated_.._i386-softmmu-gdbstub-xml.c.obj
[505/663] Compiling C object libqemu-i386-softmmu.a.p/target_i386_arch_dump.c.obj
In file included from ../target/i386/cpu-qom.h:23,
                 from ../target/i386/cpu.h:24,
                 from ../target/i386/arch_dump.c:15:
/xemu/include/hw/core/cpu.h:647:17: warning: redundant redeclaration of 'TlsGetValue' [-Wredundant-decls]
  647 | void *__stdcall TlsGetValue(unsigned long);
      |                 ^~~~~~~~~~~
In file included from /usr/local/mxe/usr/x86_64-w64-mingw32.static/include/winbase.h:29,
                 from /usr/local/mxe/usr/x86_64-w64-mingw32.static/include/windows.h:70,
                 from /usr/local/mxe/usr/x86_64-w64-mingw32.static/include/winsock2.h:23,
                 from /xemu/include/system/os-win32.h:29,
                 from /xemu/include/qemu/osdep.h:178,
                 from ../target/i386/arch_dump.c:14:
/usr/local/mxe/usr/x86_64-w64-mingw32.static/include/processthreadsapi.h:323:28: note: previous declaration of 'TlsGetValue' with type 'void *(DWORD)' {aka 'void *(long unsigned int)'}
  323 |   WINBASEAPI LPVOID WINAPI TlsGetValue (DWORD dwTlsIndex);
      |                            ^~~~~~~~~~~
/xemu/include/hw/core/cpu.h:647:17: warning: 'TlsGetValue' redeclared without dllimport attribute: previous dllimport ignored [-Wattributes]
  647 | void *__stdcall TlsGetValue(unsigned long);
      |                 ^~~~~~~~~~~
/xemu/include/hw/core/cpu.h:648:15: warning: redundant redeclaration of 'TlsSetValue' [-Wredundant-decls]
  648 | int __stdcall TlsSetValue(unsigned long, void *);
      |               ^~~~~~~~~~~
/usr/local/mxe/usr/x86_64-w64-mingw32.static/include/processthreadsapi.h:324:29: note: previous declaration of 'TlsSetValue' with type 'WINBOOL(DWORD,  void *)' {aka 'int(long unsigned int,  void *)'}
  324 |   WINBASEAPI WINBOOL WINAPI TlsSetValue (DWORD dwTlsIndex, LPVOID lpTlsValue);
      |                             ^~~~~~~~~~~
/xemu/include/hw/core/cpu.h:648:15: warning: 'TlsSetValue' redeclared without dllimport attribute: previous dllimport ignored [-Wattributes]
  648 | int __stdcall TlsSetValue(unsigned long, void *);
      |               ^~~~~~~~~~~
[506/663] Compiling C object libqemu-i386-softmmu.a.p/target_i386_arch_memory_mapping.c.obj
In file included from ../target/i386/cpu-qom.h:23,
                 from ../target/i386/cpu.h:24,
                 from ../target/i386/arch_memory_mapping.c:15:
/xemu/include/hw/core/cpu.h:647:17: warning: redundant redeclaration of 'TlsGetValue' [-Wredundant-decls]
  647 | void *__stdcall TlsGetValue(unsigned long);
      |                 ^~~~~~~~~~~
In file included from /usr/local/mxe/usr/x86_64-w64-mingw32.static/include/winbase.h:29,
                 from /usr/local/mxe/usr/x86_64-w64-mingw32.static/include/windows.h:70,
                 from /usr/local/mxe/usr/x86_64-w64-mingw32.static/include/winsock2.h:23,
                 from /xemu/include/system/os-win32.h:29,
                 from /xemu/include/qemu/osdep.h:178,
                 from ../target/i386/arch_memory_mapping.c:14:
/usr/local/mxe/usr/x86_64-w64-mingw32.static/include/processthreadsapi.h:323:28: note: previous declaration of 'TlsGetValue' with type 'void *(DWORD)' {aka 'void *(long unsigned int)'}
  323 |   WINBASEAPI LPVOID WINAPI TlsGetValue (DWORD dwTlsIndex);
      |                            ^~~~~~~~~~~
/xemu/include/hw/core/cpu.h:647:17: warning: 'TlsGetValue' redeclared without dllimport attribute: previous dllimport ignored [-Wattributes]
  647 | void *__stdcall TlsGetValue(unsigned long);
      |                 ^~~~~~~~~~~
/xemu/include/hw/core/cpu.h:648:15: warning: redundant redeclaration of 'TlsSetValue' [-Wredundant-decls]
  648 | int __stdcall TlsSetValue(unsigned long, void *);
      |               ^~~~~~~~~~~
/usr/local/mxe/usr/x86_64-w64-mingw32.static/include/processthreadsapi.h:324:29: note: previous declaration of 'TlsSetValue' with type 'WINBOOL(DWORD,  void *)' {aka 'int(long unsigned int,  void *)'}
  324 |   WINBASEAPI WINBOOL WINAPI TlsSetValue (DWORD dwTlsIndex, LPVOID lpTlsValue);
      |                             ^~~~~~~~~~~
/xemu/include/hw/core/cpu.h:648:15: warning: 'TlsSetValue' redeclared without dllimport attribute: previous dllimport ignored [-Wattributes]
  648 | int __stdcall TlsSetValue(unsigned long, void *);
      |               ^~~~~~~~~~~
[507/663] Compiling C object libsystem.a.p/hw_usb_host-libusb.c.obj
In file included from /xemu/include/exec/cpu-common.h:13,
                 from /xemu/include/system/memory.h:17,
                 from /xemu/include/hw/usb.h:28,
                 from ../hw/usb/host-libusb.c:59:
/xemu/include/hw/core/cpu.h:647:17: warning: redundant redeclaration of 'TlsGetValue' [-Wredundant-decls]
  647 | void *__stdcall TlsGetValue(unsigned long);
      |                 ^~~~~~~~~~~
In file included from /usr/local/mxe/usr/x86_64-w64-mingw32.static/include/winbase.h:29,
                 from /usr/local/mxe/usr/x86_64-w64-mingw32.static/include/windows.h:70,
                 from /usr/local/mxe/usr/x86_64-w64-mingw32.static/include/winsock2.h:23,
                 from /xemu/include/system/os-win32.h:29,
                 from /xemu/include/qemu/osdep.h:178,
                 from ../hw/usb/host-libusb.c:36:
/usr/local/mxe/usr/x86_64-w64-mingw32.static/include/processthreadsapi.h:323:28: note: previous declaration of 'TlsGetValue' with type 'void *(DWORD)' {aka 'void *(long unsigned int)'}
  323 |   WINBASEAPI LPVOID WINAPI TlsGetValue (DWORD dwTlsIndex);
      |                            ^~~~~~~~~~~
/xemu/include/hw/core/cpu.h:647:17: warning: 'TlsGetValue' redeclared without dllimport attribute: previous dllimport ignored [-Wattributes]
  647 | void *__stdcall TlsGetValue(unsigned long);
      |                 ^~~~~~~~~~~
/xemu/include/hw/core/cpu.h:648:15: warning: redundant redeclaration of 'TlsSetValue' [-Wredundant-decls]
  648 | int __stdcall TlsSetValue(unsigned long, void *);
      |               ^~~~~~~~~~~
/usr/local/mxe/usr/x86_64-w64-mingw32.static/include/processthreadsapi.h:324:29: note: previous declaration of 'TlsSetValue' with type 'WINBOOL(DWORD,  void *)' {aka 'int(long unsigned int,  void *)'}
  324 |   WINBASEAPI WINBOOL WINAPI TlsSetValue (DWORD dwTlsIndex, LPVOID lpTlsValue);
      |                             ^~~~~~~~~~~
/xemu/include/hw/core/cpu.h:648:15: warning: 'TlsSetValue' redeclared without dllimport attribute: previous dllimport ignored [-Wattributes]
  648 | int __stdcall TlsSetValue(unsigned long, void *);
      |               ^~~~~~~~~~~
[508/663] Compiling C object libqemu-i386-softmmu.a.p/target_i386_monitor.c.obj
In file included from ../target/i386/cpu-qom.h:23,
                 from ../target/i386/cpu.h:24,
                 from ../target/i386/monitor.c:26:
/xemu/include/hw/core/cpu.h:647:17: warning: redundant redeclaration of 'TlsGetValue' [-Wredundant-decls]
  647 | void *__stdcall TlsGetValue(unsigned long);
      |                 ^~~~~~~~~~~
In file included from /usr/local/mxe/usr/x86_64-w64-mingw32.static/include/winbase.h:29,
                 from /usr/local/mxe/usr/x86_64-w64-mingw32.static/include/windows.h:70,
                 from /usr/local/mxe/usr/x86_64-w64-mingw32.static/include/winsock2.h:23,
                 from /xemu/include/system/os-win32.h:29,
                 from /xemu/include/qemu/osdep.h:178,
                 from ../target/i386/monitor.c:25:
/usr/local/mxe/usr/x86_64-w64-mingw32.static/include/processthreadsapi.h:323:28: note: previous declaration of 'TlsGetValue' with type 'void *(DWORD)' {aka 'void *(long unsigned int)'}
  323 |   WINBASEAPI LPVOID WINAPI TlsGetValue (DWORD dwTlsIndex);
      |                            ^~~~~~~~~~~
/xemu/include/hw/core/cpu.h:647:17: warning: 'TlsGetValue' redeclared without dllimport attribute: previous dllimport ignored [-Wattributes]
  647 | void *__stdcall TlsGetValue(unsigned long);
      |                 ^~~~~~~~~~~
/xemu/include/hw/core/cpu.h:648:15: warning: redundant redeclaration of 'TlsSetValue' [-Wredundant-decls]
  648 | int __stdcall TlsSetValue(unsigned long, void *);
      |               ^~~~~~~~~~~
/usr/local/mxe/usr/x86_64-w64-mingw32.static/include/processthreadsapi.h:324:29: note: previous declaration of 'TlsSetValue' with type 'WINBOOL(DWORD,  void *)' {aka 'int(long unsigned int,  void *)'}
  324 |   WINBASEAPI WINBOOL WINAPI TlsSetValue (DWORD dwTlsIndex, LPVOID lpTlsValue);
      |                             ^~~~~~~~~~~
/xemu/include/hw/core/cpu.h:648:15: warning: 'TlsSetValue' redeclared without dllimport attribute: previous dllimport ignored [-Wattributes]
  648 | int __stdcall TlsSetValue(unsigned long, void *);
      |               ^~~~~~~~~~~
[509/663] Compiling C object libqemu-i386-softmmu.a.p/target_i386_machine.c.obj
In file included from ../target/i386/cpu-qom.h:23,
                 from ../target/i386/cpu.h:24,
                 from ../target/i386/machine.c:2:
/xemu/include/hw/core/cpu.h:647:17: warning: redundant redeclaration of 'TlsGetValue' [-Wredundant-decls]
  647 | void *__stdcall TlsGetValue(unsigned long);
      |                 ^~~~~~~~~~~
In file included from /usr/local/mxe/usr/x86_64-w64-mingw32.static/include/winbase.h:29,
                 from /usr/local/mxe/usr/x86_64-w64-mingw32.static/include/windows.h:70,
                 from /usr/local/mxe/usr/x86_64-w64-mingw32.static/include/winsock2.h:23,
                 from /xemu/include/system/os-win32.h:29,
                 from /xemu/include/qemu/osdep.h:178,
                 from ../target/i386/machine.c:1:
/usr/local/mxe/usr/x86_64-w64-mingw32.static/include/processthreadsapi.h:323:28: note: previous declaration of 'TlsGetValue' with type 'void *(DWORD)' {aka 'void *(long unsigned int)'}
  323 |   WINBASEAPI LPVOID WINAPI TlsGetValue (DWORD dwTlsIndex);
      |                            ^~~~~~~~~~~
/xemu/include/hw/core/cpu.h:647:17: warning: 'TlsGetValue' redeclared without dllimport attribute: previous dllimport ignored [-Wattributes]
  647 | void *__stdcall TlsGetValue(unsigned long);
      |                 ^~~~~~~~~~~
/xemu/include/hw/core/cpu.h:648:15: warning: redundant redeclaration of 'TlsSetValue' [-Wredundant-decls]
  648 | int __stdcall TlsSetValue(unsigned long, void *);
      |               ^~~~~~~~~~~
/usr/local/mxe/usr/x86_64-w64-mingw32.static/include/processthreadsapi.h:324:29: note: previous declaration of 'TlsSetValue' with type 'WINBOOL(DWORD,  void *)' {aka 'int(long unsigned int,  void *)'}
  324 |   WINBASEAPI WINBOOL WINAPI TlsSetValue (DWORD dwTlsIndex, LPVOID lpTlsValue);
      |                             ^~~~~~~~~~~
/xemu/include/hw/core/cpu.h:648:15: warning: 'TlsSetValue' redeclared without dllimport attribute: previous dllimport ignored [-Wattributes]
  648 | int __stdcall TlsSetValue(unsigned long, void *);
      |               ^~~~~~~~~~~
[510/663] Compiling C object libqemu-i386-softmmu.a.p/target_i386_tcg_system_tcg-cpu.c.obj
In file included from ../target/i386/cpu-qom.h:23,
                 from ../target/i386/cpu.h:24,
                 from ../target/i386/tcg/system/tcg-cpu.c:21:
/xemu/include/hw/core/cpu.h:647:17: warning: redundant redeclaration of 'TlsGetValue' [-Wredundant-decls]
  647 | void *__stdcall TlsGetValue(unsigned long);
      |                 ^~~~~~~~~~~
In file included from /usr/local/mxe/usr/x86_64-w64-mingw32.static/include/winbase.h:29,
                 from /usr/local/mxe/usr/x86_64-w64-mingw32.static/include/windows.h:70,
                 from /usr/local/mxe/usr/x86_64-w64-mingw32.static/include/winsock2.h:23,
                 from /xemu/include/system/os-win32.h:29,
                 from /xemu/include/qemu/osdep.h:178,
                 from ../target/i386/tcg/system/tcg-cpu.c:20:
/usr/local/mxe/usr/x86_64-w64-mingw32.static/include/processthreadsapi.h:323:28: note: previous declaration of 'TlsGetValue' with type 'void *(DWORD)' {aka 'void *(long unsigned int)'}
  323 |   WINBASEAPI LPVOID WINAPI TlsGetValue (DWORD dwTlsIndex);
      |                            ^~~~~~~~~~~
/xemu/include/hw/core/cpu.h:647:17: warning: 'TlsGetValue' redeclared without dllimport attribute: previous dllimport ignored [-Wattributes]
  647 | void *__stdcall TlsGetValue(unsigned long);
      |                 ^~~~~~~~~~~
/xemu/include/hw/core/cpu.h:648:15: warning: redundant redeclaration of 'TlsSetValue' [-Wredundant-decls]
  648 | int __stdcall TlsSetValue(unsigned long, void *);
      |               ^~~~~~~~~~~
/usr/local/mxe/usr/x86_64-w64-mingw32.static/include/processthreadsapi.h:324:29: note: previous declaration of 'TlsSetValue' with type 'WINBOOL(DWORD,  void *)' {aka 'int(long unsigned int,  void *)'}
  324 |   WINBASEAPI WINBOOL WINAPI TlsSetValue (DWORD dwTlsIndex, LPVOID lpTlsValue);
      |                             ^~~~~~~~~~~
/xemu/include/hw/core/cpu.h:648:15: warning: 'TlsSetValue' redeclared without dllimport attribute: previous dllimport ignored [-Wattributes]
  648 | int __stdcall TlsSetValue(unsigned long, void *);
      |               ^~~~~~~~~~~
[511/663] Compiling C object libqemu-i386-softmmu.a.p/target_i386_sev-system-stub.c.obj
In file included from ../target/i386/cpu-qom.h:23,
                 from ../target/i386/cpu.h:24,
                 from /xemu/include/monitor/hmp-target.h:31,
                 from ../target/i386/sev-system-stub.c:16:
/xemu/include/hw/core/cpu.h:647:17: warning: redundant redeclaration of 'TlsGetValue' [-Wredundant-decls]
  647 | void *__stdcall TlsGetValue(unsigned long);
      |                 ^~~~~~~~~~~
In file included from /usr/local/mxe/usr/x86_64-w64-mingw32.static/include/winbase.h:29,
                 from /usr/local/mxe/usr/x86_64-w64-mingw32.static/include/windows.h:70,
                 from /usr/local/mxe/usr/x86_64-w64-mingw32.static/include/winsock2.h:23,
                 from /xemu/include/system/os-win32.h:29,
                 from /xemu/include/qemu/osdep.h:178,
                 from ../target/i386/sev-system-stub.c:14:
/usr/local/mxe/usr/x86_64-w64-mingw32.static/include/processthreadsapi.h:323:28: note: previous declaration of 'TlsGetValue' with type 'void *(DWORD)' {aka 'void *(long unsigned int)'}
  323 |   WINBASEAPI LPVOID WINAPI TlsGetValue (DWORD dwTlsIndex);
      |                            ^~~~~~~~~~~
/xemu/include/hw/core/cpu.h:647:17: warning: 'TlsGetValue' redeclared without dllimport attribute: previous dllimport ignored [-Wattributes]
  647 | void *__stdcall TlsGetValue(unsigned long);
      |                 ^~~~~~~~~~~
/xemu/include/hw/core/cpu.h:648:15: warning: redundant redeclaration of 'TlsSetValue' [-Wredundant-decls]
  648 | int __stdcall TlsSetValue(unsigned long, void *);
      |               ^~~~~~~~~~~
/usr/local/mxe/usr/x86_64-w64-mingw32.static/include/processthreadsapi.h:324:29: note: previous declaration of 'TlsSetValue' with type 'WINBOOL(DWORD,  void *)' {aka 'int(long unsigned int,  void *)'}
  324 |   WINBASEAPI WINBOOL WINAPI TlsSetValue (DWORD dwTlsIndex, LPVOID lpTlsValue);
      |                             ^~~~~~~~~~~
/xemu/include/hw/core/cpu.h:648:15: warning: 'TlsSetValue' redeclared without dllimport attribute: previous dllimport ignored [-Wattributes]
  648 | int __stdcall TlsSetValue(unsigned long, void *);
      |               ^~~~~~~~~~~
[512/663] Compiling C object libqemu-i386-softmmu.a.p/target_i386_cpu-apic.c.obj
In file included from ../target/i386/cpu-qom.h:23,
                 from ../target/i386/cpu.h:24,
                 from /xemu/include/monitor/hmp-target.h:31,
                 from ../target/i386/cpu-apic.c:13:
/xemu/include/hw/core/cpu.h:647:17: warning: redundant redeclaration of 'TlsGetValue' [-Wredundant-decls]
  647 | void *__stdcall TlsGetValue(unsigned long);
      |                 ^~~~~~~~~~~
In file included from /usr/local/mxe/usr/x86_64-w64-mingw32.static/include/winbase.h:29,
                 from /usr/local/mxe/usr/x86_64-w64-mingw32.static/include/windows.h:70,
                 from /usr/local/mxe/usr/x86_64-w64-mingw32.static/include/winsock2.h:23,
                 from /xemu/include/system/os-win32.h:29,
                 from /xemu/include/qemu/osdep.h:178,
                 from ../target/i386/cpu-apic.c:9:
/usr/local/mxe/usr/x86_64-w64-mingw32.static/include/processthreadsapi.h:323:28: note: previous declaration of 'TlsGetValue' with type 'void *(DWORD)' {aka 'void *(long unsigned int)'}
  323 |   WINBASEAPI LPVOID WINAPI TlsGetValue (DWORD dwTlsIndex);
      |                            ^~~~~~~~~~~
/xemu/include/hw/core/cpu.h:647:17: warning: 'TlsGetValue' redeclared without dllimport attribute: previous dllimport ignored [-Wattributes]
  647 | void *__stdcall TlsGetValue(unsigned long);
      |                 ^~~~~~~~~~~
/xemu/include/hw/core/cpu.h:648:15: warning: redundant redeclaration of 'TlsSetValue' [-Wredundant-decls]
  648 | int __stdcall TlsSetValue(unsigned long, void *);
      |               ^~~~~~~~~~~
/usr/local/mxe/usr/x86_64-w64-mingw32.static/include/processthreadsapi.h:324:29: note: previous declaration of 'TlsSetValue' with type 'WINBOOL(DWORD,  void *)' {aka 'int(long unsigned int,  void *)'}
  324 |   WINBASEAPI WINBOOL WINAPI TlsSetValue (DWORD dwTlsIndex, LPVOID lpTlsValue);
      |                             ^~~~~~~~~~~
/xemu/include/hw/core/cpu.h:648:15: warning: 'TlsSetValue' redeclared without dllimport attribute: previous dllimport ignored [-Wattributes]
  648 | int __stdcall TlsSetValue(unsigned long, void *);
      |               ^~~~~~~~~~~
[513/663] Compiling C object libqemu-i386-softmmu.a.p/target_i386_kvm_hyperv-stub.c.obj
In file included from ../target/i386/cpu-qom.h:23,
                 from ../target/i386/cpu.h:24,
                 from ../target/i386/kvm/hyperv.h:17,
                 from ../target/i386/kvm/hyperv-stub.c:11:
/xemu/include/hw/core/cpu.h:647:17: warning: redundant redeclaration of 'TlsGetValue' [-Wredundant-decls]
  647 | void *__stdcall TlsGetValue(unsigned long);
      |                 ^~~~~~~~~~~
In file included from /usr/local/mxe/usr/x86_64-w64-mingw32.static/include/winbase.h:29,
                 from /usr/local/mxe/usr/x86_64-w64-mingw32.static/include/windows.h:70,
                 from /usr/local/mxe/usr/x86_64-w64-mingw32.static/include/winsock2.h:23,
                 from /xemu/include/system/os-win32.h:29,
                 from /xemu/include/qemu/osdep.h:178,
                 from ../target/i386/kvm/hyperv-stub.c:10:
/usr/local/mxe/usr/x86_64-w64-mingw32.static/include/processthreadsapi.h:323:28: note: previous declaration of 'TlsGetValue' with type 'void *(DWORD)' {aka 'void *(long unsigned int)'}
  323 |   WINBASEAPI LPVOID WINAPI TlsGetValue (DWORD dwTlsIndex);
      |                            ^~~~~~~~~~~
/xemu/include/hw/core/cpu.h:647:17: warning: 'TlsGetValue' redeclared without dllimport attribute: previous dllimport ignored [-Wattributes]
  647 | void *__stdcall TlsGetValue(unsigned long);
      |                 ^~~~~~~~~~~
/xemu/include/hw/core/cpu.h:648:15: warning: redundant redeclaration of 'TlsSetValue' [-Wredundant-decls]
  648 | int __stdcall TlsSetValue(unsigned long, void *);
      |               ^~~~~~~~~~~
/usr/local/mxe/usr/x86_64-w64-mingw32.static/include/processthreadsapi.h:324:29: note: previous declaration of 'TlsSetValue' with type 'WINBOOL(DWORD,  void *)' {aka 'int(long unsigned int,  void *)'}
  324 |   WINBASEAPI WINBOOL WINAPI TlsSetValue (DWORD dwTlsIndex, LPVOID lpTlsValue);
      |                             ^~~~~~~~~~~
/xemu/include/hw/core/cpu.h:648:15: warning: 'TlsSetValue' redeclared without dllimport attribute: previous dllimport ignored [-Wattributes]
  648 | int __stdcall TlsSetValue(unsigned long, void *);
      |               ^~~~~~~~~~~
[514/663] Compiling C object libsystem.a.p/tcg_tcg-op-gvec.c.obj
In file included from /xemu/include/qemu/plugin.h:18,
                 from /xemu/include/tcg/tcg.h:31,
                 from ../tcg/tcg-op-gvec.c:21:
/xemu/include/hw/core/cpu.h:647:17: warning: redundant redeclaration of 'TlsGetValue' [-Wredundant-decls]
  647 | void *__stdcall TlsGetValue(unsigned long);
      |                 ^~~~~~~~~~~
In file included from /usr/local/mxe/usr/x86_64-w64-mingw32.static/include/winbase.h:29,
                 from /usr/local/mxe/usr/x86_64-w64-mingw32.static/include/windows.h:70,
                 from /usr/local/mxe/usr/x86_64-w64-mingw32.static/include/winsock2.h:23,
                 from /xemu/include/system/os-win32.h:29,
                 from /xemu/include/qemu/osdep.h:178,
                 from ../tcg/tcg-op-gvec.c:20:
/usr/local/mxe/usr/x86_64-w64-mingw32.static/include/processthreadsapi.h:323:28: note: previous declaration of 'TlsGetValue' with type 'void *(DWORD)' {aka 'void *(long unsigned int)'}
  323 |   WINBASEAPI LPVOID WINAPI TlsGetValue (DWORD dwTlsIndex);
      |                            ^~~~~~~~~~~
/xemu/include/hw/core/cpu.h:647:17: warning: 'TlsGetValue' redeclared without dllimport attribute: previous dllimport ignored [-Wattributes]
  647 | void *__stdcall TlsGetValue(unsigned long);
      |                 ^~~~~~~~~~~
/xemu/include/hw/core/cpu.h:648:15: warning: redundant redeclaration of 'TlsSetValue' [-Wredundant-decls]
  648 | int __stdcall TlsSetValue(unsigned long, void *);
      |               ^~~~~~~~~~~
/usr/local/mxe/usr/x86_64-w64-mingw32.static/include/processthreadsapi.h:324:29: note: previous declaration of 'TlsSetValue' with type 'WINBOOL(DWORD,  void *)' {aka 'int(long unsigned int,  void *)'}
  324 |   WINBASEAPI WINBOOL WINAPI TlsSetValue (DWORD dwTlsIndex, LPVOID lpTlsValue);
      |                             ^~~~~~~~~~~
/xemu/include/hw/core/cpu.h:648:15: warning: 'TlsSetValue' redeclared without dllimport attribute: previous dllimport ignored [-Wattributes]
  648 | int __stdcall TlsSetValue(unsigned long, void *);
      |               ^~~~~~~~~~~
/xemu/include/tcg/tcg.h:484:17: warning: redundant redeclaration of 'TlsGetValue' [-Wredundant-decls]
  484 | void *__stdcall TlsGetValue(unsigned long);
      |                 ^~~~~~~~~~~
/usr/local/mxe/usr/x86_64-w64-mingw32.static/include/processthreadsapi.h:323:28: note: previous declaration of 'TlsGetValue' with type 'void *(long unsigned int)'
  323 |   WINBASEAPI LPVOID WINAPI TlsGetValue (DWORD dwTlsIndex);
      |                            ^~~~~~~~~~~
/xemu/include/tcg/tcg.h:485:15: warning: redundant redeclaration of 'TlsSetValue' [-Wredundant-decls]
  485 | int __stdcall TlsSetValue(unsigned long, void *);
      |               ^~~~~~~~~~~
/usr/local/mxe/usr/x86_64-w64-mingw32.static/include/processthreadsapi.h:324:29: note: previous declaration of 'TlsSetValue' with type 'int(long unsigned int,  void *)'
  324 |   WINBASEAPI WINBOOL WINAPI TlsSetValue (DWORD dwTlsIndex, LPVOID lpTlsValue);
      |                             ^~~~~~~~~~~
[515/663] Compiling C object libqemu-i386-softmmu.a.p/target_i386_cpu-system.c.obj
In file included from ../target/i386/cpu-qom.h:23,
                 from ../target/i386/cpu.h:24,
                 from ../target/i386/cpu-system.c:21:
/xemu/include/hw/core/cpu.h:647:17: warning: redundant redeclaration of 'TlsGetValue' [-Wredundant-decls]
  647 | void *__stdcall TlsGetValue(unsigned long);
      |                 ^~~~~~~~~~~
In file included from /usr/local/mxe/usr/x86_64-w64-mingw32.static/include/winbase.h:29,
                 from /usr/local/mxe/usr/x86_64-w64-mingw32.static/include/windows.h:70,
                 from /usr/local/mxe/usr/x86_64-w64-mingw32.static/include/winsock2.h:23,
                 from /xemu/include/system/os-win32.h:29,
                 from /xemu/include/qemu/osdep.h:178,
                 from ../target/i386/cpu-system.c:20:
/usr/local/mxe/usr/x86_64-w64-mingw32.static/include/processthreadsapi.h:323:28: note: previous declaration of 'TlsGetValue' with type 'void *(DWORD)' {aka 'void *(long unsigned int)'}
  323 |   WINBASEAPI LPVOID WINAPI TlsGetValue (DWORD dwTlsIndex);
      |                            ^~~~~~~~~~~
/xemu/include/hw/core/cpu.h:647:17: warning: 'TlsGetValue' redeclared without dllimport attribute: previous dllimport ignored [-Wattributes]
  647 | void *__stdcall TlsGetValue(unsigned long);
      |                 ^~~~~~~~~~~
/xemu/include/hw/core/cpu.h:648:15: warning: redundant redeclaration of 'TlsSetValue' [-Wredundant-decls]
  648 | int __stdcall TlsSetValue(unsigned long, void *);
      |               ^~~~~~~~~~~
/usr/local/mxe/usr/x86_64-w64-mingw32.static/include/processthreadsapi.h:324:29: note: previous declaration of 'TlsSetValue' with type 'WINBOOL(DWORD,  void *)' {aka 'int(long unsigned int,  void *)'}
  324 |   WINBASEAPI WINBOOL WINAPI TlsSetValue (DWORD dwTlsIndex, LPVOID lpTlsValue);
      |                             ^~~~~~~~~~~
/xemu/include/hw/core/cpu.h:648:15: warning: 'TlsSetValue' redeclared without dllimport attribute: previous dllimport ignored [-Wattributes]
  648 | int __stdcall TlsSetValue(unsigned long, void *);
      |               ^~~~~~~~~~~
[516/663] Compiling C object libqemu-i386-softmmu.a.p/target_i386_tcg_system_fpu_helper.c.obj
In file included from ../target/i386/cpu-qom.h:23,
                 from ../target/i386/cpu.h:24,
                 from ../target/i386/tcg/system/fpu_helper.c:22:
/xemu/include/hw/core/cpu.h:647:17: warning: redundant redeclaration of 'TlsGetValue' [-Wredundant-decls]
  647 | void *__stdcall TlsGetValue(unsigned long);
      |                 ^~~~~~~~~~~
In file included from /usr/local/mxe/usr/x86_64-w64-mingw32.static/include/winbase.h:29,
                 from /usr/local/mxe/usr/x86_64-w64-mingw32.static/include/windows.h:70,
                 from /usr/local/mxe/usr/x86_64-w64-mingw32.static/include/winsock2.h:23,
                 from /xemu/include/system/os-win32.h:29,
                 from /xemu/include/qemu/osdep.h:178,
                 from ../target/i386/tcg/system/fpu_helper.c:20:
/usr/local/mxe/usr/x86_64-w64-mingw32.static/include/processthreadsapi.h:323:28: note: previous declaration of 'TlsGetValue' with type 'void *(DWORD)' {aka 'void *(long unsigned int)'}
  323 |   WINBASEAPI LPVOID WINAPI TlsGetValue (DWORD dwTlsIndex);
      |                            ^~~~~~~~~~~
/xemu/include/hw/core/cpu.h:647:17: warning: 'TlsGetValue' redeclared without dllimport attribute: previous dllimport ignored [-Wattributes]
  647 | void *__stdcall TlsGetValue(unsigned long);
      |                 ^~~~~~~~~~~
/xemu/include/hw/core/cpu.h:648:15: warning: redundant redeclaration of 'TlsSetValue' [-Wredundant-decls]
  648 | int __stdcall TlsSetValue(unsigned long, void *);
      |               ^~~~~~~~~~~
/usr/local/mxe/usr/x86_64-w64-mingw32.static/include/processthreadsapi.h:324:29: note: previous declaration of 'TlsSetValue' with type 'WINBOOL(DWORD,  void *)' {aka 'int(long unsigned int,  void *)'}
  324 |   WINBASEAPI WINBOOL WINAPI TlsSetValue (DWORD dwTlsIndex, LPVOID lpTlsValue);
      |                             ^~~~~~~~~~~
/xemu/include/hw/core/cpu.h:648:15: warning: 'TlsSetValue' redeclared without dllimport attribute: previous dllimport ignored [-Wattributes]
  648 | int __stdcall TlsSetValue(unsigned long, void *);
      |               ^~~~~~~~~~~
[517/663] Compiling C object libqemu-i386-softmmu.a.p/target_i386_tcg_system_excp_helper.c.obj
In file included from ../target/i386/cpu-qom.h:23,
                 from ../target/i386/cpu.h:24,
                 from ../target/i386/tcg/system/excp_helper.c:21:
/xemu/include/hw/core/cpu.h:647:17: warning: redundant redeclaration of 'TlsGetValue' [-Wredundant-decls]
  647 | void *__stdcall TlsGetValue(unsigned long);
      |                 ^~~~~~~~~~~
In file included from /usr/local/mxe/usr/x86_64-w64-mingw32.static/include/winbase.h:29,
                 from /usr/local/mxe/usr/x86_64-w64-mingw32.static/include/windows.h:70,
                 from /usr/local/mxe/usr/x86_64-w64-mingw32.static/include/winsock2.h:23,
                 from /xemu/include/system/os-win32.h:29,
                 from /xemu/include/qemu/osdep.h:178,
                 from ../target/i386/tcg/system/excp_helper.c:20:
/usr/local/mxe/usr/x86_64-w64-mingw32.static/include/processthreadsapi.h:323:28: note: previous declaration of 'TlsGetValue' with type 'void *(DWORD)' {aka 'void *(long unsigned int)'}
  323 |   WINBASEAPI LPVOID WINAPI TlsGetValue (DWORD dwTlsIndex);
      |                            ^~~~~~~~~~~
/xemu/include/hw/core/cpu.h:647:17: warning: 'TlsGetValue' redeclared without dllimport attribute: previous dllimport ignored [-Wattributes]
  647 | void *__stdcall TlsGetValue(unsigned long);
      |                 ^~~~~~~~~~~
/xemu/include/hw/core/cpu.h:648:15: warning: redundant redeclaration of 'TlsSetValue' [-Wredundant-decls]
  648 | int __stdcall TlsSetValue(unsigned long, void *);
      |               ^~~~~~~~~~~
/usr/local/mxe/usr/x86_64-w64-mingw32.static/include/processthreadsapi.h:324:29: note: previous declaration of 'TlsSetValue' with type 'WINBOOL(DWORD,  void *)' {aka 'int(long unsigned int,  void *)'}
  324 |   WINBASEAPI WINBOOL WINAPI TlsSetValue (DWORD dwTlsIndex, LPVOID lpTlsValue);
      |                             ^~~~~~~~~~~
/xemu/include/hw/core/cpu.h:648:15: warning: 'TlsSetValue' redeclared without dllimport attribute: previous dllimport ignored [-Wattributes]
  648 | int __stdcall TlsSetValue(unsigned long, void *);
      |               ^~~~~~~~~~~
[518/663] Compiling C object libqemu-i386-softmmu.a.p/target_i386_tcg_system_smm_helper.c.obj
In file included from ../target/i386/cpu-qom.h:23,
                 from ../target/i386/cpu.h:24,
                 from ../target/i386/tcg/system/smm_helper.c:21:
/xemu/include/hw/core/cpu.h:647:17: warning: redundant redeclaration of 'TlsGetValue' [-Wredundant-decls]
  647 | void *__stdcall TlsGetValue(unsigned long);
      |                 ^~~~~~~~~~~
In file included from /usr/local/mxe/usr/x86_64-w64-mingw32.static/include/winbase.h:29,
                 from /usr/local/mxe/usr/x86_64-w64-mingw32.static/include/windows.h:70,
                 from /usr/local/mxe/usr/x86_64-w64-mingw32.static/include/winsock2.h:23,
                 from /xemu/include/system/os-win32.h:29,
                 from /xemu/include/qemu/osdep.h:178,
                 from ../target/i386/tcg/system/smm_helper.c:20:
/usr/local/mxe/usr/x86_64-w64-mingw32.static/include/processthreadsapi.h:323:28: note: previous declaration of 'TlsGetValue' with type 'void *(DWORD)' {aka 'void *(long unsigned int)'}
  323 |   WINBASEAPI LPVOID WINAPI TlsGetValue (DWORD dwTlsIndex);
      |                            ^~~~~~~~~~~
/xemu/include/hw/core/cpu.h:647:17: warning: 'TlsGetValue' redeclared without dllimport attribute: previous dllimport ignored [-Wattributes]
  647 | void *__stdcall TlsGetValue(unsigned long);
      |                 ^~~~~~~~~~~
/xemu/include/hw/core/cpu.h:648:15: warning: redundant redeclaration of 'TlsSetValue' [-Wredundant-decls]
  648 | int __stdcall TlsSetValue(unsigned long, void *);
      |               ^~~~~~~~~~~
/usr/local/mxe/usr/x86_64-w64-mingw32.static/include/processthreadsapi.h:324:29: note: previous declaration of 'TlsSetValue' with type 'WINBOOL(DWORD,  void *)' {aka 'int(long unsigned int,  void *)'}
  324 |   WINBASEAPI WINBOOL WINAPI TlsSetValue (DWORD dwTlsIndex, LPVOID lpTlsValue);
      |                             ^~~~~~~~~~~
/xemu/include/hw/core/cpu.h:648:15: warning: 'TlsSetValue' redeclared without dllimport attribute: previous dllimport ignored [-Wattributes]
  648 | int __stdcall TlsSetValue(unsigned long, void *);
      |               ^~~~~~~~~~~
[519/663] Compiling C object libqemu-i386-softmmu.a.p/target_i386_tcg_system_bpt_helper.c.obj
In file included from ../target/i386/cpu-qom.h:23,
                 from ../target/i386/cpu.h:24,
                 from ../target/i386/tcg/system/bpt_helper.c:21:
/xemu/include/hw/core/cpu.h:647:17: warning: redundant redeclaration of 'TlsGetValue' [-Wredundant-decls]
  647 | void *__stdcall TlsGetValue(unsigned long);
      |                 ^~~~~~~~~~~
In file included from /usr/local/mxe/usr/x86_64-w64-mingw32.static/include/winbase.h:29,
                 from /usr/local/mxe/usr/x86_64-w64-mingw32.static/include/windows.h:70,
                 from /usr/local/mxe/usr/x86_64-w64-mingw32.static/include/winsock2.h:23,
                 from /xemu/include/system/os-win32.h:29,
                 from /xemu/include/qemu/osdep.h:178,
                 from ../target/i386/tcg/system/bpt_helper.c:20:
/usr/local/mxe/usr/x86_64-w64-mingw32.static/include/processthreadsapi.h:323:28: note: previous declaration of 'TlsGetValue' with type 'void *(DWORD)' {aka 'void *(long unsigned int)'}
  323 |   WINBASEAPI LPVOID WINAPI TlsGetValue (DWORD dwTlsIndex);
      |                            ^~~~~~~~~~~
/xemu/include/hw/core/cpu.h:647:17: warning: 'TlsGetValue' redeclared without dllimport attribute: previous dllimport ignored [-Wattributes]
  647 | void *__stdcall TlsGetValue(unsigned long);
      |                 ^~~~~~~~~~~
/xemu/include/hw/core/cpu.h:648:15: warning: redundant redeclaration of 'TlsSetValue' [-Wredundant-decls]
  648 | int __stdcall TlsSetValue(unsigned long, void *);
      |               ^~~~~~~~~~~
/usr/local/mxe/usr/x86_64-w64-mingw32.static/include/processthreadsapi.h:324:29: note: previous declaration of 'TlsSetValue' with type 'WINBOOL(DWORD,  void *)' {aka 'int(long unsigned int,  void *)'}
  324 |   WINBASEAPI WINBOOL WINAPI TlsSetValue (DWORD dwTlsIndex, LPVOID lpTlsValue);
      |                             ^~~~~~~~~~~
/xemu/include/hw/core/cpu.h:648:15: warning: 'TlsSetValue' redeclared without dllimport attribute: previous dllimport ignored [-Wattributes]
  648 | int __stdcall TlsSetValue(unsigned long, void *);
      |               ^~~~~~~~~~~
[520/663] Compiling C object libqemu-i386-softmmu.a.p/target_i386_tcg_system_misc_helper.c.obj
In file included from ../target/i386/cpu-qom.h:23,
                 from ../target/i386/cpu.h:24,
                 from ../target/i386/tcg/system/misc_helper.c:22:
/xemu/include/hw/core/cpu.h:647:17: warning: redundant redeclaration of 'TlsGetValue' [-Wredundant-decls]
  647 | void *__stdcall TlsGetValue(unsigned long);
      |                 ^~~~~~~~~~~
In file included from /usr/local/mxe/usr/x86_64-w64-mingw32.static/include/winbase.h:29,
                 from /usr/local/mxe/usr/x86_64-w64-mingw32.static/include/windows.h:70,
                 from /usr/local/mxe/usr/x86_64-w64-mingw32.static/include/winsock2.h:23,
                 from /xemu/include/system/os-win32.h:29,
                 from /xemu/include/qemu/osdep.h:178,
                 from ../target/i386/tcg/system/misc_helper.c:20:
/usr/local/mxe/usr/x86_64-w64-mingw32.static/include/processthreadsapi.h:323:28: note: previous declaration of 'TlsGetValue' with type 'void *(DWORD)' {aka 'void *(long unsigned int)'}
  323 |   WINBASEAPI LPVOID WINAPI TlsGetValue (DWORD dwTlsIndex);
      |                            ^~~~~~~~~~~
/xemu/include/hw/core/cpu.h:647:17: warning: 'TlsGetValue' redeclared without dllimport attribute: previous dllimport ignored [-Wattributes]
  647 | void *__stdcall TlsGetValue(unsigned long);
      |                 ^~~~~~~~~~~
/xemu/include/hw/core/cpu.h:648:15: warning: redundant redeclaration of 'TlsSetValue' [-Wredundant-decls]
  648 | int __stdcall TlsSetValue(unsigned long, void *);
      |               ^~~~~~~~~~~
/usr/local/mxe/usr/x86_64-w64-mingw32.static/include/processthreadsapi.h:324:29: note: previous declaration of 'TlsSetValue' with type 'WINBOOL(DWORD,  void *)' {aka 'int(long unsigned int,  void *)'}
  324 |   WINBASEAPI WINBOOL WINAPI TlsSetValue (DWORD dwTlsIndex, LPVOID lpTlsValue);
      |                             ^~~~~~~~~~~
/xemu/include/hw/core/cpu.h:648:15: warning: 'TlsSetValue' redeclared without dllimport attribute: previous dllimport ignored [-Wattributes]
  648 | int __stdcall TlsSetValue(unsigned long, void *);
      |               ^~~~~~~~~~~
[521/663] Compiling C object libqemu-i386-softmmu.a.p/hw_i386_e820_memory_layout.c.obj
[522/663] Compiling C object libqemu-i386-softmmu.a.p/hw_i386_monitor.c.obj
In file included from /xemu/include/exec/cpu-common.h:13,
                 from /xemu/include/system/memory.h:17,
                 from /xemu/include/hw/i386/x86.h:21,
                 from ../hw/i386/monitor.c:30:
/xemu/include/hw/core/cpu.h:647:17: warning: redundant redeclaration of 'TlsGetValue' [-Wredundant-decls]
  647 | void *__stdcall TlsGetValue(unsigned long);
      |                 ^~~~~~~~~~~
In file included from /usr/local/mxe/usr/x86_64-w64-mingw32.static/include/winbase.h:29,
                 from /usr/local/mxe/usr/x86_64-w64-mingw32.static/include/windows.h:70,
                 from /usr/local/mxe/usr/x86_64-w64-mingw32.static/include/winsock2.h:23,
                 from /xemu/include/system/os-win32.h:29,
                 from /xemu/include/qemu/osdep.h:178,
                 from ../hw/i386/monitor.c:25:
/usr/local/mxe/usr/x86_64-w64-mingw32.static/include/processthreadsapi.h:323:28: note: previous declaration of 'TlsGetValue' with type 'void *(DWORD)' {aka 'void *(long unsigned int)'}
  323 |   WINBASEAPI LPVOID WINAPI TlsGetValue (DWORD dwTlsIndex);
      |                            ^~~~~~~~~~~
/xemu/include/hw/core/cpu.h:647:17: warning: 'TlsGetValue' redeclared without dllimport attribute: previous dllimport ignored [-Wattributes]
  647 | void *__stdcall TlsGetValue(unsigned long);
      |                 ^~~~~~~~~~~
/xemu/include/hw/core/cpu.h:648:15: warning: redundant redeclaration of 'TlsSetValue' [-Wredundant-decls]
  648 | int __stdcall TlsSetValue(unsigned long, void *);
      |               ^~~~~~~~~~~
/usr/local/mxe/usr/x86_64-w64-mingw32.static/include/processthreadsapi.h:324:29: note: previous declaration of 'TlsSetValue' with type 'WINBOOL(DWORD,  void *)' {aka 'int(long unsigned int,  void *)'}
  324 |   WINBASEAPI WINBOOL WINAPI TlsSetValue (DWORD dwTlsIndex, LPVOID lpTlsValue);
      |                             ^~~~~~~~~~~
/xemu/include/hw/core/cpu.h:648:15: warning: 'TlsSetValue' redeclared without dllimport attribute: previous dllimport ignored [-Wattributes]
  648 | int __stdcall TlsSetValue(unsigned long, void *);
      |               ^~~~~~~~~~~
[523/663] Compiling C object libqemu-i386-softmmu.a.p/target_i386_tcg_system_svm_helper.c.obj
In file included from ../target/i386/cpu-qom.h:23,
                 from ../target/i386/cpu.h:24,
                 from ../target/i386/tcg/system/svm_helper.c:22:
/xemu/include/hw/core/cpu.h:647:17: warning: redundant redeclaration of 'TlsGetValue' [-Wredundant-decls]
  647 | void *__stdcall TlsGetValue(unsigned long);
      |                 ^~~~~~~~~~~
In file included from /usr/local/mxe/usr/x86_64-w64-mingw32.static/include/winbase.h:29,
                 from /usr/local/mxe/usr/x86_64-w64-mingw32.static/include/windows.h:70,
                 from /usr/local/mxe/usr/x86_64-w64-mingw32.static/include/winsock2.h:23,
                 from /xemu/include/system/os-win32.h:29,
                 from /xemu/include/qemu/osdep.h:178,
                 from ../target/i386/tcg/system/svm_helper.c:20:
/usr/local/mxe/usr/x86_64-w64-mingw32.static/include/processthreadsapi.h:323:28: note: previous declaration of 'TlsGetValue' with type 'void *(DWORD)' {aka 'void *(long unsigned int)'}
  323 |   WINBASEAPI LPVOID WINAPI TlsGetValue (DWORD dwTlsIndex);
      |                            ^~~~~~~~~~~
/xemu/include/hw/core/cpu.h:647:17: warning: 'TlsGetValue' redeclared without dllimport attribute: previous dllimport ignored [-Wattributes]
  647 | void *__stdcall TlsGetValue(unsigned long);
      |                 ^~~~~~~~~~~
/xemu/include/hw/core/cpu.h:648:15: warning: redundant redeclaration of 'TlsSetValue' [-Wredundant-decls]
  648 | int __stdcall TlsSetValue(unsigned long, void *);
      |               ^~~~~~~~~~~
/usr/local/mxe/usr/x86_64-w64-mingw32.static/include/processthreadsapi.h:324:29: note: previous declaration of 'TlsSetValue' with type 'WINBOOL(DWORD,  void *)' {aka 'int(long unsigned int,  void *)'}
  324 |   WINBASEAPI WINBOOL WINAPI TlsSetValue (DWORD dwTlsIndex, LPVOID lpTlsValue);
      |                             ^~~~~~~~~~~
/xemu/include/hw/core/cpu.h:648:15: warning: 'TlsSetValue' redeclared without dllimport attribute: previous dllimport ignored [-Wattributes]
  648 | int __stdcall TlsSetValue(unsigned long, void *);
      |               ^~~~~~~~~~~
[524/663] Compiling C object libqemu-i386-softmmu.a.p/target_i386_tcg_system_seg_helper.c.obj
In file included from ../target/i386/cpu-qom.h:23,
                 from ../target/i386/cpu.h:24,
                 from ../target/i386/tcg/system/seg_helper.c:24:
/xemu/include/hw/core/cpu.h:647:17: warning: redundant redeclaration of 'TlsGetValue' [-Wredundant-decls]
  647 | void *__stdcall TlsGetValue(unsigned long);
      |                 ^~~~~~~~~~~
In file included from /usr/local/mxe/usr/x86_64-w64-mingw32.static/include/winbase.h:29,
                 from /usr/local/mxe/usr/x86_64-w64-mingw32.static/include/windows.h:70,
                 from /usr/local/mxe/usr/x86_64-w64-mingw32.static/include/winsock2.h:23,
                 from /xemu/include/system/os-win32.h:29,
                 from /xemu/include/qemu/osdep.h:178,
                 from ../target/i386/tcg/system/seg_helper.c:21:
/usr/local/mxe/usr/x86_64-w64-mingw32.static/include/processthreadsapi.h:323:28: note: previous declaration of 'TlsGetValue' with type 'void *(DWORD)' {aka 'void *(long unsigned int)'}
  323 |   WINBASEAPI LPVOID WINAPI TlsGetValue (DWORD dwTlsIndex);
      |                            ^~~~~~~~~~~
/xemu/include/hw/core/cpu.h:647:17: warning: 'TlsGetValue' redeclared without dllimport attribute: previous dllimport ignored [-Wattributes]
  647 | void *__stdcall TlsGetValue(unsigned long);
      |                 ^~~~~~~~~~~
/xemu/include/hw/core/cpu.h:648:15: warning: redundant redeclaration of 'TlsSetValue' [-Wredundant-decls]
  648 | int __stdcall TlsSetValue(unsigned long, void *);
      |               ^~~~~~~~~~~
/usr/local/mxe/usr/x86_64-w64-mingw32.static/include/processthreadsapi.h:324:29: note: previous declaration of 'TlsSetValue' with type 'WINBOOL(DWORD,  void *)' {aka 'int(long unsigned int,  void *)'}
  324 |   WINBASEAPI WINBOOL WINAPI TlsSetValue (DWORD dwTlsIndex, LPVOID lpTlsValue);
      |                             ^~~~~~~~~~~
/xemu/include/hw/core/cpu.h:648:15: warning: 'TlsSetValue' redeclared without dllimport attribute: previous dllimport ignored [-Wattributes]
  648 | int __stdcall TlsSetValue(unsigned long, void *);
      |               ^~~~~~~~~~~
[525/663] Compiling C object libqemu-i386-softmmu.a.p/hw_i386_fw_cfg.c.obj
In file included from /xemu/include/exec/cpu-common.h:13,
                 from /xemu/include/system/memory.h:17,
                 from /xemu/include/hw/acpi/acpi.h:24,
                 from ../hw/i386/fw_cfg.c:17:
/xemu/include/hw/core/cpu.h:647:17: warning: redundant redeclaration of 'TlsGetValue' [-Wredundant-decls]
  647 | void *__stdcall TlsGetValue(unsigned long);
      |                 ^~~~~~~~~~~
In file included from /usr/local/mxe/usr/x86_64-w64-mingw32.static/include/winbase.h:29,
                 from /usr/local/mxe/usr/x86_64-w64-mingw32.static/include/windows.h:70,
                 from /usr/local/mxe/usr/x86_64-w64-mingw32.static/include/winsock2.h:23,
                 from /xemu/include/system/os-win32.h:29,
                 from /xemu/include/qemu/osdep.h:178,
                 from ../hw/i386/fw_cfg.c:15:
/usr/local/mxe/usr/x86_64-w64-mingw32.static/include/processthreadsapi.h:323:28: note: previous declaration of 'TlsGetValue' with type 'void *(DWORD)' {aka 'void *(long unsigned int)'}
  323 |   WINBASEAPI LPVOID WINAPI TlsGetValue (DWORD dwTlsIndex);
      |                            ^~~~~~~~~~~
/xemu/include/hw/core/cpu.h:647:17: warning: 'TlsGetValue' redeclared without dllimport attribute: previous dllimport ignored [-Wattributes]
  647 | void *__stdcall TlsGetValue(unsigned long);
      |                 ^~~~~~~~~~~
/xemu/include/hw/core/cpu.h:648:15: warning: redundant redeclaration of 'TlsSetValue' [-Wredundant-decls]
  648 | int __stdcall TlsSetValue(unsigned long, void *);
      |               ^~~~~~~~~~~
/usr/local/mxe/usr/x86_64-w64-mingw32.static/include/processthreadsapi.h:324:29: note: previous declaration of 'TlsSetValue' with type 'WINBOOL(DWORD,  void *)' {aka 'int(long unsigned int,  void *)'}
  324 |   WINBASEAPI WINBOOL WINAPI TlsSetValue (DWORD dwTlsIndex, LPVOID lpTlsValue);
      |                             ^~~~~~~~~~~
/xemu/include/hw/core/cpu.h:648:15: warning: 'TlsSetValue' redeclared without dllimport attribute: previous dllimport ignored [-Wattributes]
  648 | int __stdcall TlsSetValue(unsigned long, void *);
      |               ^~~~~~~~~~~
[526/663] Compiling C object libqemu-i386-softmmu.a.p/hw_i386_multiboot.c.obj
In file included from ../target/i386/cpu-qom.h:23,
                 from ../target/i386/cpu.h:24,
                 from ../hw/i386/multiboot.c:27:
/xemu/include/hw/core/cpu.h:647:17: warning: redundant redeclaration of 'TlsGetValue' [-Wredundant-decls]
  647 | void *__stdcall TlsGetValue(unsigned long);
      |                 ^~~~~~~~~~~
In file included from /usr/local/mxe/usr/x86_64-w64-mingw32.static/include/winbase.h:29,
                 from /usr/local/mxe/usr/x86_64-w64-mingw32.static/include/windows.h:70,
                 from /usr/local/mxe/usr/x86_64-w64-mingw32.static/include/winsock2.h:23,
                 from /xemu/include/system/os-win32.h:29,
                 from /xemu/include/qemu/osdep.h:178,
                 from ../hw/i386/multiboot.c:25:
/usr/local/mxe/usr/x86_64-w64-mingw32.static/include/processthreadsapi.h:323:28: note: previous declaration of 'TlsGetValue' with type 'void *(DWORD)' {aka 'void *(long unsigned int)'}
  323 |   WINBASEAPI LPVOID WINAPI TlsGetValue (DWORD dwTlsIndex);
      |                            ^~~~~~~~~~~
/xemu/include/hw/core/cpu.h:647:17: warning: 'TlsGetValue' redeclared without dllimport attribute: previous dllimport ignored [-Wattributes]
  647 | void *__stdcall TlsGetValue(unsigned long);
      |                 ^~~~~~~~~~~
/xemu/include/hw/core/cpu.h:648:15: warning: redundant redeclaration of 'TlsSetValue' [-Wredundant-decls]
  648 | int __stdcall TlsSetValue(unsigned long, void *);
      |               ^~~~~~~~~~~
/usr/local/mxe/usr/x86_64-w64-mingw32.static/include/processthreadsapi.h:324:29: note: previous declaration of 'TlsSetValue' with type 'WINBOOL(DWORD,  void *)' {aka 'int(long unsigned int,  void *)'}
  324 |   WINBASEAPI WINBOOL WINAPI TlsSetValue (DWORD dwTlsIndex, LPVOID lpTlsValue);
      |                             ^~~~~~~~~~~
/xemu/include/hw/core/cpu.h:648:15: warning: 'TlsSetValue' redeclared without dllimport attribute: previous dllimport ignored [-Wattributes]
  648 | int __stdcall TlsSetValue(unsigned long, void *);
      |               ^~~~~~~~~~~
[527/663] Compiling C object libqemu-i386-softmmu.a.p/hw_i386_x86-cpu.c.obj
In file included from /xemu/include/exec/cpu-common.h:13,
                 from /xemu/include/system/memory.h:17,
                 from /xemu/include/hw/i386/x86.h:21,
                 from ../hw/i386/x86-cpu.c:28:
/xemu/include/hw/core/cpu.h:647:17: warning: redundant redeclaration of 'TlsGetValue' [-Wredundant-decls]
  647 | void *__stdcall TlsGetValue(unsigned long);
      |                 ^~~~~~~~~~~
In file included from /usr/local/mxe/usr/x86_64-w64-mingw32.static/include/winbase.h:29,
                 from /usr/local/mxe/usr/x86_64-w64-mingw32.static/include/windows.h:70,
                 from /usr/local/mxe/usr/x86_64-w64-mingw32.static/include/winsock2.h:23,
                 from /xemu/include/system/os-win32.h:29,
                 from /xemu/include/qemu/osdep.h:178,
                 from ../hw/i386/x86-cpu.c:23:
/usr/local/mxe/usr/x86_64-w64-mingw32.static/include/processthreadsapi.h:323:28: note: previous declaration of 'TlsGetValue' with type 'void *(DWORD)' {aka 'void *(long unsigned int)'}
  323 |   WINBASEAPI LPVOID WINAPI TlsGetValue (DWORD dwTlsIndex);
      |                            ^~~~~~~~~~~
/xemu/include/hw/core/cpu.h:647:17: warning: 'TlsGetValue' redeclared without dllimport attribute: previous dllimport ignored [-Wattributes]
  647 | void *__stdcall TlsGetValue(unsigned long);
      |                 ^~~~~~~~~~~
/xemu/include/hw/core/cpu.h:648:15: warning: redundant redeclaration of 'TlsSetValue' [-Wredundant-decls]
  648 | int __stdcall TlsSetValue(unsigned long, void *);
      |               ^~~~~~~~~~~
/usr/local/mxe/usr/x86_64-w64-mingw32.static/include/processthreadsapi.h:324:29: note: previous declaration of 'TlsSetValue' with type 'WINBOOL(DWORD,  void *)' {aka 'int(long unsigned int,  void *)'}
  324 |   WINBASEAPI WINBOOL WINAPI TlsSetValue (DWORD dwTlsIndex, LPVOID lpTlsValue);
      |                             ^~~~~~~~~~~
/xemu/include/hw/core/cpu.h:648:15: warning: 'TlsSetValue' redeclared without dllimport attribute: previous dllimport ignored [-Wattributes]
  648 | int __stdcall TlsSetValue(unsigned long, void *);
      |               ^~~~~~~~~~~
[528/663] Compiling C object libqemu-i386-softmmu.a.p/hw_i386_x86.c.obj
In file included from /xemu/include/exec/cpu-common.h:13,
                 from /xemu/include/system/memory.h:17,
                 from /xemu/include/hw/i386/x86.h:21,
                 from ../hw/i386/x86.c:35:
/xemu/include/hw/core/cpu.h:647:17: warning: redundant redeclaration of 'TlsGetValue' [-Wredundant-decls]
  647 | void *__stdcall TlsGetValue(unsigned long);
      |                 ^~~~~~~~~~~
In file included from /usr/local/mxe/usr/x86_64-w64-mingw32.static/include/winbase.h:29,
                 from /usr/local/mxe/usr/x86_64-w64-mingw32.static/include/windows.h:70,
                 from /usr/local/mxe/usr/x86_64-w64-mingw32.static/include/winsock2.h:23,
                 from /xemu/include/system/os-win32.h:29,
                 from /xemu/include/qemu/osdep.h:178,
                 from ../hw/i386/x86.c:23:
/usr/local/mxe/usr/x86_64-w64-mingw32.static/include/processthreadsapi.h:323:28: note: previous declaration of 'TlsGetValue' with type 'void *(DWORD)' {aka 'void *(long unsigned int)'}
  323 |   WINBASEAPI LPVOID WINAPI TlsGetValue (DWORD dwTlsIndex);
      |                            ^~~~~~~~~~~
/xemu/include/hw/core/cpu.h:647:17: warning: 'TlsGetValue' redeclared without dllimport attribute: previous dllimport ignored [-Wattributes]
  647 | void *__stdcall TlsGetValue(unsigned long);
      |                 ^~~~~~~~~~~
/xemu/include/hw/core/cpu.h:648:15: warning: redundant redeclaration of 'TlsSetValue' [-Wredundant-decls]
  648 | int __stdcall TlsSetValue(unsigned long, void *);
      |               ^~~~~~~~~~~
/usr/local/mxe/usr/x86_64-w64-mingw32.static/include/processthreadsapi.h:324:29: note: previous declaration of 'TlsSetValue' with type 'WINBOOL(DWORD,  void *)' {aka 'int(long unsigned int,  void *)'}
  324 |   WINBASEAPI WINBOOL WINAPI TlsSetValue (DWORD dwTlsIndex, LPVOID lpTlsValue);
      |                             ^~~~~~~~~~~
/xemu/include/hw/core/cpu.h:648:15: warning: 'TlsSetValue' redeclared without dllimport attribute: previous dllimport ignored [-Wattributes]
  648 | int __stdcall TlsSetValue(unsigned long, void *);
      |               ^~~~~~~~~~~
[529/663] Compiling C object libqemu-i386-softmmu.a.p/hw_i386_x86-iommu-stub.c.obj
In file included from /xemu/include/exec/cpu-common.h:13,
                 from /xemu/include/system/memory.h:17,
                 from /xemu/include/hw/sysbus.h:7,
                 from /xemu/include/hw/i386/x86-iommu.h:23,
                 from ../hw/i386/x86-iommu-stub.c:23:
/xemu/include/hw/core/cpu.h:647:17: warning: redundant redeclaration of 'TlsGetValue' [-Wredundant-decls]
  647 | void *__stdcall TlsGetValue(unsigned long);
      |                 ^~~~~~~~~~~
In file included from /usr/local/mxe/usr/x86_64-w64-mingw32.static/include/winbase.h:29,
                 from /usr/local/mxe/usr/x86_64-w64-mingw32.static/include/windows.h:70,
                 from /usr/local/mxe/usr/x86_64-w64-mingw32.static/include/winsock2.h:23,
                 from /xemu/include/system/os-win32.h:29,
                 from /xemu/include/qemu/osdep.h:178,
                 from ../hw/i386/x86-iommu-stub.c:22:
/usr/local/mxe/usr/x86_64-w64-mingw32.static/include/processthreadsapi.h:323:28: note: previous declaration of 'TlsGetValue' with type 'void *(DWORD)' {aka 'void *(long unsigned int)'}
  323 |   WINBASEAPI LPVOID WINAPI TlsGetValue (DWORD dwTlsIndex);
      |                            ^~~~~~~~~~~
/xemu/include/hw/core/cpu.h:647:17: warning: 'TlsGetValue' redeclared without dllimport attribute: previous dllimport ignored [-Wattributes]
  647 | void *__stdcall TlsGetValue(unsigned long);
      |                 ^~~~~~~~~~~
/xemu/include/hw/core/cpu.h:648:15: warning: redundant redeclaration of 'TlsSetValue' [-Wredundant-decls]
  648 | int __stdcall TlsSetValue(unsigned long, void *);
      |               ^~~~~~~~~~~
/usr/local/mxe/usr/x86_64-w64-mingw32.static/include/processthreadsapi.h:324:29: note: previous declaration of 'TlsSetValue' with type 'WINBOOL(DWORD,  void *)' {aka 'int(long unsigned int,  void *)'}
  324 |   WINBASEAPI WINBOOL WINAPI TlsSetValue (DWORD dwTlsIndex, LPVOID lpTlsValue);
      |                             ^~~~~~~~~~~
/xemu/include/hw/core/cpu.h:648:15: warning: 'TlsSetValue' redeclared without dllimport attribute: previous dllimport ignored [-Wattributes]
  648 | int __stdcall TlsSetValue(unsigned long, void *);
      |               ^~~~~~~~~~~
[530/663] Compiling C object libqemu-i386-softmmu.a.p/hw_i386_amd_iommu-stub.c.obj
In file included from /xemu/include/exec/cpu-common.h:13,
                 from /xemu/include/system/memory.h:17,
                 from /xemu/include/hw/pci/pci.h:4,
                 from ../hw/i386/amd_iommu.h:24,
                 from ../hw/i386/amd_iommu-stub.c:21:
/xemu/include/hw/core/cpu.h:647:17: warning: redundant redeclaration of 'TlsGetValue' [-Wredundant-decls]
  647 | void *__stdcall TlsGetValue(unsigned long);
      |                 ^~~~~~~~~~~
In file included from /usr/local/mxe/usr/x86_64-w64-mingw32.static/include/winbase.h:29,
                 from /usr/local/mxe/usr/x86_64-w64-mingw32.static/include/windows.h:70,
                 from /usr/local/mxe/usr/x86_64-w64-mingw32.static/include/winsock2.h:23,
                 from /xemu/include/system/os-win32.h:29,
                 from /xemu/include/qemu/osdep.h:178,
                 from ../hw/i386/amd_iommu-stub.c:20:
/usr/local/mxe/usr/x86_64-w64-mingw32.static/include/processthreadsapi.h:323:28: note: previous declaration of 'TlsGetValue' with type 'void *(DWORD)' {aka 'void *(long unsigned int)'}
  323 |   WINBASEAPI LPVOID WINAPI TlsGetValue (DWORD dwTlsIndex);
      |                            ^~~~~~~~~~~
/xemu/include/hw/core/cpu.h:647:17: warning: 'TlsGetValue' redeclared without dllimport attribute: previous dllimport ignored [-Wattributes]
  647 | void *__stdcall TlsGetValue(unsigned long);
      |                 ^~~~~~~~~~~
/xemu/include/hw/core/cpu.h:648:15: warning: redundant redeclaration of 'TlsSetValue' [-Wredundant-decls]
  648 | int __stdcall TlsSetValue(unsigned long, void *);
      |               ^~~~~~~~~~~
/usr/local/mxe/usr/x86_64-w64-mingw32.static/include/processthreadsapi.h:324:29: note: previous declaration of 'TlsSetValue' with type 'WINBOOL(DWORD,  void *)' {aka 'int(long unsigned int,  void *)'}
  324 |   WINBASEAPI WINBOOL WINAPI TlsSetValue (DWORD dwTlsIndex, LPVOID lpTlsValue);
      |                             ^~~~~~~~~~~
/xemu/include/hw/core/cpu.h:648:15: warning: 'TlsSetValue' redeclared without dllimport attribute: previous dllimport ignored [-Wattributes]
  648 | int __stdcall TlsSetValue(unsigned long, void *);
      |               ^~~~~~~~~~~
[531/663] Compiling C object libsystem.a.p/accel_tcg_tcg-runtime-gvec.c.obj
[532/663] Compiling C object libqemu-i386-softmmu.a.p/hw_i386_vapic.c.obj
In file included from /xemu/include/system/hw_accel.h:14,
                 from ../hw/i386/vapic.c:17:
/xemu/include/hw/core/cpu.h:647:17: warning: redundant redeclaration of 'TlsGetValue' [-Wredundant-decls]
  647 | void *__stdcall TlsGetValue(unsigned long);
      |                 ^~~~~~~~~~~
In file included from /usr/local/mxe/usr/x86_64-w64-mingw32.static/include/winbase.h:29,
                 from /usr/local/mxe/usr/x86_64-w64-mingw32.static/include/windows.h:70,
                 from /usr/local/mxe/usr/x86_64-w64-mingw32.static/include/winsock2.h:23,
                 from /xemu/include/system/os-win32.h:29,
                 from /xemu/include/qemu/osdep.h:178,
                 from ../hw/i386/vapic.c:12:
/usr/local/mxe/usr/x86_64-w64-mingw32.static/include/processthreadsapi.h:323:28: note: previous declaration of 'TlsGetValue' with type 'void *(DWORD)' {aka 'void *(long unsigned int)'}
  323 |   WINBASEAPI LPVOID WINAPI TlsGetValue (DWORD dwTlsIndex);
      |                            ^~~~~~~~~~~
/xemu/include/hw/core/cpu.h:647:17: warning: 'TlsGetValue' redeclared without dllimport attribute: previous dllimport ignored [-Wattributes]
  647 | void *__stdcall TlsGetValue(unsigned long);
      |                 ^~~~~~~~~~~
/xemu/include/hw/core/cpu.h:648:15: warning: redundant redeclaration of 'TlsSetValue' [-Wredundant-decls]
  648 | int __stdcall TlsSetValue(unsigned long, void *);
      |               ^~~~~~~~~~~
/usr/local/mxe/usr/x86_64-w64-mingw32.static/include/processthreadsapi.h:324:29: note: previous declaration of 'TlsSetValue' with type 'WINBOOL(DWORD,  void *)' {aka 'int(long unsigned int,  void *)'}
  324 |   WINBASEAPI WINBOOL WINAPI TlsSetValue (DWORD dwTlsIndex, LPVOID lpTlsValue);
      |                             ^~~~~~~~~~~
/xemu/include/hw/core/cpu.h:648:15: warning: 'TlsSetValue' redeclared without dllimport attribute: previous dllimport ignored [-Wattributes]
  648 | int __stdcall TlsSetValue(unsigned long, void *);
      |               ^~~~~~~~~~~
[533/663] Compiling C object libqemu-i386-softmmu.a.p/hw_i386_acpi-common.c.obj
In file included from /xemu/include/exec/cpu-common.h:13,
                 from /xemu/include/system/memory.h:17,
                 from ../hw/i386/acpi-common.c:26:
/xemu/include/hw/core/cpu.h:647:17: warning: redundant redeclaration of 'TlsGetValue' [-Wredundant-decls]
  647 | void *__stdcall TlsGetValue(unsigned long);
      |                 ^~~~~~~~~~~
In file included from /usr/local/mxe/usr/x86_64-w64-mingw32.static/include/winbase.h:29,
                 from /usr/local/mxe/usr/x86_64-w64-mingw32.static/include/windows.h:70,
                 from /usr/local/mxe/usr/x86_64-w64-mingw32.static/include/winsock2.h:23,
                 from /xemu/include/system/os-win32.h:29,
                 from /xemu/include/qemu/osdep.h:178,
                 from ../hw/i386/acpi-common.c:23:
/usr/local/mxe/usr/x86_64-w64-mingw32.static/include/processthreadsapi.h:323:28: note: previous declaration of 'TlsGetValue' with type 'void *(DWORD)' {aka 'void *(long unsigned int)'}
  323 |   WINBASEAPI LPVOID WINAPI TlsGetValue (DWORD dwTlsIndex);
      |                            ^~~~~~~~~~~
/xemu/include/hw/core/cpu.h:647:17: warning: 'TlsGetValue' redeclared without dllimport attribute: previous dllimport ignored [-Wattributes]
  647 | void *__stdcall TlsGetValue(unsigned long);
      |                 ^~~~~~~~~~~
/xemu/include/hw/core/cpu.h:648:15: warning: redundant redeclaration of 'TlsSetValue' [-Wredundant-decls]
  648 | int __stdcall TlsSetValue(unsigned long, void *);
      |               ^~~~~~~~~~~
/usr/local/mxe/usr/x86_64-w64-mingw32.static/include/processthreadsapi.h:324:29: note: previous declaration of 'TlsSetValue' with type 'WINBOOL(DWORD,  void *)' {aka 'int(long unsigned int,  void *)'}
  324 |   WINBASEAPI WINBOOL WINAPI TlsSetValue (DWORD dwTlsIndex, LPVOID lpTlsValue);
      |                             ^~~~~~~~~~~
/xemu/include/hw/core/cpu.h:648:15: warning: 'TlsSetValue' redeclared without dllimport attribute: previous dllimport ignored [-Wattributes]
  648 | int __stdcall TlsSetValue(unsigned long, void *);
      |               ^~~~~~~~~~~
[534/663] Compiling C object libsystem.a.p/accel_tcg_cputlb.c.obj
In file included from /xemu/include/exec/cpu-common.h:13,
                 from /xemu/include/system/memory.h:17,
                 from ../accel/tcg/cputlb.c:27:
/xemu/include/hw/core/cpu.h:647:17: warning: redundant redeclaration of 'TlsGetValue' [-Wredundant-decls]
  647 | void *__stdcall TlsGetValue(unsigned long);
      |                 ^~~~~~~~~~~
In file included from /usr/local/mxe/usr/x86_64-w64-mingw32.static/include/winbase.h:29,
                 from /usr/local/mxe/usr/x86_64-w64-mingw32.static/include/windows.h:70,
                 from /usr/local/mxe/usr/x86_64-w64-mingw32.static/include/winsock2.h:23,
                 from /xemu/include/system/os-win32.h:29,
                 from /xemu/include/qemu/osdep.h:178,
                 from ../accel/tcg/cputlb.c:20:
/usr/local/mxe/usr/x86_64-w64-mingw32.static/include/processthreadsapi.h:323:28: note: previous declaration of 'TlsGetValue' with type 'void *(DWORD)' {aka 'void *(long unsigned int)'}
  323 |   WINBASEAPI LPVOID WINAPI TlsGetValue (DWORD dwTlsIndex);
      |                            ^~~~~~~~~~~
/xemu/include/hw/core/cpu.h:647:17: warning: 'TlsGetValue' redeclared without dllimport attribute: previous dllimport ignored [-Wattributes]
  647 | void *__stdcall TlsGetValue(unsigned long);
      |                 ^~~~~~~~~~~
/xemu/include/hw/core/cpu.h:648:15: warning: redundant redeclaration of 'TlsSetValue' [-Wredundant-decls]
  648 | int __stdcall TlsSetValue(unsigned long, void *);
      |               ^~~~~~~~~~~
/usr/local/mxe/usr/x86_64-w64-mingw32.static/include/processthreadsapi.h:324:29: note: previous declaration of 'TlsSetValue' with type 'WINBOOL(DWORD,  void *)' {aka 'int(long unsigned int,  void *)'}
  324 |   WINBASEAPI WINBOOL WINAPI TlsSetValue (DWORD dwTlsIndex, LPVOID lpTlsValue);
      |                             ^~~~~~~~~~~
/xemu/include/hw/core/cpu.h:648:15: warning: 'TlsSetValue' redeclared without dllimport attribute: previous dllimport ignored [-Wattributes]
  648 | int __stdcall TlsSetValue(unsigned long, void *);
      |               ^~~~~~~~~~~
In file included from ../accel/tcg/cputlb.c:37:
/xemu/include/tcg/tcg.h:484:17: warning: redundant redeclaration of 'TlsGetValue' [-Wredundant-decls]
  484 | void *__stdcall TlsGetValue(unsigned long);
      |                 ^~~~~~~~~~~
/usr/local/mxe/usr/x86_64-w64-mingw32.static/include/processthreadsapi.h:323:28: note: previous declaration of 'TlsGetValue' with type 'void *(long unsigned int)'
  323 |   WINBASEAPI LPVOID WINAPI TlsGetValue (DWORD dwTlsIndex);
      |                            ^~~~~~~~~~~
/xemu/include/tcg/tcg.h:485:15: warning: redundant redeclaration of 'TlsSetValue' [-Wredundant-decls]
  485 | int __stdcall TlsSetValue(unsigned long, void *);
      |               ^~~~~~~~~~~
/usr/local/mxe/usr/x86_64-w64-mingw32.static/include/processthreadsapi.h:324:29: note: previous declaration of 'TlsSetValue' with type 'int(long unsigned int,  void *)'
  324 |   WINBASEAPI WINBOOL WINAPI TlsSetValue (DWORD dwTlsIndex, LPVOID lpTlsValue);
      |                             ^~~~~~~~~~~
[535/663] Compiling C object libqemu-i386-softmmu.a.p/hw_i386_sgx-stub.c.obj
In file included from ../target/i386/cpu-qom.h:23,
                 from ../target/i386/cpu.h:24,
                 from /xemu/include/monitor/hmp-target.h:31,
                 from ../hw/i386/sgx-stub.c:3:
/xemu/include/hw/core/cpu.h:647:17: warning: redundant redeclaration of 'TlsGetValue' [-Wredundant-decls]
  647 | void *__stdcall TlsGetValue(unsigned long);
      |                 ^~~~~~~~~~~
In file included from /usr/local/mxe/usr/x86_64-w64-mingw32.static/include/winbase.h:29,
                 from /usr/local/mxe/usr/x86_64-w64-mingw32.static/include/windows.h:70,
                 from /usr/local/mxe/usr/x86_64-w64-mingw32.static/include/winsock2.h:23,
                 from /xemu/include/system/os-win32.h:29,
                 from /xemu/include/qemu/osdep.h:178,
                 from ../hw/i386/sgx-stub.c:1:
/usr/local/mxe/usr/x86_64-w64-mingw32.static/include/processthreadsapi.h:323:28: note: previous declaration of 'TlsGetValue' with type 'void *(DWORD)' {aka 'void *(long unsigned int)'}
  323 |   WINBASEAPI LPVOID WINAPI TlsGetValue (DWORD dwTlsIndex);
      |                            ^~~~~~~~~~~
/xemu/include/hw/core/cpu.h:647:17: warning: 'TlsGetValue' redeclared without dllimport attribute: previous dllimport ignored [-Wattributes]
  647 | void *__stdcall TlsGetValue(unsigned long);
      |                 ^~~~~~~~~~~
/xemu/include/hw/core/cpu.h:648:15: warning: redundant redeclaration of 'TlsSetValue' [-Wredundant-decls]
  648 | int __stdcall TlsSetValue(unsigned long, void *);
      |               ^~~~~~~~~~~
/usr/local/mxe/usr/x86_64-w64-mingw32.static/include/processthreadsapi.h:324:29: note: previous declaration of 'TlsSetValue' with type 'WINBOOL(DWORD,  void *)' {aka 'int(long unsigned int,  void *)'}
  324 |   WINBASEAPI WINBOOL WINAPI TlsSetValue (DWORD dwTlsIndex, LPVOID lpTlsValue);
      |                             ^~~~~~~~~~~
/xemu/include/hw/core/cpu.h:648:15: warning: 'TlsSetValue' redeclared without dllimport attribute: previous dllimport ignored [-Wattributes]
  648 | int __stdcall TlsSetValue(unsigned long, void *);
      |               ^~~~~~~~~~~
[536/663] Compiling C object libqemu-i386-softmmu.a.p/hw_i386_pc_sysfw_ovmf-stubs.c.obj
In file included from /xemu/include/exec/cpu-common.h:13,
                 from /xemu/include/system/memory.h:17,
                 from /xemu/include/hw/boards.h:6,
                 from /xemu/include/hw/i386/pc.h:7,
                 from ../hw/i386/pc_sysfw_ovmf-stubs.c:16:
/xemu/include/hw/core/cpu.h:647:17: warning: redundant redeclaration of 'TlsGetValue' [-Wredundant-decls]
  647 | void *__stdcall TlsGetValue(unsigned long);
      |                 ^~~~~~~~~~~
In file included from /usr/local/mxe/usr/x86_64-w64-mingw32.static/include/winbase.h:29,
                 from /usr/local/mxe/usr/x86_64-w64-mingw32.static/include/windows.h:70,
                 from /usr/local/mxe/usr/x86_64-w64-mingw32.static/include/winsock2.h:23,
                 from /xemu/include/system/os-win32.h:29,
                 from /xemu/include/qemu/osdep.h:178,
                 from ../hw/i386/pc_sysfw_ovmf-stubs.c:15:
/usr/local/mxe/usr/x86_64-w64-mingw32.static/include/processthreadsapi.h:323:28: note: previous declaration of 'TlsGetValue' with type 'void *(DWORD)' {aka 'void *(long unsigned int)'}
  323 |   WINBASEAPI LPVOID WINAPI TlsGetValue (DWORD dwTlsIndex);
      |                            ^~~~~~~~~~~
/xemu/include/hw/core/cpu.h:647:17: warning: 'TlsGetValue' redeclared without dllimport attribute: previous dllimport ignored [-Wattributes]
  647 | void *__stdcall TlsGetValue(unsigned long);
      |                 ^~~~~~~~~~~
/xemu/include/hw/core/cpu.h:648:15: warning: redundant redeclaration of 'TlsSetValue' [-Wredundant-decls]
  648 | int __stdcall TlsSetValue(unsigned long, void *);
      |               ^~~~~~~~~~~
/usr/local/mxe/usr/x86_64-w64-mingw32.static/include/processthreadsapi.h:324:29: note: previous declaration of 'TlsSetValue' with type 'WINBOOL(DWORD,  void *)' {aka 'int(long unsigned int,  void *)'}
  324 |   WINBASEAPI WINBOOL WINAPI TlsSetValue (DWORD dwTlsIndex, LPVOID lpTlsValue);
      |                             ^~~~~~~~~~~
/xemu/include/hw/core/cpu.h:648:15: warning: 'TlsSetValue' redeclared without dllimport attribute: previous dllimport ignored [-Wattributes]
  648 | int __stdcall TlsSetValue(unsigned long, void *);
      |               ^~~~~~~~~~~
[537/663] Compiling C object libqemu-i386-softmmu.a.p/target-info-stub.c.obj
In file included from /xemu/include/exec/cpu-common.h:13,
                 from /xemu/include/system/memory.h:17,
                 from /xemu/include/hw/boards.h:6,
                 from ../target-info-stub.c:12:
/xemu/include/hw/core/cpu.h:647:17: warning: redundant redeclaration of 'TlsGetValue' [-Wredundant-decls]
  647 | void *__stdcall TlsGetValue(unsigned long);
      |                 ^~~~~~~~~~~
In file included from /usr/local/mxe/usr/x86_64-w64-mingw32.static/include/winbase.h:29,
                 from /usr/local/mxe/usr/x86_64-w64-mingw32.static/include/windows.h:70,
                 from /usr/local/mxe/usr/x86_64-w64-mingw32.static/include/winsock2.h:23,
                 from /xemu/include/system/os-win32.h:29,
                 from /xemu/include/qemu/osdep.h:178,
                 from ../target-info-stub.c:9:
/usr/local/mxe/usr/x86_64-w64-mingw32.static/include/processthreadsapi.h:323:28: note: previous declaration of 'TlsGetValue' with type 'void *(DWORD)' {aka 'void *(long unsigned int)'}
  323 |   WINBASEAPI LPVOID WINAPI TlsGetValue (DWORD dwTlsIndex);
      |                            ^~~~~~~~~~~
/xemu/include/hw/core/cpu.h:647:17: warning: 'TlsGetValue' redeclared without dllimport attribute: previous dllimport ignored [-Wattributes]
  647 | void *__stdcall TlsGetValue(unsigned long);
      |                 ^~~~~~~~~~~
/xemu/include/hw/core/cpu.h:648:15: warning: redundant redeclaration of 'TlsSetValue' [-Wredundant-decls]
  648 | int __stdcall TlsSetValue(unsigned long, void *);
      |               ^~~~~~~~~~~
/usr/local/mxe/usr/x86_64-w64-mingw32.static/include/processthreadsapi.h:324:29: note: previous declaration of 'TlsSetValue' with type 'WINBOOL(DWORD,  void *)' {aka 'int(long unsigned int,  void *)'}
  324 |   WINBASEAPI WINBOOL WINAPI TlsSetValue (DWORD dwTlsIndex, LPVOID lpTlsValue);
      |                             ^~~~~~~~~~~
/xemu/include/hw/core/cpu.h:648:15: warning: 'TlsSetValue' redeclared without dllimport attribute: previous dllimport ignored [-Wattributes]
  648 | int __stdcall TlsSetValue(unsigned long, void *);
      |               ^~~~~~~~~~~
[538/663] Compiling C object libqemu-i386-softmmu.a.p/hw_i386_port92.c.obj
In file included from /xemu/include/exec/cpu-common.h:13,
                 from /xemu/include/system/memory.h:17,
                 from /xemu/include/hw/isa/isa.h:6,
                 from ../hw/i386/port92.c:13:
/xemu/include/hw/core/cpu.h:647:17: warning: redundant redeclaration of 'TlsGetValue' [-Wredundant-decls]
  647 | void *__stdcall TlsGetValue(unsigned long);
      |                 ^~~~~~~~~~~
In file included from /usr/local/mxe/usr/x86_64-w64-mingw32.static/include/winbase.h:29,
                 from /usr/local/mxe/usr/x86_64-w64-mingw32.static/include/windows.h:70,
                 from /usr/local/mxe/usr/x86_64-w64-mingw32.static/include/winsock2.h:23,
                 from /xemu/include/system/os-win32.h:29,
                 from /xemu/include/qemu/osdep.h:178,
                 from ../hw/i386/port92.c:9:
/usr/local/mxe/usr/x86_64-w64-mingw32.static/include/processthreadsapi.h:323:28: note: previous declaration of 'TlsGetValue' with type 'void *(DWORD)' {aka 'void *(long unsigned int)'}
  323 |   WINBASEAPI LPVOID WINAPI TlsGetValue (DWORD dwTlsIndex);
      |                            ^~~~~~~~~~~
/xemu/include/hw/core/cpu.h:647:17: warning: 'TlsGetValue' redeclared without dllimport attribute: previous dllimport ignored [-Wattributes]
  647 | void *__stdcall TlsGetValue(unsigned long);
      |                 ^~~~~~~~~~~
/xemu/include/hw/core/cpu.h:648:15: warning: redundant redeclaration of 'TlsSetValue' [-Wredundant-decls]
  648 | int __stdcall TlsSetValue(unsigned long, void *);
      |               ^~~~~~~~~~~
/usr/local/mxe/usr/x86_64-w64-mingw32.static/include/processthreadsapi.h:324:29: note: previous declaration of 'TlsSetValue' with type 'WINBOOL(DWORD,  void *)' {aka 'int(long unsigned int,  void *)'}
  324 |   WINBASEAPI WINBOOL WINAPI TlsSetValue (DWORD dwTlsIndex, LPVOID lpTlsValue);
      |                             ^~~~~~~~~~~
/xemu/include/hw/core/cpu.h:648:15: warning: 'TlsSetValue' redeclared without dllimport attribute: previous dllimport ignored [-Wattributes]
  648 | int __stdcall TlsSetValue(unsigned long, void *);
      |               ^~~~~~~~~~~
[539/663] Compiling C object libsystem.a.p/tcg_tcg.c.obj
In file included from /xemu/include/exec/cpu-common.h:13,
                 from /xemu/include/exec/translation-block.h:12,
                 from ../tcg/tcg.c:38:
/xemu/include/hw/core/cpu.h:647:17: warning: redundant redeclaration of 'TlsGetValue' [-Wredundant-decls]
  647 | void *__stdcall TlsGetValue(unsigned long);
      |                 ^~~~~~~~~~~
In file included from /usr/local/mxe/usr/x86_64-w64-mingw32.static/include/winbase.h:29,
                 from /usr/local/mxe/usr/x86_64-w64-mingw32.static/include/windows.h:70,
                 from /usr/local/mxe/usr/x86_64-w64-mingw32.static/include/winsock2.h:23,
                 from /xemu/include/system/os-win32.h:29,
                 from /xemu/include/qemu/osdep.h:178,
                 from ../tcg/tcg.c:25:
/usr/local/mxe/usr/x86_64-w64-mingw32.static/include/processthreadsapi.h:323:28: note: previous declaration of 'TlsGetValue' with type 'void *(DWORD)' {aka 'void *(long unsigned int)'}
  323 |   WINBASEAPI LPVOID WINAPI TlsGetValue (DWORD dwTlsIndex);
      |                            ^~~~~~~~~~~
/xemu/include/hw/core/cpu.h:647:17: warning: 'TlsGetValue' redeclared without dllimport attribute: previous dllimport ignored [-Wattributes]
  647 | void *__stdcall TlsGetValue(unsigned long);
      |                 ^~~~~~~~~~~
/xemu/include/hw/core/cpu.h:648:15: warning: redundant redeclaration of 'TlsSetValue' [-Wredundant-decls]
  648 | int __stdcall TlsSetValue(unsigned long, void *);
      |               ^~~~~~~~~~~
/usr/local/mxe/usr/x86_64-w64-mingw32.static/include/processthreadsapi.h:324:29: note: previous declaration of 'TlsSetValue' with type 'WINBOOL(DWORD,  void *)' {aka 'int(long unsigned int,  void *)'}
  324 |   WINBASEAPI WINBOOL WINAPI TlsSetValue (DWORD dwTlsIndex, LPVOID lpTlsValue);
      |                             ^~~~~~~~~~~
/xemu/include/hw/core/cpu.h:648:15: warning: 'TlsSetValue' redeclared without dllimport attribute: previous dllimport ignored [-Wattributes]
  648 | int __stdcall TlsSetValue(unsigned long, void *);
      |               ^~~~~~~~~~~
In file included from /xemu/include/tcg/tcg-op-common.h:11,
                 from ../tcg/tcg.c:41:
/xemu/include/tcg/tcg.h:484:17: warning: redundant redeclaration of 'TlsGetValue' [-Wredundant-decls]
  484 | void *__stdcall TlsGetValue(unsigned long);
      |                 ^~~~~~~~~~~
/usr/local/mxe/usr/x86_64-w64-mingw32.static/include/processthreadsapi.h:323:28: note: previous declaration of 'TlsGetValue' with type 'void *(long unsigned int)'
  323 |   WINBASEAPI LPVOID WINAPI TlsGetValue (DWORD dwTlsIndex);
      |                            ^~~~~~~~~~~
/xemu/include/tcg/tcg.h:485:15: warning: redundant redeclaration of 'TlsSetValue' [-Wredundant-decls]
  485 | int __stdcall TlsSetValue(unsigned long, void *);
      |               ^~~~~~~~~~~
/usr/local/mxe/usr/x86_64-w64-mingw32.static/include/processthreadsapi.h:324:29: note: previous declaration of 'TlsSetValue' with type 'int(long unsigned int,  void *)'
  324 |   WINBASEAPI WINBOOL WINAPI TlsSetValue (DWORD dwTlsIndex, LPVOID lpTlsValue);
      |                             ^~~~~~~~~~~
[540/663] Compiling C object libqemu-i386-softmmu.a.p/target_i386_xsave_helper.c.obj
In file included from ../target/i386/cpu-qom.h:23,
                 from ../target/i386/cpu.h:24,
                 from ../target/i386/xsave_helper.c:7:
/xemu/include/hw/core/cpu.h:647:17: warning: redundant redeclaration of 'TlsGetValue' [-Wredundant-decls]
  647 | void *__stdcall TlsGetValue(unsigned long);
      |                 ^~~~~~~~~~~
In file included from /usr/local/mxe/usr/x86_64-w64-mingw32.static/include/winbase.h:29,
                 from /usr/local/mxe/usr/x86_64-w64-mingw32.static/include/windows.h:70,
                 from /usr/local/mxe/usr/x86_64-w64-mingw32.static/include/winsock2.h:23,
                 from /xemu/include/system/os-win32.h:29,
                 from /xemu/include/qemu/osdep.h:178,
                 from ../target/i386/xsave_helper.c:5:
/usr/local/mxe/usr/x86_64-w64-mingw32.static/include/processthreadsapi.h:323:28: note: previous declaration of 'TlsGetValue' with type 'void *(DWORD)' {aka 'void *(long unsigned int)'}
  323 |   WINBASEAPI LPVOID WINAPI TlsGetValue (DWORD dwTlsIndex);
      |                            ^~~~~~~~~~~
/xemu/include/hw/core/cpu.h:647:17: warning: 'TlsGetValue' redeclared without dllimport attribute: previous dllimport ignored [-Wattributes]
  647 | void *__stdcall TlsGetValue(unsigned long);
      |                 ^~~~~~~~~~~
/xemu/include/hw/core/cpu.h:648:15: warning: redundant redeclaration of 'TlsSetValue' [-Wredundant-decls]
  648 | int __stdcall TlsSetValue(unsigned long, void *);
      |               ^~~~~~~~~~~
/usr/local/mxe/usr/x86_64-w64-mingw32.static/include/processthreadsapi.h:324:29: note: previous declaration of 'TlsSetValue' with type 'WINBOOL(DWORD,  void *)' {aka 'int(long unsigned int,  void *)'}
  324 |   WINBASEAPI WINBOOL WINAPI TlsSetValue (DWORD dwTlsIndex, LPVOID lpTlsValue);
      |                             ^~~~~~~~~~~
/xemu/include/hw/core/cpu.h:648:15: warning: 'TlsSetValue' redeclared without dllimport attribute: previous dllimport ignored [-Wattributes]
  648 | int __stdcall TlsSetValue(unsigned long, void *);
      |               ^~~~~~~~~~~
[541/663] Compiling C object libqemu-i386-softmmu.a.p/target_i386_cpu-dump.c.obj
In file included from ../target/i386/cpu-qom.h:23,
                 from ../target/i386/cpu.h:24,
                 from ../target/i386/cpu-dump.c:21:
/xemu/include/hw/core/cpu.h:647:17: warning: redundant redeclaration of 'TlsGetValue' [-Wredundant-decls]
  647 | void *__stdcall TlsGetValue(unsigned long);
      |                 ^~~~~~~~~~~
In file included from /usr/local/mxe/usr/x86_64-w64-mingw32.static/include/winbase.h:29,
                 from /usr/local/mxe/usr/x86_64-w64-mingw32.static/include/windows.h:70,
                 from /usr/local/mxe/usr/x86_64-w64-mingw32.static/include/winsock2.h:23,
                 from /xemu/include/system/os-win32.h:29,
                 from /xemu/include/qemu/osdep.h:178,
                 from ../target/i386/cpu-dump.c:20:
/usr/local/mxe/usr/x86_64-w64-mingw32.static/include/processthreadsapi.h:323:28: note: previous declaration of 'TlsGetValue' with type 'void *(DWORD)' {aka 'void *(long unsigned int)'}
  323 |   WINBASEAPI LPVOID WINAPI TlsGetValue (DWORD dwTlsIndex);
      |                            ^~~~~~~~~~~
/xemu/include/hw/core/cpu.h:647:17: warning: 'TlsGetValue' redeclared without dllimport attribute: previous dllimport ignored [-Wattributes]
  647 | void *__stdcall TlsGetValue(unsigned long);
      |                 ^~~~~~~~~~~
/xemu/include/hw/core/cpu.h:648:15: warning: redundant redeclaration of 'TlsSetValue' [-Wredundant-decls]
  648 | int __stdcall TlsSetValue(unsigned long, void *);
      |               ^~~~~~~~~~~
/usr/local/mxe/usr/x86_64-w64-mingw32.static/include/processthreadsapi.h:324:29: note: previous declaration of 'TlsSetValue' with type 'WINBOOL(DWORD,  void *)' {aka 'int(long unsigned int,  void *)'}
  324 |   WINBASEAPI WINBOOL WINAPI TlsSetValue (DWORD dwTlsIndex, LPVOID lpTlsValue);
      |                             ^~~~~~~~~~~
/xemu/include/hw/core/cpu.h:648:15: warning: 'TlsSetValue' redeclared without dllimport attribute: previous dllimport ignored [-Wattributes]
  648 | int __stdcall TlsSetValue(unsigned long, void *);
      |               ^~~~~~~~~~~
[542/663] Compiling C object libqemu-i386-softmmu.a.p/target_i386_tcg_access.c.obj
In file included from ../target/i386/cpu-qom.h:23,
                 from ../target/i386/cpu.h:24,
                 from ../target/i386/tcg/access.c:5:
/xemu/include/hw/core/cpu.h:647:17: warning: redundant redeclaration of 'TlsGetValue' [-Wredundant-decls]
  647 | void *__stdcall TlsGetValue(unsigned long);
      |                 ^~~~~~~~~~~
In file included from /usr/local/mxe/usr/x86_64-w64-mingw32.static/include/winbase.h:29,
                 from /usr/local/mxe/usr/x86_64-w64-mingw32.static/include/windows.h:70,
                 from /usr/local/mxe/usr/x86_64-w64-mingw32.static/include/winsock2.h:23,
                 from /xemu/include/system/os-win32.h:29,
                 from /xemu/include/qemu/osdep.h:178,
                 from ../target/i386/tcg/access.c:4:
/usr/local/mxe/usr/x86_64-w64-mingw32.static/include/processthreadsapi.h:323:28: note: previous declaration of 'TlsGetValue' with type 'void *(DWORD)' {aka 'void *(long unsigned int)'}
  323 |   WINBASEAPI LPVOID WINAPI TlsGetValue (DWORD dwTlsIndex);
      |                            ^~~~~~~~~~~
/xemu/include/hw/core/cpu.h:647:17: warning: 'TlsGetValue' redeclared without dllimport attribute: previous dllimport ignored [-Wattributes]
  647 | void *__stdcall TlsGetValue(unsigned long);
      |                 ^~~~~~~~~~~
/xemu/include/hw/core/cpu.h:648:15: warning: redundant redeclaration of 'TlsSetValue' [-Wredundant-decls]
  648 | int __stdcall TlsSetValue(unsigned long, void *);
      |               ^~~~~~~~~~~
/usr/local/mxe/usr/x86_64-w64-mingw32.static/include/processthreadsapi.h:324:29: note: previous declaration of 'TlsSetValue' with type 'WINBOOL(DWORD,  void *)' {aka 'int(long unsigned int,  void *)'}
  324 |   WINBASEAPI WINBOOL WINAPI TlsSetValue (DWORD dwTlsIndex, LPVOID lpTlsValue);
      |                             ^~~~~~~~~~~
/xemu/include/hw/core/cpu.h:648:15: warning: 'TlsSetValue' redeclared without dllimport attribute: previous dllimport ignored [-Wattributes]
  648 | int __stdcall TlsSetValue(unsigned long, void *);
      |               ^~~~~~~~~~~
[543/663] Compiling C object libqemu-i386-softmmu.a.p/target_i386_gdbstub.c.obj
In file included from /xemu/accel/tcg/vcpu-state.h:14,
                 from ../target/i386/gdbstub.c:21:
/xemu/include/hw/core/cpu.h:647:17: warning: redundant redeclaration of 'TlsGetValue' [-Wredundant-decls]
  647 | void *__stdcall TlsGetValue(unsigned long);
      |                 ^~~~~~~~~~~
In file included from /usr/local/mxe/usr/x86_64-w64-mingw32.static/include/winbase.h:29,
                 from /usr/local/mxe/usr/x86_64-w64-mingw32.static/include/windows.h:70,
                 from /usr/local/mxe/usr/x86_64-w64-mingw32.static/include/winsock2.h:23,
                 from /xemu/include/system/os-win32.h:29,
                 from /xemu/include/qemu/osdep.h:178,
                 from ../target/i386/gdbstub.c:20:
/usr/local/mxe/usr/x86_64-w64-mingw32.static/include/processthreadsapi.h:323:28: note: previous declaration of 'TlsGetValue' with type 'void *(DWORD)' {aka 'void *(long unsigned int)'}
  323 |   WINBASEAPI LPVOID WINAPI TlsGetValue (DWORD dwTlsIndex);
      |                            ^~~~~~~~~~~
/xemu/include/hw/core/cpu.h:647:17: warning: 'TlsGetValue' redeclared without dllimport attribute: previous dllimport ignored [-Wattributes]
  647 | void *__stdcall TlsGetValue(unsigned long);
      |                 ^~~~~~~~~~~
/xemu/include/hw/core/cpu.h:648:15: warning: redundant redeclaration of 'TlsSetValue' [-Wredundant-decls]
  648 | int __stdcall TlsSetValue(unsigned long, void *);
      |               ^~~~~~~~~~~
/usr/local/mxe/usr/x86_64-w64-mingw32.static/include/processthreadsapi.h:324:29: note: previous declaration of 'TlsSetValue' with type 'WINBOOL(DWORD,  void *)' {aka 'int(long unsigned int,  void *)'}
  324 |   WINBASEAPI WINBOOL WINAPI TlsSetValue (DWORD dwTlsIndex, LPVOID lpTlsValue);
      |                             ^~~~~~~~~~~
/xemu/include/hw/core/cpu.h:648:15: warning: 'TlsSetValue' redeclared without dllimport attribute: previous dllimport ignored [-Wattributes]
  648 | int __stdcall TlsSetValue(unsigned long, void *);
      |               ^~~~~~~~~~~
[544/663] Compiling C object libqemu-i386-softmmu.a.p/target_i386_tcg_bpt_helper.c.obj
In file included from ../target/i386/cpu-qom.h:23,
                 from ../target/i386/cpu.h:24,
                 from ../target/i386/tcg/bpt_helper.c:21:
/xemu/include/hw/core/cpu.h:647:17: warning: redundant redeclaration of 'TlsGetValue' [-Wredundant-decls]
  647 | void *__stdcall TlsGetValue(unsigned long);
      |                 ^~~~~~~~~~~
In file included from /usr/local/mxe/usr/x86_64-w64-mingw32.static/include/winbase.h:29,
                 from /usr/local/mxe/usr/x86_64-w64-mingw32.static/include/windows.h:70,
                 from /usr/local/mxe/usr/x86_64-w64-mingw32.static/include/winsock2.h:23,
                 from /xemu/include/system/os-win32.h:29,
                 from /xemu/include/qemu/osdep.h:178,
                 from ../target/i386/tcg/bpt_helper.c:20:
/usr/local/mxe/usr/x86_64-w64-mingw32.static/include/processthreadsapi.h:323:28: note: previous declaration of 'TlsGetValue' with type 'void *(DWORD)' {aka 'void *(long unsigned int)'}
  323 |   WINBASEAPI LPVOID WINAPI TlsGetValue (DWORD dwTlsIndex);
      |                            ^~~~~~~~~~~
/xemu/include/hw/core/cpu.h:647:17: warning: 'TlsGetValue' redeclared without dllimport attribute: previous dllimport ignored [-Wattributes]
  647 | void *__stdcall TlsGetValue(unsigned long);
      |                 ^~~~~~~~~~~
/xemu/include/hw/core/cpu.h:648:15: warning: redundant redeclaration of 'TlsSetValue' [-Wredundant-decls]
  648 | int __stdcall TlsSetValue(unsigned long, void *);
      |               ^~~~~~~~~~~
/usr/local/mxe/usr/x86_64-w64-mingw32.static/include/processthreadsapi.h:324:29: note: previous declaration of 'TlsSetValue' with type 'WINBOOL(DWORD,  void *)' {aka 'int(long unsigned int,  void *)'}
  324 |   WINBASEAPI WINBOOL WINAPI TlsSetValue (DWORD dwTlsIndex, LPVOID lpTlsValue);
      |                             ^~~~~~~~~~~
/xemu/include/hw/core/cpu.h:648:15: warning: 'TlsSetValue' redeclared without dllimport attribute: previous dllimport ignored [-Wattributes]
  648 | int __stdcall TlsSetValue(unsigned long, void *);
      |               ^~~~~~~~~~~
[545/663] Compiling C object libqemu-i386-softmmu.a.p/hw_i386_pc_sysfw.c.obj
In file included from /xemu/include/exec/cpu-common.h:13,
                 from /xemu/include/system/memory.h:17,
                 from /xemu/include/hw/sysbus.h:7,
                 from ../hw/i386/pc_sysfw.c:32:
/xemu/include/hw/core/cpu.h:647:17: warning: redundant redeclaration of 'TlsGetValue' [-Wredundant-decls]
  647 | void *__stdcall TlsGetValue(unsigned long);
      |                 ^~~~~~~~~~~
In file included from /usr/local/mxe/usr/x86_64-w64-mingw32.static/include/winbase.h:29,
                 from /usr/local/mxe/usr/x86_64-w64-mingw32.static/include/windows.h:70,
                 from /usr/local/mxe/usr/x86_64-w64-mingw32.static/include/winsock2.h:23,
                 from /xemu/include/system/os-win32.h:29,
                 from /xemu/include/qemu/osdep.h:178,
                 from ../hw/i386/pc_sysfw.c:26:
/usr/local/mxe/usr/x86_64-w64-mingw32.static/include/processthreadsapi.h:323:28: note: previous declaration of 'TlsGetValue' with type 'void *(DWORD)' {aka 'void *(long unsigned int)'}
  323 |   WINBASEAPI LPVOID WINAPI TlsGetValue (DWORD dwTlsIndex);
      |                            ^~~~~~~~~~~
/xemu/include/hw/core/cpu.h:647:17: warning: 'TlsGetValue' redeclared without dllimport attribute: previous dllimport ignored [-Wattributes]
  647 | void *__stdcall TlsGetValue(unsigned long);
      |                 ^~~~~~~~~~~
/xemu/include/hw/core/cpu.h:648:15: warning: redundant redeclaration of 'TlsSetValue' [-Wredundant-decls]
  648 | int __stdcall TlsSetValue(unsigned long, void *);
      |               ^~~~~~~~~~~
/usr/local/mxe/usr/x86_64-w64-mingw32.static/include/processthreadsapi.h:324:29: note: previous declaration of 'TlsSetValue' with type 'WINBOOL(DWORD,  void *)' {aka 'int(long unsigned int,  void *)'}
  324 |   WINBASEAPI WINBOOL WINAPI TlsSetValue (DWORD dwTlsIndex, LPVOID lpTlsValue);
      |                             ^~~~~~~~~~~
/xemu/include/hw/core/cpu.h:648:15: warning: 'TlsSetValue' redeclared without dllimport attribute: previous dllimport ignored [-Wattributes]
  648 | int __stdcall TlsSetValue(unsigned long, void *);
      |               ^~~~~~~~~~~
[546/663] Compiling C object libqemu-i386-softmmu.a.p/target_i386_tcg_cc_helper.c.obj
In file included from ../target/i386/cpu-qom.h:23,
                 from ../target/i386/cpu.h:24,
                 from ../target/i386/tcg/cc_helper.c:21:
/xemu/include/hw/core/cpu.h:647:17: warning: redundant redeclaration of 'TlsGetValue' [-Wredundant-decls]
  647 | void *__stdcall TlsGetValue(unsigned long);
      |                 ^~~~~~~~~~~
In file included from /usr/local/mxe/usr/x86_64-w64-mingw32.static/include/winbase.h:29,
                 from /usr/local/mxe/usr/x86_64-w64-mingw32.static/include/windows.h:70,
                 from /usr/local/mxe/usr/x86_64-w64-mingw32.static/include/winsock2.h:23,
                 from /xemu/include/system/os-win32.h:29,
                 from /xemu/include/qemu/osdep.h:178,
                 from ../target/i386/tcg/cc_helper.c:20:
/usr/local/mxe/usr/x86_64-w64-mingw32.static/include/processthreadsapi.h:323:28: note: previous declaration of 'TlsGetValue' with type 'void *(DWORD)' {aka 'void *(long unsigned int)'}
  323 |   WINBASEAPI LPVOID WINAPI TlsGetValue (DWORD dwTlsIndex);
      |                            ^~~~~~~~~~~
/xemu/include/hw/core/cpu.h:647:17: warning: 'TlsGetValue' redeclared without dllimport attribute: previous dllimport ignored [-Wattributes]
  647 | void *__stdcall TlsGetValue(unsigned long);
      |                 ^~~~~~~~~~~
/xemu/include/hw/core/cpu.h:648:15: warning: redundant redeclaration of 'TlsSetValue' [-Wredundant-decls]
  648 | int __stdcall TlsSetValue(unsigned long, void *);
      |               ^~~~~~~~~~~
/usr/local/mxe/usr/x86_64-w64-mingw32.static/include/processthreadsapi.h:324:29: note: previous declaration of 'TlsSetValue' with type 'WINBOOL(DWORD,  void *)' {aka 'int(long unsigned int,  void *)'}
  324 |   WINBASEAPI WINBOOL WINAPI TlsSetValue (DWORD dwTlsIndex, LPVOID lpTlsValue);
      |                             ^~~~~~~~~~~
/xemu/include/hw/core/cpu.h:648:15: warning: 'TlsSetValue' redeclared without dllimport attribute: previous dllimport ignored [-Wattributes]
  648 | int __stdcall TlsSetValue(unsigned long, void *);
      |               ^~~~~~~~~~~
[547/663] Compiling C object libqemu-i386-softmmu.a.p/hw_i386_pc.c.obj
In file included from /xemu/include/exec/cpu-common.h:13,
                 from /xemu/include/system/memory.h:17,
                 from /xemu/include/hw/boards.h:6,
                 from /xemu/include/hw/i386/pc.h:7,
                 from ../hw/i386/pc.c:28:
/xemu/include/hw/core/cpu.h:647:17: warning: redundant redeclaration of 'TlsGetValue' [-Wredundant-decls]
  647 | void *__stdcall TlsGetValue(unsigned long);
      |                 ^~~~~~~~~~~
In file included from /usr/local/mxe/usr/x86_64-w64-mingw32.static/include/winbase.h:29,
                 from /usr/local/mxe/usr/x86_64-w64-mingw32.static/include/windows.h:70,
                 from /usr/local/mxe/usr/x86_64-w64-mingw32.static/include/winsock2.h:23,
                 from /xemu/include/system/os-win32.h:29,
                 from /xemu/include/qemu/osdep.h:178,
                 from ../hw/i386/pc.c:25:
/usr/local/mxe/usr/x86_64-w64-mingw32.static/include/processthreadsapi.h:323:28: note: previous declaration of 'TlsGetValue' with type 'void *(DWORD)' {aka 'void *(long unsigned int)'}
  323 |   WINBASEAPI LPVOID WINAPI TlsGetValue (DWORD dwTlsIndex);
      |                            ^~~~~~~~~~~
/xemu/include/hw/core/cpu.h:647:17: warning: 'TlsGetValue' redeclared without dllimport attribute: previous dllimport ignored [-Wattributes]
  647 | void *__stdcall TlsGetValue(unsigned long);
      |                 ^~~~~~~~~~~
/xemu/include/hw/core/cpu.h:648:15: warning: redundant redeclaration of 'TlsSetValue' [-Wredundant-decls]
  648 | int __stdcall TlsSetValue(unsigned long, void *);
      |               ^~~~~~~~~~~
/usr/local/mxe/usr/x86_64-w64-mingw32.static/include/processthreadsapi.h:324:29: note: previous declaration of 'TlsSetValue' with type 'WINBOOL(DWORD,  void *)' {aka 'int(long unsigned int,  void *)'}
  324 |   WINBASEAPI WINBOOL WINAPI TlsSetValue (DWORD dwTlsIndex, LPVOID lpTlsValue);
      |                             ^~~~~~~~~~~
/xemu/include/hw/core/cpu.h:648:15: warning: 'TlsSetValue' redeclared without dllimport attribute: previous dllimport ignored [-Wattributes]
  648 | int __stdcall TlsSetValue(unsigned long, void *);
      |               ^~~~~~~~~~~
[548/663] Compiling C object libqemu-i386-softmmu.a.p/hw_i386_x86-common.c.obj
In file included from /xemu/include/exec/cpu-common.h:13,
                 from /xemu/include/system/xen.h:13,
                 from ../hw/i386/x86-common.c:31:
/xemu/include/hw/core/cpu.h:647:17: warning: redundant redeclaration of 'TlsGetValue' [-Wredundant-decls]
  647 | void *__stdcall TlsGetValue(unsigned long);
      |                 ^~~~~~~~~~~
In file included from /usr/local/mxe/usr/x86_64-w64-mingw32.static/include/winbase.h:29,
                 from /usr/local/mxe/usr/x86_64-w64-mingw32.static/include/windows.h:70,
                 from /usr/local/mxe/usr/x86_64-w64-mingw32.static/include/winsock2.h:23,
                 from /xemu/include/system/os-win32.h:29,
                 from /xemu/include/qemu/osdep.h:178,
                 from ../hw/i386/x86-common.c:23:
/usr/local/mxe/usr/x86_64-w64-mingw32.static/include/processthreadsapi.h:323:28: note: previous declaration of 'TlsGetValue' with type 'void *(DWORD)' {aka 'void *(long unsigned int)'}
  323 |   WINBASEAPI LPVOID WINAPI TlsGetValue (DWORD dwTlsIndex);
      |                            ^~~~~~~~~~~
/xemu/include/hw/core/cpu.h:647:17: warning: 'TlsGetValue' redeclared without dllimport attribute: previous dllimport ignored [-Wattributes]
  647 | void *__stdcall TlsGetValue(unsigned long);
      |                 ^~~~~~~~~~~
/xemu/include/hw/core/cpu.h:648:15: warning: redundant redeclaration of 'TlsSetValue' [-Wredundant-decls]
  648 | int __stdcall TlsSetValue(unsigned long, void *);
      |               ^~~~~~~~~~~
/usr/local/mxe/usr/x86_64-w64-mingw32.static/include/processthreadsapi.h:324:29: note: previous declaration of 'TlsSetValue' with type 'WINBOOL(DWORD,  void *)' {aka 'int(long unsigned int,  void *)'}
  324 |   WINBASEAPI WINBOOL WINAPI TlsSetValue (DWORD dwTlsIndex, LPVOID lpTlsValue);
      |                             ^~~~~~~~~~~
/xemu/include/hw/core/cpu.h:648:15: warning: 'TlsSetValue' redeclared without dllimport attribute: previous dllimport ignored [-Wattributes]
  648 | int __stdcall TlsSetValue(unsigned long, void *);
      |               ^~~~~~~~~~~
[549/663] Compiling C object libqemu-i386-softmmu.a.p/target_i386_helper.c.obj
In file included from ../target/i386/cpu-qom.h:23,
                 from ../target/i386/cpu.h:24,
                 from ../target/i386/helper.c:22:
/xemu/include/hw/core/cpu.h:647:17: warning: redundant redeclaration of 'TlsGetValue' [-Wredundant-decls]
  647 | void *__stdcall TlsGetValue(unsigned long);
      |                 ^~~~~~~~~~~
In file included from /usr/local/mxe/usr/x86_64-w64-mingw32.static/include/winbase.h:29,
                 from /usr/local/mxe/usr/x86_64-w64-mingw32.static/include/windows.h:70,
                 from /usr/local/mxe/usr/x86_64-w64-mingw32.static/include/winsock2.h:23,
                 from /xemu/include/system/os-win32.h:29,
                 from /xemu/include/qemu/osdep.h:178,
                 from ../target/i386/helper.c:20:
/usr/local/mxe/usr/x86_64-w64-mingw32.static/include/processthreadsapi.h:323:28: note: previous declaration of 'TlsGetValue' with type 'void *(DWORD)' {aka 'void *(long unsigned int)'}
  323 |   WINBASEAPI LPVOID WINAPI TlsGetValue (DWORD dwTlsIndex);
      |                            ^~~~~~~~~~~
/xemu/include/hw/core/cpu.h:647:17: warning: 'TlsGetValue' redeclared without dllimport attribute: previous dllimport ignored [-Wattributes]
  647 | void *__stdcall TlsGetValue(unsigned long);
      |                 ^~~~~~~~~~~
/xemu/include/hw/core/cpu.h:648:15: warning: redundant redeclaration of 'TlsSetValue' [-Wredundant-decls]
  648 | int __stdcall TlsSetValue(unsigned long, void *);
      |               ^~~~~~~~~~~
/usr/local/mxe/usr/x86_64-w64-mingw32.static/include/processthreadsapi.h:324:29: note: previous declaration of 'TlsSetValue' with type 'WINBOOL(DWORD,  void *)' {aka 'int(long unsigned int,  void *)'}
  324 |   WINBASEAPI WINBOOL WINAPI TlsSetValue (DWORD dwTlsIndex, LPVOID lpTlsValue);
      |                             ^~~~~~~~~~~
/xemu/include/hw/core/cpu.h:648:15: warning: 'TlsSetValue' redeclared without dllimport attribute: previous dllimport ignored [-Wattributes]
  648 | int __stdcall TlsSetValue(unsigned long, void *);
      |               ^~~~~~~~~~~
[550/663] Compiling C object libqemu-i386-softmmu.a.p/target_i386_tcg_excp_helper.c.obj
In file included from ../target/i386/cpu-qom.h:23,
                 from ../target/i386/cpu.h:24,
                 from ../target/i386/tcg/excp_helper.c:21:
/xemu/include/hw/core/cpu.h:647:17: warning: redundant redeclaration of 'TlsGetValue' [-Wredundant-decls]
  647 | void *__stdcall TlsGetValue(unsigned long);
      |                 ^~~~~~~~~~~
In file included from /usr/local/mxe/usr/x86_64-w64-mingw32.static/include/winbase.h:29,
                 from /usr/local/mxe/usr/x86_64-w64-mingw32.static/include/windows.h:70,
                 from /usr/local/mxe/usr/x86_64-w64-mingw32.static/include/winsock2.h:23,
                 from /xemu/include/system/os-win32.h:29,
                 from /xemu/include/qemu/osdep.h:178,
                 from ../target/i386/tcg/excp_helper.c:20:
/usr/local/mxe/usr/x86_64-w64-mingw32.static/include/processthreadsapi.h:323:28: note: previous declaration of 'TlsGetValue' with type 'void *(DWORD)' {aka 'void *(long unsigned int)'}
  323 |   WINBASEAPI LPVOID WINAPI TlsGetValue (DWORD dwTlsIndex);
      |                            ^~~~~~~~~~~
/xemu/include/hw/core/cpu.h:647:17: warning: 'TlsGetValue' redeclared without dllimport attribute: previous dllimport ignored [-Wattributes]
  647 | void *__stdcall TlsGetValue(unsigned long);
      |                 ^~~~~~~~~~~
/xemu/include/hw/core/cpu.h:648:15: warning: redundant redeclaration of 'TlsSetValue' [-Wredundant-decls]
  648 | int __stdcall TlsSetValue(unsigned long, void *);
      |               ^~~~~~~~~~~
/usr/local/mxe/usr/x86_64-w64-mingw32.static/include/processthreadsapi.h:324:29: note: previous declaration of 'TlsSetValue' with type 'WINBOOL(DWORD,  void *)' {aka 'int(long unsigned int,  void *)'}
  324 |   WINBASEAPI WINBOOL WINAPI TlsSetValue (DWORD dwTlsIndex, LPVOID lpTlsValue);
      |                             ^~~~~~~~~~~
/xemu/include/hw/core/cpu.h:648:15: warning: 'TlsSetValue' redeclared without dllimport attribute: previous dllimport ignored [-Wattributes]
  648 | int __stdcall TlsSetValue(unsigned long, void *);
      |               ^~~~~~~~~~~
[551/663] Compiling C object libqemu-i386-softmmu.a.p/target_i386_tcg_mem_helper.c.obj
In file included from ../target/i386/cpu-qom.h:23,
                 from ../target/i386/cpu.h:24,
                 from ../target/i386/tcg/mem_helper.c:21:
/xemu/include/hw/core/cpu.h:647:17: warning: redundant redeclaration of 'TlsGetValue' [-Wredundant-decls]
  647 | void *__stdcall TlsGetValue(unsigned long);
      |                 ^~~~~~~~~~~
In file included from /usr/local/mxe/usr/x86_64-w64-mingw32.static/include/winbase.h:29,
                 from /usr/local/mxe/usr/x86_64-w64-mingw32.static/include/windows.h:70,
                 from /usr/local/mxe/usr/x86_64-w64-mingw32.static/include/winsock2.h:23,
                 from /xemu/include/system/os-win32.h:29,
                 from /xemu/include/qemu/osdep.h:178,
                 from ../target/i386/tcg/mem_helper.c:20:
/usr/local/mxe/usr/x86_64-w64-mingw32.static/include/processthreadsapi.h:323:28: note: previous declaration of 'TlsGetValue' with type 'void *(DWORD)' {aka 'void *(long unsigned int)'}
  323 |   WINBASEAPI LPVOID WINAPI TlsGetValue (DWORD dwTlsIndex);
      |                            ^~~~~~~~~~~
/xemu/include/hw/core/cpu.h:647:17: warning: 'TlsGetValue' redeclared without dllimport attribute: previous dllimport ignored [-Wattributes]
  647 | void *__stdcall TlsGetValue(unsigned long);
      |                 ^~~~~~~~~~~
/xemu/include/hw/core/cpu.h:648:15: warning: redundant redeclaration of 'TlsSetValue' [-Wredundant-decls]
  648 | int __stdcall TlsSetValue(unsigned long, void *);
      |               ^~~~~~~~~~~
/usr/local/mxe/usr/x86_64-w64-mingw32.static/include/processthreadsapi.h:324:29: note: previous declaration of 'TlsSetValue' with type 'WINBOOL(DWORD,  void *)' {aka 'int(long unsigned int,  void *)'}
  324 |   WINBASEAPI WINBOOL WINAPI TlsSetValue (DWORD dwTlsIndex, LPVOID lpTlsValue);
      |                             ^~~~~~~~~~~
/xemu/include/hw/core/cpu.h:648:15: warning: 'TlsSetValue' redeclared without dllimport attribute: previous dllimport ignored [-Wattributes]
  648 | int __stdcall TlsSetValue(unsigned long, void *);
      |               ^~~~~~~~~~~
In file included from ../target/i386/tcg/mem_helper.c:26:
/xemu/include/tcg/tcg.h:484:17: warning: redundant redeclaration of 'TlsGetValue' [-Wredundant-decls]
  484 | void *__stdcall TlsGetValue(unsigned long);
      |                 ^~~~~~~~~~~
/usr/local/mxe/usr/x86_64-w64-mingw32.static/include/processthreadsapi.h:323:28: note: previous declaration of 'TlsGetValue' with type 'void *(long unsigned int)'
  323 |   WINBASEAPI LPVOID WINAPI TlsGetValue (DWORD dwTlsIndex);
      |                            ^~~~~~~~~~~
/xemu/include/tcg/tcg.h:485:15: warning: redundant redeclaration of 'TlsSetValue' [-Wredundant-decls]
  485 | int __stdcall TlsSetValue(unsigned long, void *);
      |               ^~~~~~~~~~~
/usr/local/mxe/usr/x86_64-w64-mingw32.static/include/processthreadsapi.h:324:29: note: previous declaration of 'TlsSetValue' with type 'int(long unsigned int,  void *)'
  324 |   WINBASEAPI WINBOOL WINAPI TlsSetValue (DWORD dwTlsIndex, LPVOID lpTlsValue);
      |                             ^~~~~~~~~~~
[552/663] Compiling C object libqemu-i386-softmmu.a.p/target_i386_tcg_int_helper.c.obj
In file included from ../target/i386/cpu-qom.h:23,
                 from ../target/i386/cpu.h:24,
                 from ../target/i386/tcg/int_helper.c:22:
/xemu/include/hw/core/cpu.h:647:17: warning: redundant redeclaration of 'TlsGetValue' [-Wredundant-decls]
  647 | void *__stdcall TlsGetValue(unsigned long);
      |                 ^~~~~~~~~~~
In file included from /usr/local/mxe/usr/x86_64-w64-mingw32.static/include/winbase.h:29,
                 from /usr/local/mxe/usr/x86_64-w64-mingw32.static/include/windows.h:70,
                 from /usr/local/mxe/usr/x86_64-w64-mingw32.static/include/winsock2.h:23,
                 from /xemu/include/system/os-win32.h:29,
                 from /xemu/include/qemu/osdep.h:178,
                 from ../target/i386/tcg/int_helper.c:20:
/usr/local/mxe/usr/x86_64-w64-mingw32.static/include/processthreadsapi.h:323:28: note: previous declaration of 'TlsGetValue' with type 'void *(DWORD)' {aka 'void *(long unsigned int)'}
  323 |   WINBASEAPI LPVOID WINAPI TlsGetValue (DWORD dwTlsIndex);
      |                            ^~~~~~~~~~~
/xemu/include/hw/core/cpu.h:647:17: warning: 'TlsGetValue' redeclared without dllimport attribute: previous dllimport ignored [-Wattributes]
  647 | void *__stdcall TlsGetValue(unsigned long);
      |                 ^~~~~~~~~~~
/xemu/include/hw/core/cpu.h:648:15: warning: redundant redeclaration of 'TlsSetValue' [-Wredundant-decls]
  648 | int __stdcall TlsSetValue(unsigned long, void *);
      |               ^~~~~~~~~~~
/usr/local/mxe/usr/x86_64-w64-mingw32.static/include/processthreadsapi.h:324:29: note: previous declaration of 'TlsSetValue' with type 'WINBOOL(DWORD,  void *)' {aka 'int(long unsigned int,  void *)'}
  324 |   WINBASEAPI WINBOOL WINAPI TlsSetValue (DWORD dwTlsIndex, LPVOID lpTlsValue);
      |                             ^~~~~~~~~~~
/xemu/include/hw/core/cpu.h:648:15: warning: 'TlsSetValue' redeclared without dllimport attribute: previous dllimport ignored [-Wattributes]
  648 | int __stdcall TlsSetValue(unsigned long, void *);
      |               ^~~~~~~~~~~
[553/663] Compiling C object libqemu-i386-softmmu.a.p/target_i386_tcg_misc_helper.c.obj
In file included from ../target/i386/cpu-qom.h:23,
                 from ../target/i386/cpu.h:24,
                 from ../target/i386/tcg/misc_helper.c:22:
/xemu/include/hw/core/cpu.h:647:17: warning: redundant redeclaration of 'TlsGetValue' [-Wredundant-decls]
  647 | void *__stdcall TlsGetValue(unsigned long);
      |                 ^~~~~~~~~~~
In file included from /usr/local/mxe/usr/x86_64-w64-mingw32.static/include/winbase.h:29,
                 from /usr/local/mxe/usr/x86_64-w64-mingw32.static/include/windows.h:70,
                 from /usr/local/mxe/usr/x86_64-w64-mingw32.static/include/winsock2.h:23,
                 from /xemu/include/system/os-win32.h:29,
                 from /xemu/include/qemu/osdep.h:178,
                 from ../target/i386/tcg/misc_helper.c:20:
/usr/local/mxe/usr/x86_64-w64-mingw32.static/include/processthreadsapi.h:323:28: note: previous declaration of 'TlsGetValue' with type 'void *(DWORD)' {aka 'void *(long unsigned int)'}
  323 |   WINBASEAPI LPVOID WINAPI TlsGetValue (DWORD dwTlsIndex);
      |                            ^~~~~~~~~~~
/xemu/include/hw/core/cpu.h:647:17: warning: 'TlsGetValue' redeclared without dllimport attribute: previous dllimport ignored [-Wattributes]
  647 | void *__stdcall TlsGetValue(unsigned long);
      |                 ^~~~~~~~~~~
/xemu/include/hw/core/cpu.h:648:15: warning: redundant redeclaration of 'TlsSetValue' [-Wredundant-decls]
  648 | int __stdcall TlsSetValue(unsigned long, void *);
      |               ^~~~~~~~~~~
/usr/local/mxe/usr/x86_64-w64-mingw32.static/include/processthreadsapi.h:324:29: note: previous declaration of 'TlsSetValue' with type 'WINBOOL(DWORD,  void *)' {aka 'int(long unsigned int,  void *)'}
  324 |   WINBASEAPI WINBOOL WINAPI TlsSetValue (DWORD dwTlsIndex, LPVOID lpTlsValue);
      |                             ^~~~~~~~~~~
/xemu/include/hw/core/cpu.h:648:15: warning: 'TlsSetValue' redeclared without dllimport attribute: previous dllimport ignored [-Wattributes]
  648 | int __stdcall TlsSetValue(unsigned long, void *);
      |               ^~~~~~~~~~~
[554/663] Compiling C object libqemu-i386-softmmu.a.p/target_i386_tcg_mpx_helper.c.obj
In file included from ../target/i386/cpu-qom.h:23,
                 from ../target/i386/cpu.h:24,
                 from ../target/i386/tcg/mpx_helper.c:21:
/xemu/include/hw/core/cpu.h:647:17: warning: redundant redeclaration of 'TlsGetValue' [-Wredundant-decls]
  647 | void *__stdcall TlsGetValue(unsigned long);
      |                 ^~~~~~~~~~~
In file included from /usr/local/mxe/usr/x86_64-w64-mingw32.static/include/winbase.h:29,
                 from /usr/local/mxe/usr/x86_64-w64-mingw32.static/include/windows.h:70,
                 from /usr/local/mxe/usr/x86_64-w64-mingw32.static/include/winsock2.h:23,
                 from /xemu/include/system/os-win32.h:29,
                 from /xemu/include/qemu/osdep.h:178,
                 from ../target/i386/tcg/mpx_helper.c:20:
/usr/local/mxe/usr/x86_64-w64-mingw32.static/include/processthreadsapi.h:323:28: note: previous declaration of 'TlsGetValue' with type 'void *(DWORD)' {aka 'void *(long unsigned int)'}
  323 |   WINBASEAPI LPVOID WINAPI TlsGetValue (DWORD dwTlsIndex);
      |                            ^~~~~~~~~~~
/xemu/include/hw/core/cpu.h:647:17: warning: 'TlsGetValue' redeclared without dllimport attribute: previous dllimport ignored [-Wattributes]
  647 | void *__stdcall TlsGetValue(unsigned long);
      |                 ^~~~~~~~~~~
/xemu/include/hw/core/cpu.h:648:15: warning: redundant redeclaration of 'TlsSetValue' [-Wredundant-decls]
  648 | int __stdcall TlsSetValue(unsigned long, void *);
      |               ^~~~~~~~~~~
/usr/local/mxe/usr/x86_64-w64-mingw32.static/include/processthreadsapi.h:324:29: note: previous declaration of 'TlsSetValue' with type 'WINBOOL(DWORD,  void *)' {aka 'int(long unsigned int,  void *)'}
  324 |   WINBASEAPI WINBOOL WINAPI TlsSetValue (DWORD dwTlsIndex, LPVOID lpTlsValue);
      |                             ^~~~~~~~~~~
/xemu/include/hw/core/cpu.h:648:15: warning: 'TlsSetValue' redeclared without dllimport attribute: previous dllimport ignored [-Wattributes]
  648 | int __stdcall TlsSetValue(unsigned long, void *);
      |               ^~~~~~~~~~~
[555/663] Compiling C object libqemu-i386-softmmu.a.p/target_i386_tcg_tcg-cpu.c.obj
In file included from ../target/i386/cpu-qom.h:23,
                 from ../target/i386/cpu.h:24,
                 from ../target/i386/tcg/tcg-cpu.c:21:
/xemu/include/hw/core/cpu.h:647:17: warning: redundant redeclaration of 'TlsGetValue' [-Wredundant-decls]
  647 | void *__stdcall TlsGetValue(unsigned long);
      |                 ^~~~~~~~~~~
In file included from /usr/local/mxe/usr/x86_64-w64-mingw32.static/include/winbase.h:29,
                 from /usr/local/mxe/usr/x86_64-w64-mingw32.static/include/windows.h:70,
                 from /usr/local/mxe/usr/x86_64-w64-mingw32.static/include/winsock2.h:23,
                 from /xemu/include/system/os-win32.h:29,
                 from /xemu/include/qemu/osdep.h:178,
                 from ../target/i386/tcg/tcg-cpu.c:20:
/usr/local/mxe/usr/x86_64-w64-mingw32.static/include/processthreadsapi.h:323:28: note: previous declaration of 'TlsGetValue' with type 'void *(DWORD)' {aka 'void *(long unsigned int)'}
  323 |   WINBASEAPI LPVOID WINAPI TlsGetValue (DWORD dwTlsIndex);
      |                            ^~~~~~~~~~~
/xemu/include/hw/core/cpu.h:647:17: warning: 'TlsGetValue' redeclared without dllimport attribute: previous dllimport ignored [-Wattributes]
  647 | void *__stdcall TlsGetValue(unsigned long);
      |                 ^~~~~~~~~~~
/xemu/include/hw/core/cpu.h:648:15: warning: redundant redeclaration of 'TlsSetValue' [-Wredundant-decls]
  648 | int __stdcall TlsSetValue(unsigned long, void *);
      |               ^~~~~~~~~~~
/usr/local/mxe/usr/x86_64-w64-mingw32.static/include/processthreadsapi.h:324:29: note: previous declaration of 'TlsSetValue' with type 'WINBOOL(DWORD,  void *)' {aka 'int(long unsigned int,  void *)'}
  324 |   WINBASEAPI WINBOOL WINAPI TlsSetValue (DWORD dwTlsIndex, LPVOID lpTlsValue);
      |                             ^~~~~~~~~~~
/xemu/include/hw/core/cpu.h:648:15: warning: 'TlsSetValue' redeclared without dllimport attribute: previous dllimport ignored [-Wattributes]
  648 | int __stdcall TlsSetValue(unsigned long, void *);
      |               ^~~~~~~~~~~
[556/663] Compiling C object libqemu-i386-softmmu.a.p/target_i386_cpu.c.obj
In file included from ../target/i386/cpu-qom.h:23,
                 from ../target/i386/cpu.h:24,
                 from ../target/i386/cpu.c:25:
/xemu/include/hw/core/cpu.h:647:17: warning: redundant redeclaration of 'TlsGetValue' [-Wredundant-decls]
  647 | void *__stdcall TlsGetValue(unsigned long);
      |                 ^~~~~~~~~~~
In file included from /usr/local/mxe/usr/x86_64-w64-mingw32.static/include/winbase.h:29,
                 from /usr/local/mxe/usr/x86_64-w64-mingw32.static/include/windows.h:70,
                 from /usr/local/mxe/usr/x86_64-w64-mingw32.static/include/winsock2.h:23,
                 from /xemu/include/system/os-win32.h:29,
                 from /xemu/include/qemu/osdep.h:178,
                 from ../target/i386/cpu.c:20:
/usr/local/mxe/usr/x86_64-w64-mingw32.static/include/processthreadsapi.h:323:28: note: previous declaration of 'TlsGetValue' with type 'void *(DWORD)' {aka 'void *(long unsigned int)'}
  323 |   WINBASEAPI LPVOID WINAPI TlsGetValue (DWORD dwTlsIndex);
      |                            ^~~~~~~~~~~
/xemu/include/hw/core/cpu.h:647:17: warning: 'TlsGetValue' redeclared without dllimport attribute: previous dllimport ignored [-Wattributes]
  647 | void *__stdcall TlsGetValue(unsigned long);
      |                 ^~~~~~~~~~~
/xemu/include/hw/core/cpu.h:648:15: warning: redundant redeclaration of 'TlsSetValue' [-Wredundant-decls]
  648 | int __stdcall TlsSetValue(unsigned long, void *);
      |               ^~~~~~~~~~~
/usr/local/mxe/usr/x86_64-w64-mingw32.static/include/processthreadsapi.h:324:29: note: previous declaration of 'TlsSetValue' with type 'WINBOOL(DWORD,  void *)' {aka 'int(long unsigned int,  void *)'}
  324 |   WINBASEAPI WINBOOL WINAPI TlsSetValue (DWORD dwTlsIndex, LPVOID lpTlsValue);
      |                             ^~~~~~~~~~~
/xemu/include/hw/core/cpu.h:648:15: warning: 'TlsSetValue' redeclared without dllimport attribute: previous dllimport ignored [-Wattributes]
  648 | int __stdcall TlsSetValue(unsigned long, void *);
      |               ^~~~~~~~~~~
[557/663] Compiling C object libqemu-i386-softmmu.a.p/hw_i386_kvm_xen-stubs.c.obj
In file included from /xemu/include/exec/cpu-common.h:13,
                 from /xemu/include/system/memory.h:17,
                 from /xemu/include/hw/sysbus.h:7,
                 from ../hw/i386/kvm/xen_evtchn.h:15,
                 from ../hw/i386/kvm/xen-stubs.c:16:
/xemu/include/hw/core/cpu.h:647:17: warning: redundant redeclaration of 'TlsGetValue' [-Wredundant-decls]
  647 | void *__stdcall TlsGetValue(unsigned long);
      |                 ^~~~~~~~~~~
In file included from /usr/local/mxe/usr/x86_64-w64-mingw32.static/include/winbase.h:29,
                 from /usr/local/mxe/usr/x86_64-w64-mingw32.static/include/windows.h:70,
                 from /usr/local/mxe/usr/x86_64-w64-mingw32.static/include/winsock2.h:23,
                 from /xemu/include/system/os-win32.h:29,
                 from /xemu/include/qemu/osdep.h:178,
                 from ../hw/i386/kvm/xen-stubs.c:12:
/usr/local/mxe/usr/x86_64-w64-mingw32.static/include/processthreadsapi.h:323:28: note: previous declaration of 'TlsGetValue' with type 'void *(DWORD)' {aka 'void *(long unsigned int)'}
  323 |   WINBASEAPI LPVOID WINAPI TlsGetValue (DWORD dwTlsIndex);
      |                            ^~~~~~~~~~~
/xemu/include/hw/core/cpu.h:647:17: warning: 'TlsGetValue' redeclared without dllimport attribute: previous dllimport ignored [-Wattributes]
  647 | void *__stdcall TlsGetValue(unsigned long);
      |                 ^~~~~~~~~~~
/xemu/include/hw/core/cpu.h:648:15: warning: redundant redeclaration of 'TlsSetValue' [-Wredundant-decls]
  648 | int __stdcall TlsSetValue(unsigned long, void *);
      |               ^~~~~~~~~~~
/usr/local/mxe/usr/x86_64-w64-mingw32.static/include/processthreadsapi.h:324:29: note: previous declaration of 'TlsSetValue' with type 'WINBOOL(DWORD,  void *)' {aka 'int(long unsigned int,  void *)'}
  324 |   WINBASEAPI WINBOOL WINAPI TlsSetValue (DWORD dwTlsIndex, LPVOID lpTlsValue);
      |                             ^~~~~~~~~~~
/xemu/include/hw/core/cpu.h:648:15: warning: 'TlsSetValue' redeclared without dllimport attribute: previous dllimport ignored [-Wattributes]
  648 | int __stdcall TlsSetValue(unsigned long, void *);
      |               ^~~~~~~~~~~
[558/663] Compiling C object libqemu-i386-softmmu.a.p/hw_nvram_fw_cfg-acpi.c.obj
[559/663] Compiling C object libqemu-i386-softmmu.a.p/hw_intc_ioapic.c.obj
In file included from /xemu/include/exec/cpu-common.h:13,
                 from /xemu/include/system/memory.h:17,
                 from /xemu/include/hw/i386/x86.h:21,
                 from ../hw/intc/ioapic.c:27:
/xemu/include/hw/core/cpu.h:647:17: warning: redundant redeclaration of 'TlsGetValue' [-Wredundant-decls]
  647 | void *__stdcall TlsGetValue(unsigned long);
      |                 ^~~~~~~~~~~
In file included from /usr/local/mxe/usr/x86_64-w64-mingw32.static/include/winbase.h:29,
                 from /usr/local/mxe/usr/x86_64-w64-mingw32.static/include/windows.h:70,
                 from /usr/local/mxe/usr/x86_64-w64-mingw32.static/include/winsock2.h:23,
                 from /xemu/include/system/os-win32.h:29,
                 from /xemu/include/qemu/osdep.h:178,
                 from ../hw/intc/ioapic.c:23:
/usr/local/mxe/usr/x86_64-w64-mingw32.static/include/processthreadsapi.h:323:28: note: previous declaration of 'TlsGetValue' with type 'void *(DWORD)' {aka 'void *(long unsigned int)'}
  323 |   WINBASEAPI LPVOID WINAPI TlsGetValue (DWORD dwTlsIndex);
      |                            ^~~~~~~~~~~
/xemu/include/hw/core/cpu.h:647:17: warning: 'TlsGetValue' redeclared without dllimport attribute: previous dllimport ignored [-Wattributes]
  647 | void *__stdcall TlsGetValue(unsigned long);
      |                 ^~~~~~~~~~~
/xemu/include/hw/core/cpu.h:648:15: warning: redundant redeclaration of 'TlsSetValue' [-Wredundant-decls]
  648 | int __stdcall TlsSetValue(unsigned long, void *);
      |               ^~~~~~~~~~~
/usr/local/mxe/usr/x86_64-w64-mingw32.static/include/processthreadsapi.h:324:29: note: previous declaration of 'TlsSetValue' with type 'WINBOOL(DWORD,  void *)' {aka 'int(long unsigned int,  void *)'}
  324 |   WINBASEAPI WINBOOL WINAPI TlsSetValue (DWORD dwTlsIndex, LPVOID lpTlsValue);
      |                             ^~~~~~~~~~~
/xemu/include/hw/core/cpu.h:648:15: warning: 'TlsSetValue' redeclared without dllimport attribute: previous dllimport ignored [-Wattributes]
  648 | int __stdcall TlsSetValue(unsigned long, void *);
      |               ^~~~~~~~~~~
[560/663] Compiling C object libqemu-i386-softmmu.a.p/hw_xbox_smbus_cx25871.c.obj
[561/663] Compiling C object libqemu-i386-softmmu.a.p/hw_xbox_amd_smbus.c.obj
In file included from /xemu/include/exec/cpu-common.h:13,
                 from /xemu/include/system/memory.h:17,
                 from /xemu/include/hw/boards.h:6,
                 from /xemu/include/hw/i386/pc.h:7,
                 from ../hw/xbox/amd_smbus.c:27:
/xemu/include/hw/core/cpu.h:647:17: warning: redundant redeclaration of 'TlsGetValue' [-Wredundant-decls]
  647 | void *__stdcall TlsGetValue(unsigned long);
      |                 ^~~~~~~~~~~
In file included from /usr/local/mxe/usr/x86_64-w64-mingw32.static/include/winbase.h:29,
                 from /usr/local/mxe/usr/x86_64-w64-mingw32.static/include/windows.h:70,
                 from /usr/local/mxe/usr/x86_64-w64-mingw32.static/include/winsock2.h:23,
                 from /xemu/include/system/os-win32.h:29,
                 from /xemu/include/qemu/osdep.h:178,
                 from ../hw/xbox/amd_smbus.c:25:
/usr/local/mxe/usr/x86_64-w64-mingw32.static/include/processthreadsapi.h:323:28: note: previous declaration of 'TlsGetValue' with type 'void *(DWORD)' {aka 'void *(long unsigned int)'}
  323 |   WINBASEAPI LPVOID WINAPI TlsGetValue (DWORD dwTlsIndex);
      |                            ^~~~~~~~~~~
/xemu/include/hw/core/cpu.h:647:17: warning: 'TlsGetValue' redeclared without dllimport attribute: previous dllimport ignored [-Wattributes]
  647 | void *__stdcall TlsGetValue(unsigned long);
      |                 ^~~~~~~~~~~
/xemu/include/hw/core/cpu.h:648:15: warning: redundant redeclaration of 'TlsSetValue' [-Wredundant-decls]
  648 | int __stdcall TlsSetValue(unsigned long, void *);
      |               ^~~~~~~~~~~
/usr/local/mxe/usr/x86_64-w64-mingw32.static/include/processthreadsapi.h:324:29: note: previous declaration of 'TlsSetValue' with type 'WINBOOL(DWORD,  void *)' {aka 'int(long unsigned int,  void *)'}
  324 |   WINBASEAPI WINBOOL WINAPI TlsSetValue (DWORD dwTlsIndex, LPVOID lpTlsValue);
      |                             ^~~~~~~~~~~
/xemu/include/hw/core/cpu.h:648:15: warning: 'TlsSetValue' redeclared without dllimport attribute: previous dllimport ignored [-Wattributes]
  648 | int __stdcall TlsSetValue(unsigned long, void *);
      |               ^~~~~~~~~~~
[562/663] Compiling C object libqemu-i386-softmmu.a.p/hw_xbox_acpi_xbox.c.obj
In file included from /xemu/include/exec/cpu-common.h:13,
                 from /xemu/include/system/memory.h:17,
                 from /xemu/include/hw/boards.h:6,
                 from /xemu/include/hw/i386/pc.h:7,
                 from ../hw/xbox/acpi_xbox.c:24:
/xemu/include/hw/core/cpu.h:647:17: warning: redundant redeclaration of 'TlsGetValue' [-Wredundant-decls]
  647 | void *__stdcall TlsGetValue(unsigned long);
      |                 ^~~~~~~~~~~
In file included from /usr/local/mxe/usr/x86_64-w64-mingw32.static/include/winbase.h:29,
                 from /usr/local/mxe/usr/x86_64-w64-mingw32.static/include/windows.h:70,
                 from /usr/local/mxe/usr/x86_64-w64-mingw32.static/include/winsock2.h:23,
                 from /xemu/include/system/os-win32.h:29,
                 from /xemu/include/qemu/osdep.h:178,
                 from ../hw/xbox/acpi_xbox.c:21:
/usr/local/mxe/usr/x86_64-w64-mingw32.static/include/processthreadsapi.h:323:28: note: previous declaration of 'TlsGetValue' with type 'void *(DWORD)' {aka 'void *(long unsigned int)'}
  323 |   WINBASEAPI LPVOID WINAPI TlsGetValue (DWORD dwTlsIndex);
      |                            ^~~~~~~~~~~
/xemu/include/hw/core/cpu.h:647:17: warning: 'TlsGetValue' redeclared without dllimport attribute: previous dllimport ignored [-Wattributes]
  647 | void *__stdcall TlsGetValue(unsigned long);
      |                 ^~~~~~~~~~~
/xemu/include/hw/core/cpu.h:648:15: warning: redundant redeclaration of 'TlsSetValue' [-Wredundant-decls]
  648 | int __stdcall TlsSetValue(unsigned long, void *);
      |               ^~~~~~~~~~~
/usr/local/mxe/usr/x86_64-w64-mingw32.static/include/processthreadsapi.h:324:29: note: previous declaration of 'TlsSetValue' with type 'WINBOOL(DWORD,  void *)' {aka 'int(long unsigned int,  void *)'}
  324 |   WINBASEAPI WINBOOL WINAPI TlsSetValue (DWORD dwTlsIndex, LPVOID lpTlsValue);
      |                             ^~~~~~~~~~~
/xemu/include/hw/core/cpu.h:648:15: warning: 'TlsSetValue' redeclared without dllimport attribute: previous dllimport ignored [-Wattributes]
  648 | int __stdcall TlsSetValue(unsigned long, void *);
      |               ^~~~~~~~~~~
[563/663] Compiling C object libqemu-i386-softmmu.a.p/hw_xbox_eeprom_generation.c.obj
[564/663] Compiling C object libqemu-i386-softmmu.a.p/hw_intc_apic_common.c.obj
In file included from ../target/i386/cpu-qom.h:23,
                 from ../target/i386/cpu.h:24,
                 from /xemu/include/hw/i386/apic_internal.h:24,
                 from ../hw/intc/apic_common.c:27:
/xemu/include/hw/core/cpu.h:647:17: warning: redundant redeclaration of 'TlsGetValue' [-Wredundant-decls]
  647 | void *__stdcall TlsGetValue(unsigned long);
      |                 ^~~~~~~~~~~
In file included from /usr/local/mxe/usr/x86_64-w64-mingw32.static/include/winbase.h:29,
                 from /usr/local/mxe/usr/x86_64-w64-mingw32.static/include/windows.h:70,
                 from /usr/local/mxe/usr/x86_64-w64-mingw32.static/include/winsock2.h:23,
                 from /xemu/include/system/os-win32.h:29,
                 from /xemu/include/qemu/osdep.h:178,
                 from ../hw/intc/apic_common.c:21:
/usr/local/mxe/usr/x86_64-w64-mingw32.static/include/processthreadsapi.h:323:28: note: previous declaration of 'TlsGetValue' with type 'void *(DWORD)' {aka 'void *(long unsigned int)'}
  323 |   WINBASEAPI LPVOID WINAPI TlsGetValue (DWORD dwTlsIndex);
      |                            ^~~~~~~~~~~
/xemu/include/hw/core/cpu.h:647:17: warning: 'TlsGetValue' redeclared without dllimport attribute: previous dllimport ignored [-Wattributes]
  647 | void *__stdcall TlsGetValue(unsigned long);
      |                 ^~~~~~~~~~~
/xemu/include/hw/core/cpu.h:648:15: warning: redundant redeclaration of 'TlsSetValue' [-Wredundant-decls]
  648 | int __stdcall TlsSetValue(unsigned long, void *);
      |               ^~~~~~~~~~~
/usr/local/mxe/usr/x86_64-w64-mingw32.static/include/processthreadsapi.h:324:29: note: previous declaration of 'TlsSetValue' with type 'WINBOOL(DWORD,  void *)' {aka 'int(long unsigned int,  void *)'}
  324 |   WINBASEAPI WINBOOL WINAPI TlsSetValue (DWORD dwTlsIndex, LPVOID lpTlsValue);
      |                             ^~~~~~~~~~~
/xemu/include/hw/core/cpu.h:648:15: warning: 'TlsSetValue' redeclared without dllimport attribute: previous dllimport ignored [-Wattributes]
  648 | int __stdcall TlsSetValue(unsigned long, void *);
      |               ^~~~~~~~~~~
[565/663] Compiling C object libqemu-i386-softmmu.a.p/hw_xbox_smbus_fs454.c.obj
[566/663] Compiling C object libqemu-i386-softmmu.a.p/hw_xbox_smbus_adm1032.c.obj
[567/663] Compiling C object libqemu-i386-softmmu.a.p/hw_xbox_smbus_storage.c.obj
In file included from /xemu/include/exec/cpu-common.h:13,
                 from /xemu/include/system/memory.h:17,
                 from /xemu/include/hw/sysbus.h:7,
                 from /xemu/include/hw/nvram/fw_cfg.h:6,
                 from /xemu/include/hw/loader.h:3,
                 from ../hw/xbox/smbus_storage.c:32:
/xemu/include/hw/core/cpu.h:647:17: warning: redundant redeclaration of 'TlsGetValue' [-Wredundant-decls]
  647 | void *__stdcall TlsGetValue(unsigned long);
      |                 ^~~~~~~~~~~
In file included from /usr/local/mxe/usr/x86_64-w64-mingw32.static/include/winbase.h:29,
                 from /usr/local/mxe/usr/x86_64-w64-mingw32.static/include/windows.h:70,
                 from /usr/local/mxe/usr/x86_64-w64-mingw32.static/include/winsock2.h:23,
                 from /xemu/include/system/os-win32.h:29,
                 from /xemu/include/qemu/osdep.h:178,
                 from ../hw/xbox/smbus_storage.c:25:
/usr/local/mxe/usr/x86_64-w64-mingw32.static/include/processthreadsapi.h:323:28: note: previous declaration of 'TlsGetValue' with type 'void *(DWORD)' {aka 'void *(long unsigned int)'}
  323 |   WINBASEAPI LPVOID WINAPI TlsGetValue (DWORD dwTlsIndex);
      |                            ^~~~~~~~~~~
/xemu/include/hw/core/cpu.h:647:17: warning: 'TlsGetValue' redeclared without dllimport attribute: previous dllimport ignored [-Wattributes]
  647 | void *__stdcall TlsGetValue(unsigned long);
      |                 ^~~~~~~~~~~
/xemu/include/hw/core/cpu.h:648:15: warning: redundant redeclaration of 'TlsSetValue' [-Wredundant-decls]
  648 | int __stdcall TlsSetValue(unsigned long, void *);
      |               ^~~~~~~~~~~
/usr/local/mxe/usr/x86_64-w64-mingw32.static/include/processthreadsapi.h:324:29: note: previous declaration of 'TlsSetValue' with type 'WINBOOL(DWORD,  void *)' {aka 'int(long unsigned int,  void *)'}
  324 |   WINBASEAPI WINBOOL WINAPI TlsSetValue (DWORD dwTlsIndex, LPVOID lpTlsValue);
      |                             ^~~~~~~~~~~
/xemu/include/hw/core/cpu.h:648:15: warning: 'TlsSetValue' redeclared without dllimport attribute: previous dllimport ignored [-Wattributes]
  648 | int __stdcall TlsSetValue(unsigned long, void *);
      |               ^~~~~~~~~~~
[568/663] Compiling C object libqemu-i386-softmmu.a.p/hw_xbox_smbus_xcalibur.c.obj
[569/663] Compiling C object libqemu-i386-softmmu.a.p/hw_xbox_lpc47m157.c.obj
In file included from /xemu/include/exec/cpu-common.h:13,
                 from /xemu/include/system/memory.h:17,
                 from /xemu/include/hw/char/serial.h:30,
                 from ../hw/xbox/lpc47m157.c:26:
/xemu/include/hw/core/cpu.h:647:17: warning: redundant redeclaration of 'TlsGetValue' [-Wredundant-decls]
  647 | void *__stdcall TlsGetValue(unsigned long);
      |                 ^~~~~~~~~~~
In file included from /usr/local/mxe/usr/x86_64-w64-mingw32.static/include/winbase.h:29,
                 from /usr/local/mxe/usr/x86_64-w64-mingw32.static/include/windows.h:70,
                 from /usr/local/mxe/usr/x86_64-w64-mingw32.static/include/winsock2.h:23,
                 from /xemu/include/system/os-win32.h:29,
                 from /xemu/include/qemu/osdep.h:178,
                 from ../hw/xbox/lpc47m157.c:21:
/usr/local/mxe/usr/x86_64-w64-mingw32.static/include/processthreadsapi.h:323:28: note: previous declaration of 'TlsGetValue' with type 'void *(DWORD)' {aka 'void *(long unsigned int)'}
  323 |   WINBASEAPI LPVOID WINAPI TlsGetValue (DWORD dwTlsIndex);
      |                            ^~~~~~~~~~~
/xemu/include/hw/core/cpu.h:647:17: warning: 'TlsGetValue' redeclared without dllimport attribute: previous dllimport ignored [-Wattributes]
  647 | void *__stdcall TlsGetValue(unsigned long);
      |                 ^~~~~~~~~~~
/xemu/include/hw/core/cpu.h:648:15: warning: redundant redeclaration of 'TlsSetValue' [-Wredundant-decls]
  648 | int __stdcall TlsSetValue(unsigned long, void *);
      |               ^~~~~~~~~~~
/usr/local/mxe/usr/x86_64-w64-mingw32.static/include/processthreadsapi.h:324:29: note: previous declaration of 'TlsSetValue' with type 'WINBOOL(DWORD,  void *)' {aka 'int(long unsigned int,  void *)'}
  324 |   WINBASEAPI WINBOOL WINAPI TlsSetValue (DWORD dwTlsIndex, LPVOID lpTlsValue);
      |                             ^~~~~~~~~~~
/xemu/include/hw/core/cpu.h:648:15: warning: 'TlsSetValue' redeclared without dllimport attribute: previous dllimport ignored [-Wattributes]
  648 | int __stdcall TlsSetValue(unsigned long, void *);
      |               ^~~~~~~~~~~
[570/663] Compiling C object libqemu-i386-softmmu.a.p/hw_intc_apic.c.obj
In file included from ../target/i386/cpu-qom.h:23,
                 from ../target/i386/cpu.h:24,
                 from /xemu/include/hw/i386/apic_internal.h:24,
                 from ../hw/intc/apic.c:22:
/xemu/include/hw/core/cpu.h:647:17: warning: redundant redeclaration of 'TlsGetValue' [-Wredundant-decls]
  647 | void *__stdcall TlsGetValue(unsigned long);
      |                 ^~~~~~~~~~~
In file included from /usr/local/mxe/usr/x86_64-w64-mingw32.static/include/winbase.h:29,
                 from /usr/local/mxe/usr/x86_64-w64-mingw32.static/include/windows.h:70,
                 from /usr/local/mxe/usr/x86_64-w64-mingw32.static/include/winsock2.h:23,
                 from /xemu/include/system/os-win32.h:29,
                 from /xemu/include/qemu/osdep.h:178,
                 from ../hw/intc/apic.c:19:
/usr/local/mxe/usr/x86_64-w64-mingw32.static/include/processthreadsapi.h:323:28: note: previous declaration of 'TlsGetValue' with type 'void *(DWORD)' {aka 'void *(long unsigned int)'}
  323 |   WINBASEAPI LPVOID WINAPI TlsGetValue (DWORD dwTlsIndex);
      |                            ^~~~~~~~~~~
/xemu/include/hw/core/cpu.h:647:17: warning: 'TlsGetValue' redeclared without dllimport attribute: previous dllimport ignored [-Wattributes]
  647 | void *__stdcall TlsGetValue(unsigned long);
      |                 ^~~~~~~~~~~
/xemu/include/hw/core/cpu.h:648:15: warning: redundant redeclaration of 'TlsSetValue' [-Wredundant-decls]
  648 | int __stdcall TlsSetValue(unsigned long, void *);
      |               ^~~~~~~~~~~
/usr/local/mxe/usr/x86_64-w64-mingw32.static/include/processthreadsapi.h:324:29: note: previous declaration of 'TlsSetValue' with type 'WINBOOL(DWORD,  void *)' {aka 'int(long unsigned int,  void *)'}
  324 |   WINBASEAPI WINBOOL WINAPI TlsSetValue (DWORD dwTlsIndex, LPVOID lpTlsValue);
      |                             ^~~~~~~~~~~
/xemu/include/hw/core/cpu.h:648:15: warning: 'TlsSetValue' redeclared without dllimport attribute: previous dllimport ignored [-Wattributes]
  648 | int __stdcall TlsSetValue(unsigned long, void *);
      |               ^~~~~~~~~~~
[571/663] Compiling C object libqemu-i386-softmmu.a.p/hw_xbox_smbus_xbox_smc.c.obj
In file included from /xemu/include/exec/cpu-common.h:13,
                 from /xemu/include/system/memory.h:17,
                 from /xemu/include/hw/acpi/acpi.h:24,
                 from ../hw/xbox/smbus_xbox_smc.c:29:
/xemu/include/hw/core/cpu.h:647:17: warning: redundant redeclaration of 'TlsGetValue' [-Wredundant-decls]
  647 | void *__stdcall TlsGetValue(unsigned long);
      |                 ^~~~~~~~~~~
In file included from /usr/local/mxe/usr/x86_64-w64-mingw32.static/include/winbase.h:29,
                 from /usr/local/mxe/usr/x86_64-w64-mingw32.static/include/windows.h:70,
                 from /usr/local/mxe/usr/x86_64-w64-mingw32.static/include/winsock2.h:23,
                 from /xemu/include/system/os-win32.h:29,
                 from /xemu/include/qemu/osdep.h:178,
                 from ../hw/xbox/smbus_xbox_smc.c:26:
/usr/local/mxe/usr/x86_64-w64-mingw32.static/include/processthreadsapi.h:323:28: note: previous declaration of 'TlsGetValue' with type 'void *(DWORD)' {aka 'void *(long unsigned int)'}
  323 |   WINBASEAPI LPVOID WINAPI TlsGetValue (DWORD dwTlsIndex);
      |                            ^~~~~~~~~~~
/xemu/include/hw/core/cpu.h:647:17: warning: 'TlsGetValue' redeclared without dllimport attribute: previous dllimport ignored [-Wattributes]
  647 | void *__stdcall TlsGetValue(unsigned long);
      |                 ^~~~~~~~~~~
/xemu/include/hw/core/cpu.h:648:15: warning: redundant redeclaration of 'TlsSetValue' [-Wredundant-decls]
  648 | int __stdcall TlsSetValue(unsigned long, void *);
      |               ^~~~~~~~~~~
/usr/local/mxe/usr/x86_64-w64-mingw32.static/include/processthreadsapi.h:324:29: note: previous declaration of 'TlsSetValue' with type 'WINBOOL(DWORD,  void *)' {aka 'int(long unsigned int,  void *)'}
  324 |   WINBASEAPI WINBOOL WINAPI TlsSetValue (DWORD dwTlsIndex, LPVOID lpTlsValue);
      |                             ^~~~~~~~~~~
/xemu/include/hw/core/cpu.h:648:15: warning: 'TlsSetValue' redeclared without dllimport attribute: previous dllimport ignored [-Wattributes]
  648 | int __stdcall TlsSetValue(unsigned long, void *);
      |               ^~~~~~~~~~~
[572/663] Compiling C object libqemu-i386-softmmu.a.p/hw_xbox_xbox_pci.c.obj
In file included from /xemu/include/exec/cpu-common.h:13,
                 from /xemu/include/system/memory.h:17,
                 from /xemu/include/hw/boards.h:6,
                 from /xemu/include/hw/i386/pc.h:7,
                 from ../hw/xbox/xbox_pci.c:23:
/xemu/include/hw/core/cpu.h:647:17: warning: redundant redeclaration of 'TlsGetValue' [-Wredundant-decls]
  647 | void *__stdcall TlsGetValue(unsigned long);
      |                 ^~~~~~~~~~~
In file included from /usr/local/mxe/usr/x86_64-w64-mingw32.static/include/winbase.h:29,
                 from /usr/local/mxe/usr/x86_64-w64-mingw32.static/include/windows.h:70,
                 from /usr/local/mxe/usr/x86_64-w64-mingw32.static/include/winsock2.h:23,
                 from /xemu/include/system/os-win32.h:29,
                 from /xemu/include/qemu/osdep.h:178,
                 from ../hw/xbox/xbox_pci.c:21:
/usr/local/mxe/usr/x86_64-w64-mingw32.static/include/processthreadsapi.h:323:28: note: previous declaration of 'TlsGetValue' with type 'void *(DWORD)' {aka 'void *(long unsigned int)'}
  323 |   WINBASEAPI LPVOID WINAPI TlsGetValue (DWORD dwTlsIndex);
      |                            ^~~~~~~~~~~
/xemu/include/hw/core/cpu.h:647:17: warning: 'TlsGetValue' redeclared without dllimport attribute: previous dllimport ignored [-Wattributes]
  647 | void *__stdcall TlsGetValue(unsigned long);
      |                 ^~~~~~~~~~~
/xemu/include/hw/core/cpu.h:648:15: warning: redundant redeclaration of 'TlsSetValue' [-Wredundant-decls]
  648 | int __stdcall TlsSetValue(unsigned long, void *);
      |               ^~~~~~~~~~~
/usr/local/mxe/usr/x86_64-w64-mingw32.static/include/processthreadsapi.h:324:29: note: previous declaration of 'TlsSetValue' with type 'WINBOOL(DWORD,  void *)' {aka 'int(long unsigned int,  void *)'}
  324 |   WINBASEAPI WINBOOL WINAPI TlsSetValue (DWORD dwTlsIndex, LPVOID lpTlsValue);
      |                             ^~~~~~~~~~~
/xemu/include/hw/core/cpu.h:648:15: warning: 'TlsSetValue' redeclared without dllimport attribute: previous dllimport ignored [-Wattributes]
  648 | int __stdcall TlsSetValue(unsigned long, void *);
      |               ^~~~~~~~~~~
[573/663] Compiling C object libqemu-i386-softmmu.a.p/hw_xbox_xblc.c.obj
In file included from /xemu/include/exec/cpu-common.h:13,
                 from /xemu/include/system/memory.h:17,
                 from /xemu/include/hw/usb.h:28,
                 from ../hw/xbox/xblc.c:25:
/xemu/include/hw/core/cpu.h:647:17: warning: redundant redeclaration of 'TlsGetValue' [-Wredundant-decls]
  647 | void *__stdcall TlsGetValue(unsigned long);
      |                 ^~~~~~~~~~~
In file included from /usr/local/mxe/usr/x86_64-w64-mingw32.static/include/winbase.h:29,
                 from /usr/local/mxe/usr/x86_64-w64-mingw32.static/include/windows.h:70,
                 from /usr/local/mxe/usr/x86_64-w64-mingw32.static/include/winsock2.h:23,
                 from /xemu/include/system/os-win32.h:29,
                 from /xemu/include/qemu/osdep.h:178,
                 from ../hw/xbox/xblc.c:21:
/usr/local/mxe/usr/x86_64-w64-mingw32.static/include/processthreadsapi.h:323:28: note: previous declaration of 'TlsGetValue' with type 'void *(DWORD)' {aka 'void *(long unsigned int)'}
  323 |   WINBASEAPI LPVOID WINAPI TlsGetValue (DWORD dwTlsIndex);
      |                            ^~~~~~~~~~~
/xemu/include/hw/core/cpu.h:647:17: warning: 'TlsGetValue' redeclared without dllimport attribute: previous dllimport ignored [-Wattributes]
  647 | void *__stdcall TlsGetValue(unsigned long);
      |                 ^~~~~~~~~~~
/xemu/include/hw/core/cpu.h:648:15: warning: redundant redeclaration of 'TlsSetValue' [-Wredundant-decls]
  648 | int __stdcall TlsSetValue(unsigned long, void *);
      |               ^~~~~~~~~~~
/usr/local/mxe/usr/x86_64-w64-mingw32.static/include/processthreadsapi.h:324:29: note: previous declaration of 'TlsSetValue' with type 'WINBOOL(DWORD,  void *)' {aka 'int(long unsigned int,  void *)'}
  324 |   WINBASEAPI WINBOOL WINAPI TlsSetValue (DWORD dwTlsIndex, LPVOID lpTlsValue);
      |                             ^~~~~~~~~~~
/xemu/include/hw/core/cpu.h:648:15: warning: 'TlsSetValue' redeclared without dllimport attribute: previous dllimport ignored [-Wattributes]
  648 | int __stdcall TlsSetValue(unsigned long, void *);
      |               ^~~~~~~~~~~
In file included from ../subprojects/SDL3-3.4.10/include/SDL3/SDL.h:35,
                 from ../hw/xbox/xblc.c:28:
../subprojects/SDL3-3.4.10/include/SDL3/SDL_assert.h:131:25: warning: redundant redeclaration of '__debugbreak' [-Wredundant-decls]
  131 |     extern void __cdecl __debugbreak(void);
      |                         ^~~~~~~~~~~~
In file included from /usr/local/mxe/usr/x86_64-w64-mingw32.static/include/vadefs.h:9,
                 from /usr/local/mxe/usr/x86_64-w64-mingw32.static/include/_mingw_stdarg.h:14,
                 from /usr/local/mxe/usr/x86_64-w64-mingw32.static/include/stdarg.h:140,
                 from /usr/local/mxe/usr/lib/gcc/x86_64-w64-mingw32.static/16.1.0/include/stdarg.h:1,
                 from /xemu/include/qemu/osdep.h:108:
/usr/local/mxe/usr/x86_64-w64-mingw32.static/include/_mingw.h:605:36: note: previous definition of '__debugbreak' with type 'void(void)'
  605 | __MINGW_INTRIN_INLINE void __cdecl __debugbreak(void)
      |                                    ^~~~~~~~~~~~
[574/663] Compiling C object libqemu-i386-softmmu.a.p/hw_xbox_xbox.c.obj
In file included from /xemu/include/exec/cpu-common.h:13,
                 from /xemu/include/system/memory.h:17,
                 from /xemu/include/hw/sysbus.h:7,
                 from /xemu/include/hw/nvram/fw_cfg.h:6,
                 from /xemu/include/hw/loader.h:3,
                 from ../hw/xbox/xbox.c:25:
/xemu/include/hw/core/cpu.h:647:17: warning: redundant redeclaration of 'TlsGetValue' [-Wredundant-decls]
  647 | void *__stdcall TlsGetValue(unsigned long);
      |                 ^~~~~~~~~~~
In file included from /usr/local/mxe/usr/x86_64-w64-mingw32.static/include/winbase.h:29,
                 from /usr/local/mxe/usr/x86_64-w64-mingw32.static/include/windows.h:70,
                 from /usr/local/mxe/usr/x86_64-w64-mingw32.static/include/winsock2.h:23,
                 from /xemu/include/system/os-win32.h:29,
                 from /xemu/include/qemu/osdep.h:178,
                 from ../hw/xbox/xbox.c:21:
/usr/local/mxe/usr/x86_64-w64-mingw32.static/include/processthreadsapi.h:323:28: note: previous declaration of 'TlsGetValue' with type 'void *(DWORD)' {aka 'void *(long unsigned int)'}
  323 |   WINBASEAPI LPVOID WINAPI TlsGetValue (DWORD dwTlsIndex);
      |                            ^~~~~~~~~~~
/xemu/include/hw/core/cpu.h:647:17: warning: 'TlsGetValue' redeclared without dllimport attribute: previous dllimport ignored [-Wattributes]
  647 | void *__stdcall TlsGetValue(unsigned long);
      |                 ^~~~~~~~~~~
/xemu/include/hw/core/cpu.h:648:15: warning: redundant redeclaration of 'TlsSetValue' [-Wredundant-decls]
  648 | int __stdcall TlsSetValue(unsigned long, void *);
      |               ^~~~~~~~~~~
/usr/local/mxe/usr/x86_64-w64-mingw32.static/include/processthreadsapi.h:324:29: note: previous declaration of 'TlsSetValue' with type 'WINBOOL(DWORD,  void *)' {aka 'int(long unsigned int,  void *)'}
  324 |   WINBASEAPI WINBOOL WINAPI TlsSetValue (DWORD dwTlsIndex, LPVOID lpTlsValue);
      |                             ^~~~~~~~~~~
/xemu/include/hw/core/cpu.h:648:15: warning: 'TlsSetValue' redeclared without dllimport attribute: previous dllimport ignored [-Wattributes]
  648 | int __stdcall TlsSetValue(unsigned long, void *);
      |               ^~~~~~~~~~~
[575/663] Compiling C object libqemu-i386-softmmu.a.p/hw_xbox_xid.c.obj
In file included from /xemu/include/exec/cpu-common.h:13,
                 from /xemu/include/system/memory.h:17,
                 from /xemu/include/hw/usb.h:28,
                 from ../hw/xbox/xid.h:29,
                 from ../hw/xbox/xid.c:22:
/xemu/include/hw/core/cpu.h:647:17: warning: redundant redeclaration of 'TlsGetValue' [-Wredundant-decls]
  647 | void *__stdcall TlsGetValue(unsigned long);
      |                 ^~~~~~~~~~~
In file included from /usr/local/mxe/usr/x86_64-w64-mingw32.static/include/winbase.h:29,
                 from /usr/local/mxe/usr/x86_64-w64-mingw32.static/include/windows.h:70,
                 from /usr/local/mxe/usr/x86_64-w64-mingw32.static/include/winsock2.h:23,
                 from /xemu/include/system/os-win32.h:29,
                 from /xemu/include/qemu/osdep.h:178,
                 from ../hw/xbox/xid.h:26:
/usr/local/mxe/usr/x86_64-w64-mingw32.static/include/processthreadsapi.h:323:28: note: previous declaration of 'TlsGetValue' with type 'void *(DWORD)' {aka 'void *(long unsigned int)'}
  323 |   WINBASEAPI LPVOID WINAPI TlsGetValue (DWORD dwTlsIndex);
      |                            ^~~~~~~~~~~
/xemu/include/hw/core/cpu.h:647:17: warning: 'TlsGetValue' redeclared without dllimport attribute: previous dllimport ignored [-Wattributes]
  647 | void *__stdcall TlsGetValue(unsigned long);
      |                 ^~~~~~~~~~~
/xemu/include/hw/core/cpu.h:648:15: warning: redundant redeclaration of 'TlsSetValue' [-Wredundant-decls]
  648 | int __stdcall TlsSetValue(unsigned long, void *);
      |               ^~~~~~~~~~~
/usr/local/mxe/usr/x86_64-w64-mingw32.static/include/processthreadsapi.h:324:29: note: previous declaration of 'TlsSetValue' with type 'WINBOOL(DWORD,  void *)' {aka 'int(long unsigned int,  void *)'}
  324 |   WINBASEAPI WINBOOL WINAPI TlsSetValue (DWORD dwTlsIndex, LPVOID lpTlsValue);
      |                             ^~~~~~~~~~~
/xemu/include/hw/core/cpu.h:648:15: warning: 'TlsSetValue' redeclared without dllimport attribute: previous dllimport ignored [-Wattributes]
  648 | int __stdcall TlsSetValue(unsigned long, void *);
      |               ^~~~~~~~~~~
In file included from ../subprojects/SDL3-3.4.10/include/SDL3/SDL.h:35,
                 from /xemu/ui/xemu-input.h:28,
                 from ../hw/xbox/xid.h:34:
../subprojects/SDL3-3.4.10/include/SDL3/SDL_assert.h:131:25: warning: redundant redeclaration of '__debugbreak' [-Wredundant-decls]
  131 |     extern void __cdecl __debugbreak(void);
      |                         ^~~~~~~~~~~~
In file included from /usr/local/mxe/usr/x86_64-w64-mingw32.static/include/vadefs.h:9,
                 from /usr/local/mxe/usr/x86_64-w64-mingw32.static/include/_mingw_stdarg.h:14,
                 from /usr/local/mxe/usr/x86_64-w64-mingw32.static/include/stdarg.h:140,
                 from /usr/local/mxe/usr/lib/gcc/x86_64-w64-mingw32.static/16.1.0/include/stdarg.h:1,
                 from /xemu/include/qemu/osdep.h:108:
/usr/local/mxe/usr/x86_64-w64-mingw32.static/include/_mingw.h:605:36: note: previous definition of '__debugbreak' with type 'void(void)'
  605 | __MINGW_INTRIN_INLINE void __cdecl __debugbreak(void)
      |                                    ^~~~~~~~~~~~
[576/663] Compiling C object libqemu-i386-softmmu.a.p/target_i386_tcg_seg_helper.c.obj
In file included from ../target/i386/cpu-qom.h:23,
                 from ../target/i386/cpu.h:24,
                 from ../target/i386/tcg/seg_helper.c:22:
/xemu/include/hw/core/cpu.h:647:17: warning: redundant redeclaration of 'TlsGetValue' [-Wredundant-decls]
  647 | void *__stdcall TlsGetValue(unsigned long);
      |                 ^~~~~~~~~~~
In file included from /usr/local/mxe/usr/x86_64-w64-mingw32.static/include/winbase.h:29,
                 from /usr/local/mxe/usr/x86_64-w64-mingw32.static/include/windows.h:70,
                 from /usr/local/mxe/usr/x86_64-w64-mingw32.static/include/winsock2.h:23,
                 from /xemu/include/system/os-win32.h:29,
                 from /xemu/include/qemu/osdep.h:178,
                 from ../target/i386/tcg/seg_helper.c:21:
/usr/local/mxe/usr/x86_64-w64-mingw32.static/include/processthreadsapi.h:323:28: note: previous declaration of 'TlsGetValue' with type 'void *(DWORD)' {aka 'void *(long unsigned int)'}
  323 |   WINBASEAPI LPVOID WINAPI TlsGetValue (DWORD dwTlsIndex);
      |                            ^~~~~~~~~~~
/xemu/include/hw/core/cpu.h:647:17: warning: 'TlsGetValue' redeclared without dllimport attribute: previous dllimport ignored [-Wattributes]
  647 | void *__stdcall TlsGetValue(unsigned long);
      |                 ^~~~~~~~~~~
/xemu/include/hw/core/cpu.h:648:15: warning: redundant redeclaration of 'TlsSetValue' [-Wredundant-decls]
  648 | int __stdcall TlsSetValue(unsigned long, void *);
      |               ^~~~~~~~~~~
/usr/local/mxe/usr/x86_64-w64-mingw32.static/include/processthreadsapi.h:324:29: note: previous declaration of 'TlsSetValue' with type 'WINBOOL(DWORD,  void *)' {aka 'int(long unsigned int,  void *)'}
  324 |   WINBASEAPI WINBOOL WINAPI TlsSetValue (DWORD dwTlsIndex, LPVOID lpTlsValue);
      |                             ^~~~~~~~~~~
/xemu/include/hw/core/cpu.h:648:15: warning: 'TlsSetValue' redeclared without dllimport attribute: previous dllimport ignored [-Wattributes]
  648 | int __stdcall TlsSetValue(unsigned long, void *);
      |               ^~~~~~~~~~~
[577/663] Compiling C object libqemu-i386-softmmu.a.p/hw_xbox_nv2a_pgraph_swizzle.c.obj
[578/663] Compiling C object libqemu-i386-softmmu.a.p/hw_xbox_xid-gamepad.c.obj
In file included from /xemu/include/exec/cpu-common.h:13,
                 from /xemu/include/system/memory.h:17,
                 from /xemu/include/hw/usb.h:28,
                 from ../hw/xbox/xid.h:29,
                 from ../hw/xbox/xid-gamepad.c:22:
/xemu/include/hw/core/cpu.h:647:17: warning: redundant redeclaration of 'TlsGetValue' [-Wredundant-decls]
  647 | void *__stdcall TlsGetValue(unsigned long);
      |                 ^~~~~~~~~~~
In file included from /usr/local/mxe/usr/x86_64-w64-mingw32.static/include/winbase.h:29,
                 from /usr/local/mxe/usr/x86_64-w64-mingw32.static/include/windows.h:70,
                 from /usr/local/mxe/usr/x86_64-w64-mingw32.static/include/winsock2.h:23,
                 from /xemu/include/system/os-win32.h:29,
                 from /xemu/include/qemu/osdep.h:178,
                 from ../hw/xbox/xid.h:26:
/usr/local/mxe/usr/x86_64-w64-mingw32.static/include/processthreadsapi.h:323:28: note: previous declaration of 'TlsGetValue' with type 'void *(DWORD)' {aka 'void *(long unsigned int)'}
  323 |   WINBASEAPI LPVOID WINAPI TlsGetValue (DWORD dwTlsIndex);
      |                            ^~~~~~~~~~~
/xemu/include/hw/core/cpu.h:647:17: warning: 'TlsGetValue' redeclared without dllimport attribute: previous dllimport ignored [-Wattributes]
  647 | void *__stdcall TlsGetValue(unsigned long);
      |                 ^~~~~~~~~~~
/xemu/include/hw/core/cpu.h:648:15: warning: redundant redeclaration of 'TlsSetValue' [-Wredundant-decls]
  648 | int __stdcall TlsSetValue(unsigned long, void *);
      |               ^~~~~~~~~~~
/usr/local/mxe/usr/x86_64-w64-mingw32.static/include/processthreadsapi.h:324:29: note: previous declaration of 'TlsSetValue' with type 'WINBOOL(DWORD,  void *)' {aka 'int(long unsigned int,  void *)'}
  324 |   WINBASEAPI WINBOOL WINAPI TlsSetValue (DWORD dwTlsIndex, LPVOID lpTlsValue);
      |                             ^~~~~~~~~~~
/xemu/include/hw/core/cpu.h:648:15: warning: 'TlsSetValue' redeclared without dllimport attribute: previous dllimport ignored [-Wattributes]
  648 | int __stdcall TlsSetValue(unsigned long, void *);
      |               ^~~~~~~~~~~
In file included from ../subprojects/SDL3-3.4.10/include/SDL3/SDL.h:35,
                 from /xemu/ui/xemu-input.h:28,
                 from ../hw/xbox/xid.h:34:
../subprojects/SDL3-3.4.10/include/SDL3/SDL_assert.h:131:25: warning: redundant redeclaration of '__debugbreak' [-Wredundant-decls]
  131 |     extern void __cdecl __debugbreak(void);
      |                         ^~~~~~~~~~~~
In file included from /usr/local/mxe/usr/x86_64-w64-mingw32.static/include/vadefs.h:9,
                 from /usr/local/mxe/usr/x86_64-w64-mingw32.static/include/_mingw_stdarg.h:14,
                 from /usr/local/mxe/usr/x86_64-w64-mingw32.static/include/stdarg.h:140,
                 from /usr/local/mxe/usr/lib/gcc/x86_64-w64-mingw32.static/16.1.0/include/stdarg.h:1,
                 from /xemu/include/qemu/osdep.h:108:
/usr/local/mxe/usr/x86_64-w64-mingw32.static/include/_mingw.h:605:36: note: previous definition of '__debugbreak' with type 'void(void)'
  605 | __MINGW_INTRIN_INLINE void __cdecl __debugbreak(void)
      |                                    ^~~~~~~~~~~~
[579/663] Compiling C object libqemu-i386-softmmu.a.p/hw_xbox_nv2a_pbus.c.obj
In file included from /xemu/include/exec/cpu-common.h:13,
                 from /xemu/include/system/memory.h:17,
                 from /xemu/include/system/ioport.h:27,
                 from /xemu/hw/display/vga_int.h:29,
                 from ../hw/xbox/nv2a/nv2a_int.h:37,
                 from ../hw/xbox/nv2a/pbus.c:22:
/xemu/include/hw/core/cpu.h:647:17: warning: redundant redeclaration of 'TlsGetValue' [-Wredundant-decls]
  647 | void *__stdcall TlsGetValue(unsigned long);
      |                 ^~~~~~~~~~~
In file included from /usr/local/mxe/usr/x86_64-w64-mingw32.static/include/winbase.h:29,
                 from /usr/local/mxe/usr/x86_64-w64-mingw32.static/include/windows.h:70,
                 from /usr/local/mxe/usr/x86_64-w64-mingw32.static/include/winsock2.h:23,
                 from /xemu/include/system/os-win32.h:29,
                 from /xemu/include/qemu/osdep.h:178,
                 from ../hw/xbox/nv2a/nv2a_int.h:27:
/usr/local/mxe/usr/x86_64-w64-mingw32.static/include/processthreadsapi.h:323:28: note: previous declaration of 'TlsGetValue' with type 'void *(DWORD)' {aka 'void *(long unsigned int)'}
  323 |   WINBASEAPI LPVOID WINAPI TlsGetValue (DWORD dwTlsIndex);
      |                            ^~~~~~~~~~~
/xemu/include/hw/core/cpu.h:647:17: warning: 'TlsGetValue' redeclared without dllimport attribute: previous dllimport ignored [-Wattributes]
  647 | void *__stdcall TlsGetValue(unsigned long);
      |                 ^~~~~~~~~~~
/xemu/include/hw/core/cpu.h:648:15: warning: redundant redeclaration of 'TlsSetValue' [-Wredundant-decls]
  648 | int __stdcall TlsSetValue(unsigned long, void *);
      |               ^~~~~~~~~~~
/usr/local/mxe/usr/x86_64-w64-mingw32.static/include/processthreadsapi.h:324:29: note: previous declaration of 'TlsSetValue' with type 'WINBOOL(DWORD,  void *)' {aka 'int(long unsigned int,  void *)'}
  324 |   WINBASEAPI WINBOOL WINAPI TlsSetValue (DWORD dwTlsIndex, LPVOID lpTlsValue);
      |                             ^~~~~~~~~~~
/xemu/include/hw/core/cpu.h:648:15: warning: 'TlsSetValue' redeclared without dllimport attribute: previous dllimport ignored [-Wattributes]
  648 | int __stdcall TlsSetValue(unsigned long, void *);
      |               ^~~~~~~~~~~
[580/663] Compiling C object libqemu-i386-softmmu.a.p/hw_xbox_nv2a_pcrtc.c.obj
In file included from /xemu/include/exec/cpu-common.h:13,
                 from /xemu/include/system/memory.h:17,
                 from /xemu/include/system/ioport.h:27,
                 from /xemu/hw/display/vga_int.h:29,
                 from ../hw/xbox/nv2a/nv2a_int.h:37,
                 from ../hw/xbox/nv2a/pcrtc.c:22:
/xemu/include/hw/core/cpu.h:647:17: warning: redundant redeclaration of 'TlsGetValue' [-Wredundant-decls]
  647 | void *__stdcall TlsGetValue(unsigned long);
      |                 ^~~~~~~~~~~
In file included from /usr/local/mxe/usr/x86_64-w64-mingw32.static/include/winbase.h:29,
                 from /usr/local/mxe/usr/x86_64-w64-mingw32.static/include/windows.h:70,
                 from /usr/local/mxe/usr/x86_64-w64-mingw32.static/include/winsock2.h:23,
                 from /xemu/include/system/os-win32.h:29,
                 from /xemu/include/qemu/osdep.h:178,
                 from ../hw/xbox/nv2a/nv2a_int.h:27:
/usr/local/mxe/usr/x86_64-w64-mingw32.static/include/processthreadsapi.h:323:28: note: previous declaration of 'TlsGetValue' with type 'void *(DWORD)' {aka 'void *(long unsigned int)'}
  323 |   WINBASEAPI LPVOID WINAPI TlsGetValue (DWORD dwTlsIndex);
      |                            ^~~~~~~~~~~
/xemu/include/hw/core/cpu.h:647:17: warning: 'TlsGetValue' redeclared without dllimport attribute: previous dllimport ignored [-Wattributes]
  647 | void *__stdcall TlsGetValue(unsigned long);
      |                 ^~~~~~~~~~~
/xemu/include/hw/core/cpu.h:648:15: warning: redundant redeclaration of 'TlsSetValue' [-Wredundant-decls]
  648 | int __stdcall TlsSetValue(unsigned long, void *);
      |               ^~~~~~~~~~~
/usr/local/mxe/usr/x86_64-w64-mingw32.static/include/processthreadsapi.h:324:29: note: previous declaration of 'TlsSetValue' with type 'WINBOOL(DWORD,  void *)' {aka 'int(long unsigned int,  void *)'}
  324 |   WINBASEAPI WINBOOL WINAPI TlsSetValue (DWORD dwTlsIndex, LPVOID lpTlsValue);
      |                             ^~~~~~~~~~~
/xemu/include/hw/core/cpu.h:648:15: warning: 'TlsSetValue' redeclared without dllimport attribute: previous dllimport ignored [-Wattributes]
  648 | int __stdcall TlsSetValue(unsigned long, void *);
      |               ^~~~~~~~~~~
[581/663] Compiling C object libqemu-i386-softmmu.a.p/target_i386_tcg_fpu_helper_hard.c.obj
In file included from ../target/i386/cpu-qom.h:23,
                 from ../target/i386/cpu.h:24,
                 from ../target/i386/tcg/fpu_helper.c:22,
                 from ../target/i386/tcg/fpu_helper_hard.c:3:
/xemu/include/hw/core/cpu.h:647:17: warning: redundant redeclaration of 'TlsGetValue' [-Wredundant-decls]
  647 | void *__stdcall TlsGetValue(unsigned long);
      |                 ^~~~~~~~~~~
In file included from /usr/local/mxe/usr/x86_64-w64-mingw32.static/include/winbase.h:29,
                 from /usr/local/mxe/usr/x86_64-w64-mingw32.static/include/windows.h:70,
                 from /usr/local/mxe/usr/x86_64-w64-mingw32.static/include/winsock2.h:23,
                 from /xemu/include/system/os-win32.h:29,
                 from /xemu/include/qemu/osdep.h:178,
                 from ../target/i386/tcg/fpu_helper.c:20:
/usr/local/mxe/usr/x86_64-w64-mingw32.static/include/processthreadsapi.h:323:28: note: previous declaration of 'TlsGetValue' with type 'void *(DWORD)' {aka 'void *(long unsigned int)'}
  323 |   WINBASEAPI LPVOID WINAPI TlsGetValue (DWORD dwTlsIndex);
      |                            ^~~~~~~~~~~
/xemu/include/hw/core/cpu.h:647:17: warning: 'TlsGetValue' redeclared without dllimport attribute: previous dllimport ignored [-Wattributes]
  647 | void *__stdcall TlsGetValue(unsigned long);
      |                 ^~~~~~~~~~~
/xemu/include/hw/core/cpu.h:648:15: warning: redundant redeclaration of 'TlsSetValue' [-Wredundant-decls]
  648 | int __stdcall TlsSetValue(unsigned long, void *);
      |               ^~~~~~~~~~~
/usr/local/mxe/usr/x86_64-w64-mingw32.static/include/processthreadsapi.h:324:29: note: previous declaration of 'TlsSetValue' with type 'WINBOOL(DWORD,  void *)' {aka 'int(long unsigned int,  void *)'}
  324 |   WINBASEAPI WINBOOL WINAPI TlsSetValue (DWORD dwTlsIndex, LPVOID lpTlsValue);
      |                             ^~~~~~~~~~~
/xemu/include/hw/core/cpu.h:648:15: warning: 'TlsSetValue' redeclared without dllimport attribute: previous dllimport ignored [-Wattributes]
  648 | int __stdcall TlsSetValue(unsigned long, void *);
      |               ^~~~~~~~~~~
[582/663] Compiling C object libqemu-i386-softmmu.a.p/hw_xbox_nv2a_pmc.c.obj
In file included from /xemu/include/exec/cpu-common.h:13,
                 from /xemu/include/system/memory.h:17,
                 from /xemu/include/system/ioport.h:27,
                 from /xemu/hw/display/vga_int.h:29,
                 from ../hw/xbox/nv2a/nv2a_int.h:37,
                 from ../hw/xbox/nv2a/pmc.c:22:
/xemu/include/hw/core/cpu.h:647:17: warning: redundant redeclaration of 'TlsGetValue' [-Wredundant-decls]
  647 | void *__stdcall TlsGetValue(unsigned long);
      |                 ^~~~~~~~~~~
In file included from /usr/local/mxe/usr/x86_64-w64-mingw32.static/include/winbase.h:29,
                 from /usr/local/mxe/usr/x86_64-w64-mingw32.static/include/windows.h:70,
                 from /usr/local/mxe/usr/x86_64-w64-mingw32.static/include/winsock2.h:23,
                 from /xemu/include/system/os-win32.h:29,
                 from /xemu/include/qemu/osdep.h:178,
                 from ../hw/xbox/nv2a/nv2a_int.h:27:
/usr/local/mxe/usr/x86_64-w64-mingw32.static/include/processthreadsapi.h:323:28: note: previous declaration of 'TlsGetValue' with type 'void *(DWORD)' {aka 'void *(long unsigned int)'}
  323 |   WINBASEAPI LPVOID WINAPI TlsGetValue (DWORD dwTlsIndex);
      |                            ^~~~~~~~~~~
/xemu/include/hw/core/cpu.h:647:17: warning: 'TlsGetValue' redeclared without dllimport attribute: previous dllimport ignored [-Wattributes]
  647 | void *__stdcall TlsGetValue(unsigned long);
      |                 ^~~~~~~~~~~
/xemu/include/hw/core/cpu.h:648:15: warning: redundant redeclaration of 'TlsSetValue' [-Wredundant-decls]
  648 | int __stdcall TlsSetValue(unsigned long, void *);
      |               ^~~~~~~~~~~
/usr/local/mxe/usr/x86_64-w64-mingw32.static/include/processthreadsapi.h:324:29: note: previous declaration of 'TlsSetValue' with type 'WINBOOL(DWORD,  void *)' {aka 'int(long unsigned int,  void *)'}
  324 |   WINBASEAPI WINBOOL WINAPI TlsSetValue (DWORD dwTlsIndex, LPVOID lpTlsValue);
      |                             ^~~~~~~~~~~
/xemu/include/hw/core/cpu.h:648:15: warning: 'TlsSetValue' redeclared without dllimport attribute: previous dllimport ignored [-Wattributes]
  648 | int __stdcall TlsSetValue(unsigned long, void *);
      |               ^~~~~~~~~~~
[583/663] Compiling C object libqemu-i386-softmmu.a.p/hw_xbox_nv2a_prmcio.c.obj
In file included from /xemu/include/exec/cpu-common.h:13,
                 from /xemu/include/system/memory.h:17,
                 from /xemu/include/system/ioport.h:27,
                 from /xemu/hw/display/vga_int.h:29,
                 from ../hw/xbox/nv2a/nv2a_int.h:37,
                 from ../hw/xbox/nv2a/prmcio.c:22:
/xemu/include/hw/core/cpu.h:647:17: warning: redundant redeclaration of 'TlsGetValue' [-Wredundant-decls]
  647 | void *__stdcall TlsGetValue(unsigned long);
      |                 ^~~~~~~~~~~
In file included from /usr/local/mxe/usr/x86_64-w64-mingw32.static/include/winbase.h:29,
                 from /usr/local/mxe/usr/x86_64-w64-mingw32.static/include/windows.h:70,
                 from /usr/local/mxe/usr/x86_64-w64-mingw32.static/include/winsock2.h:23,
                 from /xemu/include/system/os-win32.h:29,
                 from /xemu/include/qemu/osdep.h:178,
                 from ../hw/xbox/nv2a/nv2a_int.h:27:
/usr/local/mxe/usr/x86_64-w64-mingw32.static/include/processthreadsapi.h:323:28: note: previous declaration of 'TlsGetValue' with type 'void *(DWORD)' {aka 'void *(long unsigned int)'}
  323 |   WINBASEAPI LPVOID WINAPI TlsGetValue (DWORD dwTlsIndex);
      |                            ^~~~~~~~~~~
/xemu/include/hw/core/cpu.h:647:17: warning: 'TlsGetValue' redeclared without dllimport attribute: previous dllimport ignored [-Wattributes]
  647 | void *__stdcall TlsGetValue(unsigned long);
      |                 ^~~~~~~~~~~
/xemu/include/hw/core/cpu.h:648:15: warning: redundant redeclaration of 'TlsSetValue' [-Wredundant-decls]
  648 | int __stdcall TlsSetValue(unsigned long, void *);
      |               ^~~~~~~~~~~
/usr/local/mxe/usr/x86_64-w64-mingw32.static/include/processthreadsapi.h:324:29: note: previous declaration of 'TlsSetValue' with type 'WINBOOL(DWORD,  void *)' {aka 'int(long unsigned int,  void *)'}
  324 |   WINBASEAPI WINBOOL WINAPI TlsSetValue (DWORD dwTlsIndex, LPVOID lpTlsValue);
      |                             ^~~~~~~~~~~
/xemu/include/hw/core/cpu.h:648:15: warning: 'TlsSetValue' redeclared without dllimport attribute: previous dllimport ignored [-Wattributes]
  648 | int __stdcall TlsSetValue(unsigned long, void *);
      |               ^~~~~~~~~~~
[584/663] Compiling C object libqemu-i386-softmmu.a.p/hw_xbox_nv2a_prmdio.c.obj
In file included from /xemu/include/exec/cpu-common.h:13,
                 from /xemu/include/system/memory.h:17,
                 from /xemu/include/system/ioport.h:27,
                 from /xemu/hw/display/vga_int.h:29,
                 from ../hw/xbox/nv2a/nv2a_int.h:37,
                 from ../hw/xbox/nv2a/prmdio.c:20:
/xemu/include/hw/core/cpu.h:647:17: warning: redundant redeclaration of 'TlsGetValue' [-Wredundant-decls]
  647 | void *__stdcall TlsGetValue(unsigned long);
      |                 ^~~~~~~~~~~
In file included from /usr/local/mxe/usr/x86_64-w64-mingw32.static/include/winbase.h:29,
                 from /usr/local/mxe/usr/x86_64-w64-mingw32.static/include/windows.h:70,
                 from /usr/local/mxe/usr/x86_64-w64-mingw32.static/include/winsock2.h:23,
                 from /xemu/include/system/os-win32.h:29,
                 from /xemu/include/qemu/osdep.h:178,
                 from ../hw/xbox/nv2a/nv2a_int.h:27:
/usr/local/mxe/usr/x86_64-w64-mingw32.static/include/processthreadsapi.h:323:28: note: previous declaration of 'TlsGetValue' with type 'void *(DWORD)' {aka 'void *(long unsigned int)'}
  323 |   WINBASEAPI LPVOID WINAPI TlsGetValue (DWORD dwTlsIndex);
      |                            ^~~~~~~~~~~
/xemu/include/hw/core/cpu.h:647:17: warning: 'TlsGetValue' redeclared without dllimport attribute: previous dllimport ignored [-Wattributes]
  647 | void *__stdcall TlsGetValue(unsigned long);
      |                 ^~~~~~~~~~~
/xemu/include/hw/core/cpu.h:648:15: warning: redundant redeclaration of 'TlsSetValue' [-Wredundant-decls]
  648 | int __stdcall TlsSetValue(unsigned long, void *);
      |               ^~~~~~~~~~~
/usr/local/mxe/usr/x86_64-w64-mingw32.static/include/processthreadsapi.h:324:29: note: previous declaration of 'TlsSetValue' with type 'WINBOOL(DWORD,  void *)' {aka 'int(long unsigned int,  void *)'}
  324 |   WINBASEAPI WINBOOL WINAPI TlsSetValue (DWORD dwTlsIndex, LPVOID lpTlsValue);
      |                             ^~~~~~~~~~~
/xemu/include/hw/core/cpu.h:648:15: warning: 'TlsSetValue' redeclared without dllimport attribute: previous dllimport ignored [-Wattributes]
  648 | int __stdcall TlsSetValue(unsigned long, void *);
      |               ^~~~~~~~~~~
[585/663] Compiling C object libqemu-i386-softmmu.a.p/hw_xbox_nv2a_pfb.c.obj
In file included from /xemu/include/exec/cpu-common.h:13,
                 from /xemu/include/system/memory.h:17,
                 from /xemu/include/system/ioport.h:27,
                 from /xemu/hw/display/vga_int.h:29,
                 from ../hw/xbox/nv2a/nv2a_int.h:37,
                 from ../hw/xbox/nv2a/pfb.c:22:
/xemu/include/hw/core/cpu.h:647:17: warning: redundant redeclaration of 'TlsGetValue' [-Wredundant-decls]
  647 | void *__stdcall TlsGetValue(unsigned long);
      |                 ^~~~~~~~~~~
In file included from /usr/local/mxe/usr/x86_64-w64-mingw32.static/include/winbase.h:29,
                 from /usr/local/mxe/usr/x86_64-w64-mingw32.static/include/windows.h:70,
                 from /usr/local/mxe/usr/x86_64-w64-mingw32.static/include/winsock2.h:23,
                 from /xemu/include/system/os-win32.h:29,
                 from /xemu/include/qemu/osdep.h:178,
                 from ../hw/xbox/nv2a/nv2a_int.h:27:
/usr/local/mxe/usr/x86_64-w64-mingw32.static/include/processthreadsapi.h:323:28: note: previous declaration of 'TlsGetValue' with type 'void *(DWORD)' {aka 'void *(long unsigned int)'}
  323 |   WINBASEAPI LPVOID WINAPI TlsGetValue (DWORD dwTlsIndex);
      |                            ^~~~~~~~~~~
/xemu/include/hw/core/cpu.h:647:17: warning: 'TlsGetValue' redeclared without dllimport attribute: previous dllimport ignored [-Wattributes]
  647 | void *__stdcall TlsGetValue(unsigned long);
      |                 ^~~~~~~~~~~
/xemu/include/hw/core/cpu.h:648:15: warning: redundant redeclaration of 'TlsSetValue' [-Wredundant-decls]
  648 | int __stdcall TlsSetValue(unsigned long, void *);
      |               ^~~~~~~~~~~
/usr/local/mxe/usr/x86_64-w64-mingw32.static/include/processthreadsapi.h:324:29: note: previous declaration of 'TlsSetValue' with type 'WINBOOL(DWORD,  void *)' {aka 'int(long unsigned int,  void *)'}
  324 |   WINBASEAPI WINBOOL WINAPI TlsSetValue (DWORD dwTlsIndex, LPVOID lpTlsValue);
      |                             ^~~~~~~~~~~
/xemu/include/hw/core/cpu.h:648:15: warning: 'TlsSetValue' redeclared without dllimport attribute: previous dllimport ignored [-Wattributes]
  648 | int __stdcall TlsSetValue(unsigned long, void *);
      |               ^~~~~~~~~~~
[586/663] Compiling C object libqemu-i386-softmmu.a.p/hw_xbox_nv2a_nv2a.c.obj
In file included from /xemu/include/exec/cpu-common.h:13,
                 from /xemu/include/system/memory.h:17,
                 from /xemu/include/system/ioport.h:27,
                 from /xemu/hw/display/vga_int.h:29,
                 from /xemu/hw/xbox/nv2a/nv2a_int.h:37,
                 from ../hw/xbox/nv2a/nv2a.c:22:
/xemu/include/hw/core/cpu.h:647:17: warning: redundant redeclaration of 'TlsGetValue' [-Wredundant-decls]
  647 | void *__stdcall TlsGetValue(unsigned long);
      |                 ^~~~~~~~~~~
In file included from /usr/local/mxe/usr/x86_64-w64-mingw32.static/include/winbase.h:29,
                 from /usr/local/mxe/usr/x86_64-w64-mingw32.static/include/windows.h:70,
                 from /usr/local/mxe/usr/x86_64-w64-mingw32.static/include/winsock2.h:23,
                 from /xemu/include/system/os-win32.h:29,
                 from /xemu/include/qemu/osdep.h:178,
                 from /xemu/hw/xbox/nv2a/nv2a_int.h:27:
/usr/local/mxe/usr/x86_64-w64-mingw32.static/include/processthreadsapi.h:323:28: note: previous declaration of 'TlsGetValue' with type 'void *(DWORD)' {aka 'void *(long unsigned int)'}
  323 |   WINBASEAPI LPVOID WINAPI TlsGetValue (DWORD dwTlsIndex);
      |                            ^~~~~~~~~~~
/xemu/include/hw/core/cpu.h:647:17: warning: 'TlsGetValue' redeclared without dllimport attribute: previous dllimport ignored [-Wattributes]
  647 | void *__stdcall TlsGetValue(unsigned long);
      |                 ^~~~~~~~~~~
/xemu/include/hw/core/cpu.h:648:15: warning: redundant redeclaration of 'TlsSetValue' [-Wredundant-decls]
  648 | int __stdcall TlsSetValue(unsigned long, void *);
      |               ^~~~~~~~~~~
/usr/local/mxe/usr/x86_64-w64-mingw32.static/include/processthreadsapi.h:324:29: note: previous declaration of 'TlsSetValue' with type 'WINBOOL(DWORD,  void *)' {aka 'int(long unsigned int,  void *)'}
  324 |   WINBASEAPI WINBOOL WINAPI TlsSetValue (DWORD dwTlsIndex, LPVOID lpTlsValue);
      |                             ^~~~~~~~~~~
/xemu/include/hw/core/cpu.h:648:15: warning: 'TlsSetValue' redeclared without dllimport attribute: previous dllimport ignored [-Wattributes]
  648 | int __stdcall TlsSetValue(unsigned long, void *);
      |               ^~~~~~~~~~~
[587/663] Compiling C object libqemu-i386-softmmu.a.p/hw_xbox_nv2a_pfifo.c.obj
In file included from /xemu/include/exec/cpu-common.h:13,
                 from /xemu/include/system/memory.h:17,
                 from /xemu/include/system/ioport.h:27,
                 from /xemu/hw/display/vga_int.h:29,
                 from ../hw/xbox/nv2a/nv2a_int.h:37,
                 from ../hw/xbox/nv2a/pfifo.c:22:
/xemu/include/hw/core/cpu.h:647:17: warning: redundant redeclaration of 'TlsGetValue' [-Wredundant-decls]
  647 | void *__stdcall TlsGetValue(unsigned long);
      |                 ^~~~~~~~~~~
In file included from /usr/local/mxe/usr/x86_64-w64-mingw32.static/include/winbase.h:29,
                 from /usr/local/mxe/usr/x86_64-w64-mingw32.static/include/windows.h:70,
                 from /usr/local/mxe/usr/x86_64-w64-mingw32.static/include/winsock2.h:23,
                 from /xemu/include/system/os-win32.h:29,
                 from /xemu/include/qemu/osdep.h:178,
                 from ../hw/xbox/nv2a/nv2a_int.h:27:
/usr/local/mxe/usr/x86_64-w64-mingw32.static/include/processthreadsapi.h:323:28: note: previous declaration of 'TlsGetValue' with type 'void *(DWORD)' {aka 'void *(long unsigned int)'}
  323 |   WINBASEAPI LPVOID WINAPI TlsGetValue (DWORD dwTlsIndex);
      |                            ^~~~~~~~~~~
/xemu/include/hw/core/cpu.h:647:17: warning: 'TlsGetValue' redeclared without dllimport attribute: previous dllimport ignored [-Wattributes]
  647 | void *__stdcall TlsGetValue(unsigned long);
      |                 ^~~~~~~~~~~
/xemu/include/hw/core/cpu.h:648:15: warning: redundant redeclaration of 'TlsSetValue' [-Wredundant-decls]
  648 | int __stdcall TlsSetValue(unsigned long, void *);
      |               ^~~~~~~~~~~
/usr/local/mxe/usr/x86_64-w64-mingw32.static/include/processthreadsapi.h:324:29: note: previous declaration of 'TlsSetValue' with type 'WINBOOL(DWORD,  void *)' {aka 'int(long unsigned int,  void *)'}
  324 |   WINBASEAPI WINBOOL WINAPI TlsSetValue (DWORD dwTlsIndex, LPVOID lpTlsValue);
      |                             ^~~~~~~~~~~
/xemu/include/hw/core/cpu.h:648:15: warning: 'TlsSetValue' redeclared without dllimport attribute: previous dllimport ignored [-Wattributes]
  648 | int __stdcall TlsSetValue(unsigned long, void *);
      |               ^~~~~~~~~~~
[588/663] Compiling C object libqemu-i386-softmmu.a.p/hw_xbox_nv2a_pramdac.c.obj
In file included from /xemu/include/exec/cpu-common.h:13,
                 from /xemu/include/system/memory.h:17,
                 from /xemu/include/system/ioport.h:27,
                 from /xemu/hw/display/vga_int.h:29,
                 from ../hw/xbox/nv2a/nv2a_int.h:37,
                 from ../hw/xbox/nv2a/pramdac.c:22:
/xemu/include/hw/core/cpu.h:647:17: warning: redundant redeclaration of 'TlsGetValue' [-Wredundant-decls]
  647 | void *__stdcall TlsGetValue(unsigned long);
      |                 ^~~~~~~~~~~
In file included from /usr/local/mxe/usr/x86_64-w64-mingw32.static/include/winbase.h:29,
                 from /usr/local/mxe/usr/x86_64-w64-mingw32.static/include/windows.h:70,
                 from /usr/local/mxe/usr/x86_64-w64-mingw32.static/include/winsock2.h:23,
                 from /xemu/include/system/os-win32.h:29,
                 from /xemu/include/qemu/osdep.h:178,
                 from ../hw/xbox/nv2a/nv2a_int.h:27:
/usr/local/mxe/usr/x86_64-w64-mingw32.static/include/processthreadsapi.h:323:28: note: previous declaration of 'TlsGetValue' with type 'void *(DWORD)' {aka 'void *(long unsigned int)'}
  323 |   WINBASEAPI LPVOID WINAPI TlsGetValue (DWORD dwTlsIndex);
      |                            ^~~~~~~~~~~
/xemu/include/hw/core/cpu.h:647:17: warning: 'TlsGetValue' redeclared without dllimport attribute: previous dllimport ignored [-Wattributes]
  647 | void *__stdcall TlsGetValue(unsigned long);
      |                 ^~~~~~~~~~~
/xemu/include/hw/core/cpu.h:648:15: warning: redundant redeclaration of 'TlsSetValue' [-Wredundant-decls]
  648 | int __stdcall TlsSetValue(unsigned long, void *);
      |               ^~~~~~~~~~~
/usr/local/mxe/usr/x86_64-w64-mingw32.static/include/processthreadsapi.h:324:29: note: previous declaration of 'TlsSetValue' with type 'WINBOOL(DWORD,  void *)' {aka 'int(long unsigned int,  void *)'}
  324 |   WINBASEAPI WINBOOL WINAPI TlsSetValue (DWORD dwTlsIndex, LPVOID lpTlsValue);
      |                             ^~~~~~~~~~~
/xemu/include/hw/core/cpu.h:648:15: warning: 'TlsSetValue' redeclared without dllimport attribute: previous dllimport ignored [-Wattributes]
  648 | int __stdcall TlsSetValue(unsigned long, void *);
      |               ^~~~~~~~~~~
[589/663] Compiling C object libqemu-i386-softmmu.a.p/hw_xbox_nv2a_ptimer.c.obj
In file included from /xemu/include/exec/cpu-common.h:13,
                 from /xemu/include/system/memory.h:17,
                 from /xemu/include/system/ioport.h:27,
                 from /xemu/hw/display/vga_int.h:29,
                 from ../hw/xbox/nv2a/nv2a_int.h:37,
                 from ../hw/xbox/nv2a/ptimer.c:22:
/xemu/include/hw/core/cpu.h:647:17: warning: redundant redeclaration of 'TlsGetValue' [-Wredundant-decls]
  647 | void *__stdcall TlsGetValue(unsigned long);
      |                 ^~~~~~~~~~~
In file included from /usr/local/mxe/usr/x86_64-w64-mingw32.static/include/winbase.h:29,
                 from /usr/local/mxe/usr/x86_64-w64-mingw32.static/include/windows.h:70,
                 from /usr/local/mxe/usr/x86_64-w64-mingw32.static/include/winsock2.h:23,
                 from /xemu/include/system/os-win32.h:29,
                 from /xemu/include/qemu/osdep.h:178,
                 from ../hw/xbox/nv2a/nv2a_int.h:27:
/usr/local/mxe/usr/x86_64-w64-mingw32.static/include/processthreadsapi.h:323:28: note: previous declaration of 'TlsGetValue' with type 'void *(DWORD)' {aka 'void *(long unsigned int)'}
  323 |   WINBASEAPI LPVOID WINAPI TlsGetValue (DWORD dwTlsIndex);
      |                            ^~~~~~~~~~~
/xemu/include/hw/core/cpu.h:647:17: warning: 'TlsGetValue' redeclared without dllimport attribute: previous dllimport ignored [-Wattributes]
  647 | void *__stdcall TlsGetValue(unsigned long);
      |                 ^~~~~~~~~~~
/xemu/include/hw/core/cpu.h:648:15: warning: redundant redeclaration of 'TlsSetValue' [-Wredundant-decls]
  648 | int __stdcall TlsSetValue(unsigned long, void *);
      |               ^~~~~~~~~~~
/usr/local/mxe/usr/x86_64-w64-mingw32.static/include/processthreadsapi.h:324:29: note: previous declaration of 'TlsSetValue' with type 'WINBOOL(DWORD,  void *)' {aka 'int(long unsigned int,  void *)'}
  324 |   WINBASEAPI WINBOOL WINAPI TlsSetValue (DWORD dwTlsIndex, LPVOID lpTlsValue);
      |                             ^~~~~~~~~~~
/xemu/include/hw/core/cpu.h:648:15: warning: 'TlsSetValue' redeclared without dllimport attribute: previous dllimport ignored [-Wattributes]
  648 | int __stdcall TlsSetValue(unsigned long, void *);
      |               ^~~~~~~~~~~
[590/663] Compiling C object libqemu-i386-softmmu.a.p/hw_xbox_nv2a_stubs.c.obj
In file included from /xemu/include/exec/cpu-common.h:13,
                 from /xemu/include/system/memory.h:17,
                 from /xemu/include/system/ioport.h:27,
                 from /xemu/hw/display/vga_int.h:29,
                 from ../hw/xbox/nv2a/nv2a_int.h:37,
                 from ../hw/xbox/nv2a/stubs.c:22:
/xemu/include/hw/core/cpu.h:647:17: warning: redundant redeclaration of 'TlsGetValue' [-Wredundant-decls]
  647 | void *__stdcall TlsGetValue(unsigned long);
      |                 ^~~~~~~~~~~
In file included from /usr/local/mxe/usr/x86_64-w64-mingw32.static/include/winbase.h:29,
                 from /usr/local/mxe/usr/x86_64-w64-mingw32.static/include/windows.h:70,
                 from /usr/local/mxe/usr/x86_64-w64-mingw32.static/include/winsock2.h:23,
                 from /xemu/include/system/os-win32.h:29,
                 from /xemu/include/qemu/osdep.h:178,
                 from ../hw/xbox/nv2a/nv2a_int.h:27:
/usr/local/mxe/usr/x86_64-w64-mingw32.static/include/processthreadsapi.h:323:28: note: previous declaration of 'TlsGetValue' with type 'void *(DWORD)' {aka 'void *(long unsigned int)'}
  323 |   WINBASEAPI LPVOID WINAPI TlsGetValue (DWORD dwTlsIndex);
      |                            ^~~~~~~~~~~
/xemu/include/hw/core/cpu.h:647:17: warning: 'TlsGetValue' redeclared without dllimport attribute: previous dllimport ignored [-Wattributes]
  647 | void *__stdcall TlsGetValue(unsigned long);
      |                 ^~~~~~~~~~~
/xemu/include/hw/core/cpu.h:648:15: warning: redundant redeclaration of 'TlsSetValue' [-Wredundant-decls]
  648 | int __stdcall TlsSetValue(unsigned long, void *);
      |               ^~~~~~~~~~~
/usr/local/mxe/usr/x86_64-w64-mingw32.static/include/processthreadsapi.h:324:29: note: previous declaration of 'TlsSetValue' with type 'WINBOOL(DWORD,  void *)' {aka 'int(long unsigned int,  void *)'}
  324 |   WINBASEAPI WINBOOL WINAPI TlsSetValue (DWORD dwTlsIndex, LPVOID lpTlsValue);
      |                             ^~~~~~~~~~~
/xemu/include/hw/core/cpu.h:648:15: warning: 'TlsSetValue' redeclared without dllimport attribute: previous dllimport ignored [-Wattributes]
  648 | int __stdcall TlsSetValue(unsigned long, void *);
      |               ^~~~~~~~~~~
[591/663] Compiling C object libqemu-i386-softmmu.a.p/hw_xbox_nv2a_pvideo.c.obj
In file included from /xemu/include/exec/cpu-common.h:13,
                 from /xemu/include/system/memory.h:17,
                 from /xemu/include/system/ioport.h:27,
                 from /xemu/hw/display/vga_int.h:29,
                 from ../hw/xbox/nv2a/nv2a_int.h:37,
                 from ../hw/xbox/nv2a/pvideo.c:22:
/xemu/include/hw/core/cpu.h:647:17: warning: redundant redeclaration of 'TlsGetValue' [-Wredundant-decls]
  647 | void *__stdcall TlsGetValue(unsigned long);
      |                 ^~~~~~~~~~~
In file included from /usr/local/mxe/usr/x86_64-w64-mingw32.static/include/winbase.h:29,
                 from /usr/local/mxe/usr/x86_64-w64-mingw32.static/include/windows.h:70,
                 from /usr/local/mxe/usr/x86_64-w64-mingw32.static/include/winsock2.h:23,
                 from /xemu/include/system/os-win32.h:29,
                 from /xemu/include/qemu/osdep.h:178,
                 from ../hw/xbox/nv2a/nv2a_int.h:27:
/usr/local/mxe/usr/x86_64-w64-mingw32.static/include/processthreadsapi.h:323:28: note: previous declaration of 'TlsGetValue' with type 'void *(DWORD)' {aka 'void *(long unsigned int)'}
  323 |   WINBASEAPI LPVOID WINAPI TlsGetValue (DWORD dwTlsIndex);
      |                            ^~~~~~~~~~~
/xemu/include/hw/core/cpu.h:647:17: warning: 'TlsGetValue' redeclared without dllimport attribute: previous dllimport ignored [-Wattributes]
  647 | void *__stdcall TlsGetValue(unsigned long);
      |                 ^~~~~~~~~~~
/xemu/include/hw/core/cpu.h:648:15: warning: redundant redeclaration of 'TlsSetValue' [-Wredundant-decls]
  648 | int __stdcall TlsSetValue(unsigned long, void *);
      |               ^~~~~~~~~~~
/usr/local/mxe/usr/x86_64-w64-mingw32.static/include/processthreadsapi.h:324:29: note: previous declaration of 'TlsSetValue' with type 'WINBOOL(DWORD,  void *)' {aka 'int(long unsigned int,  void *)'}
  324 |   WINBASEAPI WINBOOL WINAPI TlsSetValue (DWORD dwTlsIndex, LPVOID lpTlsValue);
      |                             ^~~~~~~~~~~
/xemu/include/hw/core/cpu.h:648:15: warning: 'TlsSetValue' redeclared without dllimport attribute: previous dllimport ignored [-Wattributes]
  648 | int __stdcall TlsSetValue(unsigned long, void *);
      |               ^~~~~~~~~~~
[592/663] Compiling C object libqemu-i386-softmmu.a.p/hw_xbox_nv2a_prmvio.c.obj
In file included from /xemu/include/exec/cpu-common.h:13,
                 from /xemu/include/system/memory.h:17,
                 from /xemu/include/system/ioport.h:27,
                 from /xemu/hw/display/vga_int.h:29,
                 from ../hw/xbox/nv2a/nv2a_int.h:37,
                 from ../hw/xbox/nv2a/prmvio.c:22:
/xemu/include/hw/core/cpu.h:647:17: warning: redundant redeclaration of 'TlsGetValue' [-Wredundant-decls]
  647 | void *__stdcall TlsGetValue(unsigned long);
      |                 ^~~~~~~~~~~
In file included from /usr/local/mxe/usr/x86_64-w64-mingw32.static/include/winbase.h:29,
                 from /usr/local/mxe/usr/x86_64-w64-mingw32.static/include/windows.h:70,
                 from /usr/local/mxe/usr/x86_64-w64-mingw32.static/include/winsock2.h:23,
                 from /xemu/include/system/os-win32.h:29,
                 from /xemu/include/qemu/osdep.h:178,
                 from ../hw/xbox/nv2a/nv2a_int.h:27:
/usr/local/mxe/usr/x86_64-w64-mingw32.static/include/processthreadsapi.h:323:28: note: previous declaration of 'TlsGetValue' with type 'void *(DWORD)' {aka 'void *(long unsigned int)'}
  323 |   WINBASEAPI LPVOID WINAPI TlsGetValue (DWORD dwTlsIndex);
      |                            ^~~~~~~~~~~
/xemu/include/hw/core/cpu.h:647:17: warning: 'TlsGetValue' redeclared without dllimport attribute: previous dllimport ignored [-Wattributes]
  647 | void *__stdcall TlsGetValue(unsigned long);
      |                 ^~~~~~~~~~~
/xemu/include/hw/core/cpu.h:648:15: warning: redundant redeclaration of 'TlsSetValue' [-Wredundant-decls]
  648 | int __stdcall TlsSetValue(unsigned long, void *);
      |               ^~~~~~~~~~~
/usr/local/mxe/usr/x86_64-w64-mingw32.static/include/processthreadsapi.h:324:29: note: previous declaration of 'TlsSetValue' with type 'WINBOOL(DWORD,  void *)' {aka 'int(long unsigned int,  void *)'}
  324 |   WINBASEAPI WINBOOL WINAPI TlsSetValue (DWORD dwTlsIndex, LPVOID lpTlsValue);
      |                             ^~~~~~~~~~~
/xemu/include/hw/core/cpu.h:648:15: warning: 'TlsSetValue' redeclared without dllimport attribute: previous dllimport ignored [-Wattributes]
  648 | int __stdcall TlsSetValue(unsigned long, void *);
      |               ^~~~~~~~~~~
[593/663] Compiling C object libqemu-i386-softmmu.a.p/hw_xbox_nv2a_user.c.obj
In file included from /xemu/include/exec/cpu-common.h:13,
                 from /xemu/include/system/memory.h:17,
                 from /xemu/include/system/ioport.h:27,
                 from /xemu/hw/display/vga_int.h:29,
                 from ../hw/xbox/nv2a/nv2a_int.h:37,
                 from ../hw/xbox/nv2a/user.c:22:
/xemu/include/hw/core/cpu.h:647:17: warning: redundant redeclaration of 'TlsGetValue' [-Wredundant-decls]
  647 | void *__stdcall TlsGetValue(unsigned long);
      |                 ^~~~~~~~~~~
In file included from /usr/local/mxe/usr/x86_64-w64-mingw32.static/include/winbase.h:29,
                 from /usr/local/mxe/usr/x86_64-w64-mingw32.static/include/windows.h:70,
                 from /usr/local/mxe/usr/x86_64-w64-mingw32.static/include/winsock2.h:23,
                 from /xemu/include/system/os-win32.h:29,
                 from /xemu/include/qemu/osdep.h:178,
                 from ../hw/xbox/nv2a/nv2a_int.h:27:
/usr/local/mxe/usr/x86_64-w64-mingw32.static/include/processthreadsapi.h:323:28: note: previous declaration of 'TlsGetValue' with type 'void *(DWORD)' {aka 'void *(long unsigned int)'}
  323 |   WINBASEAPI LPVOID WINAPI TlsGetValue (DWORD dwTlsIndex);
      |                            ^~~~~~~~~~~
/xemu/include/hw/core/cpu.h:647:17: warning: 'TlsGetValue' redeclared without dllimport attribute: previous dllimport ignored [-Wattributes]
  647 | void *__stdcall TlsGetValue(unsigned long);
      |                 ^~~~~~~~~~~
/xemu/include/hw/core/cpu.h:648:15: warning: redundant redeclaration of 'TlsSetValue' [-Wredundant-decls]
  648 | int __stdcall TlsSetValue(unsigned long, void *);
      |               ^~~~~~~~~~~
/usr/local/mxe/usr/x86_64-w64-mingw32.static/include/processthreadsapi.h:324:29: note: previous declaration of 'TlsSetValue' with type 'WINBOOL(DWORD,  void *)' {aka 'int(long unsigned int,  void *)'}
  324 |   WINBASEAPI WINBOOL WINAPI TlsSetValue (DWORD dwTlsIndex, LPVOID lpTlsValue);
      |                             ^~~~~~~~~~~
/xemu/include/hw/core/cpu.h:648:15: warning: 'TlsSetValue' redeclared without dllimport attribute: previous dllimport ignored [-Wattributes]
  648 | int __stdcall TlsSetValue(unsigned long, void *);
      |               ^~~~~~~~~~~
[594/663] Compiling C object libqemu-i386-softmmu.a.p/hw_xbox_nv2a_pgraph_profile.c.obj
In file included from /xemu/include/exec/cpu-common.h:13,
                 from /xemu/include/system/memory.h:17,
                 from /xemu/include/system/ioport.h:27,
                 from /xemu/hw/display/vga_int.h:29,
                 from /xemu/hw/xbox/nv2a/nv2a_int.h:37,
                 from ../hw/xbox/nv2a/pgraph/profile.c:20:
/xemu/include/hw/core/cpu.h:647:17: warning: redundant redeclaration of 'TlsGetValue' [-Wredundant-decls]
  647 | void *__stdcall TlsGetValue(unsigned long);
      |                 ^~~~~~~~~~~
In file included from /usr/local/mxe/usr/x86_64-w64-mingw32.static/include/winbase.h:29,
                 from /usr/local/mxe/usr/x86_64-w64-mingw32.static/include/windows.h:70,
                 from /usr/local/mxe/usr/x86_64-w64-mingw32.static/include/winsock2.h:23,
                 from /xemu/include/system/os-win32.h:29,
                 from /xemu/include/qemu/osdep.h:178,
                 from /xemu/hw/xbox/nv2a/nv2a_int.h:27:
/usr/local/mxe/usr/x86_64-w64-mingw32.static/include/processthreadsapi.h:323:28: note: previous declaration of 'TlsGetValue' with type 'void *(DWORD)' {aka 'void *(long unsigned int)'}
  323 |   WINBASEAPI LPVOID WINAPI TlsGetValue (DWORD dwTlsIndex);
      |                            ^~~~~~~~~~~
/xemu/include/hw/core/cpu.h:647:17: warning: 'TlsGetValue' redeclared without dllimport attribute: previous dllimport ignored [-Wattributes]
  647 | void *__stdcall TlsGetValue(unsigned long);
      |                 ^~~~~~~~~~~
/xemu/include/hw/core/cpu.h:648:15: warning: redundant redeclaration of 'TlsSetValue' [-Wredundant-decls]
  648 | int __stdcall TlsSetValue(unsigned long, void *);
      |               ^~~~~~~~~~~
/usr/local/mxe/usr/x86_64-w64-mingw32.static/include/processthreadsapi.h:324:29: note: previous declaration of 'TlsSetValue' with type 'WINBOOL(DWORD,  void *)' {aka 'int(long unsigned int,  void *)'}
  324 |   WINBASEAPI WINBOOL WINAPI TlsSetValue (DWORD dwTlsIndex, LPVOID lpTlsValue);
      |                             ^~~~~~~~~~~
/xemu/include/hw/core/cpu.h:648:15: warning: 'TlsSetValue' redeclared without dllimport attribute: previous dllimport ignored [-Wattributes]
  648 | int __stdcall TlsSetValue(unsigned long, void *);
      |               ^~~~~~~~~~~
[595/663] Compiling C object libqemu-i386-softmmu.a.p/hw_xbox_nv2a_pgraph_rdi.c.obj
In file included from /xemu/include/exec/cpu-common.h:13,
                 from /xemu/include/system/memory.h:17,
                 from /xemu/include/system/ioport.h:27,
                 from /xemu/hw/display/vga_int.h:29,
                 from /xemu/hw/xbox/nv2a/nv2a_int.h:37,
                 from ../hw/xbox/nv2a/pgraph/rdi.c:22:
/xemu/include/hw/core/cpu.h:647:17: warning: redundant redeclaration of 'TlsGetValue' [-Wredundant-decls]
  647 | void *__stdcall TlsGetValue(unsigned long);
      |                 ^~~~~~~~~~~
In file included from /usr/local/mxe/usr/x86_64-w64-mingw32.static/include/winbase.h:29,
                 from /usr/local/mxe/usr/x86_64-w64-mingw32.static/include/windows.h:70,
                 from /usr/local/mxe/usr/x86_64-w64-mingw32.static/include/winsock2.h:23,
                 from /xemu/include/system/os-win32.h:29,
                 from /xemu/include/qemu/osdep.h:178,
                 from /xemu/hw/xbox/nv2a/nv2a_int.h:27:
/usr/local/mxe/usr/x86_64-w64-mingw32.static/include/processthreadsapi.h:323:28: note: previous declaration of 'TlsGetValue' with type 'void *(DWORD)' {aka 'void *(long unsigned int)'}
  323 |   WINBASEAPI LPVOID WINAPI TlsGetValue (DWORD dwTlsIndex);
      |                            ^~~~~~~~~~~
/xemu/include/hw/core/cpu.h:647:17: warning: 'TlsGetValue' redeclared without dllimport attribute: previous dllimport ignored [-Wattributes]
  647 | void *__stdcall TlsGetValue(unsigned long);
      |                 ^~~~~~~~~~~
/xemu/include/hw/core/cpu.h:648:15: warning: redundant redeclaration of 'TlsSetValue' [-Wredundant-decls]
  648 | int __stdcall TlsSetValue(unsigned long, void *);
      |               ^~~~~~~~~~~
/usr/local/mxe/usr/x86_64-w64-mingw32.static/include/processthreadsapi.h:324:29: note: previous declaration of 'TlsSetValue' with type 'WINBOOL(DWORD,  void *)' {aka 'int(long unsigned int,  void *)'}
  324 |   WINBASEAPI WINBOOL WINAPI TlsSetValue (DWORD dwTlsIndex, LPVOID lpTlsValue);
      |                             ^~~~~~~~~~~
/xemu/include/hw/core/cpu.h:648:15: warning: 'TlsSetValue' redeclared without dllimport attribute: previous dllimport ignored [-Wattributes]
  648 | int __stdcall TlsSetValue(unsigned long, void *);
      |               ^~~~~~~~~~~
[596/663] Compiling C object libqemu-i386-softmmu.a.p/hw_xbox_nv2a_pgraph_s3tc.c.obj
[597/663] Compiling C object libqemu-i386-softmmu.a.p/hw_xbox_nv2a_pgraph_vertex.c.obj
In file included from /xemu/include/exec/cpu-common.h:13,
                 from /xemu/include/system/memory.h:17,
                 from /xemu/include/system/ioport.h:27,
                 from /xemu/hw/display/vga_int.h:29,
                 from /xemu/hw/xbox/nv2a/nv2a_int.h:37,
                 from ../hw/xbox/nv2a/pgraph/vertex.c:22:
/xemu/include/hw/core/cpu.h:647:17: warning: redundant redeclaration of 'TlsGetValue' [-Wredundant-decls]
  647 | void *__stdcall TlsGetValue(unsigned long);
      |                 ^~~~~~~~~~~
In file included from /usr/local/mxe/usr/x86_64-w64-mingw32.static/include/winbase.h:29,
                 from /usr/local/mxe/usr/x86_64-w64-mingw32.static/include/windows.h:70,
                 from /usr/local/mxe/usr/x86_64-w64-mingw32.static/include/winsock2.h:23,
                 from /xemu/include/system/os-win32.h:29,
                 from /xemu/include/qemu/osdep.h:178,
                 from /xemu/hw/xbox/nv2a/nv2a_int.h:27:
/usr/local/mxe/usr/x86_64-w64-mingw32.static/include/processthreadsapi.h:323:28: note: previous declaration of 'TlsGetValue' with type 'void *(DWORD)' {aka 'void *(long unsigned int)'}
  323 |   WINBASEAPI LPVOID WINAPI TlsGetValue (DWORD dwTlsIndex);
      |                            ^~~~~~~~~~~
/xemu/include/hw/core/cpu.h:647:17: warning: 'TlsGetValue' redeclared without dllimport attribute: previous dllimport ignored [-Wattributes]
  647 | void *__stdcall TlsGetValue(unsigned long);
      |                 ^~~~~~~~~~~
/xemu/include/hw/core/cpu.h:648:15: warning: redundant redeclaration of 'TlsSetValue' [-Wredundant-decls]
  648 | int __stdcall TlsSetValue(unsigned long, void *);
      |               ^~~~~~~~~~~
/usr/local/mxe/usr/x86_64-w64-mingw32.static/include/processthreadsapi.h:324:29: note: previous declaration of 'TlsSetValue' with type 'WINBOOL(DWORD,  void *)' {aka 'int(long unsigned int,  void *)'}
  324 |   WINBASEAPI WINBOOL WINAPI TlsSetValue (DWORD dwTlsIndex, LPVOID lpTlsValue);
      |                             ^~~~~~~~~~~
/xemu/include/hw/core/cpu.h:648:15: warning: 'TlsSetValue' redeclared without dllimport attribute: previous dllimport ignored [-Wattributes]
  648 | int __stdcall TlsSetValue(unsigned long, void *);
      |               ^~~~~~~~~~~
[598/663] Compiling C object libqemu-i386-softmmu.a.p/hw_xbox_nv2a_pgraph_null_renderer.c.obj
In file included from /xemu/include/exec/cpu-common.h:13,
                 from /xemu/include/system/memory.h:17,
                 from /xemu/include/system/ioport.h:27,
                 from /xemu/hw/display/vga_int.h:29,
                 from /xemu/hw/xbox/nv2a/nv2a_int.h:37,
                 from ../hw/xbox/nv2a/pgraph/null/renderer.c:23:
/xemu/include/hw/core/cpu.h:647:17: warning: redundant redeclaration of 'TlsGetValue' [-Wredundant-decls]
  647 | void *__stdcall TlsGetValue(unsigned long);
      |                 ^~~~~~~~~~~
In file included from /usr/local/mxe/usr/x86_64-w64-mingw32.static/include/winbase.h:29,
                 from /usr/local/mxe/usr/x86_64-w64-mingw32.static/include/windows.h:70,
                 from /usr/local/mxe/usr/x86_64-w64-mingw32.static/include/winsock2.h:23,
                 from /xemu/include/system/os-win32.h:29,
                 from /xemu/include/qemu/osdep.h:178,
                 from ../hw/xbox/nv2a/pgraph/null/renderer.c:20:
/usr/local/mxe/usr/x86_64-w64-mingw32.static/include/processthreadsapi.h:323:28: note: previous declaration of 'TlsGetValue' with type 'void *(DWORD)' {aka 'void *(long unsigned int)'}
  323 |   WINBASEAPI LPVOID WINAPI TlsGetValue (DWORD dwTlsIndex);
      |                            ^~~~~~~~~~~
/xemu/include/hw/core/cpu.h:647:17: warning: 'TlsGetValue' redeclared without dllimport attribute: previous dllimport ignored [-Wattributes]
  647 | void *__stdcall TlsGetValue(unsigned long);
      |                 ^~~~~~~~~~~
/xemu/include/hw/core/cpu.h:648:15: warning: redundant redeclaration of 'TlsSetValue' [-Wredundant-decls]
  648 | int __stdcall TlsSetValue(unsigned long, void *);
      |               ^~~~~~~~~~~
/usr/local/mxe/usr/x86_64-w64-mingw32.static/include/processthreadsapi.h:324:29: note: previous declaration of 'TlsSetValue' with type 'WINBOOL(DWORD,  void *)' {aka 'int(long unsigned int,  void *)'}
  324 |   WINBASEAPI WINBOOL WINAPI TlsSetValue (DWORD dwTlsIndex, LPVOID lpTlsValue);
      |                             ^~~~~~~~~~~
/xemu/include/hw/core/cpu.h:648:15: warning: 'TlsSetValue' redeclared without dllimport attribute: previous dllimport ignored [-Wattributes]
  648 | int __stdcall TlsSetValue(unsigned long, void *);
      |               ^~~~~~~~~~~
[599/663] Compiling C object libqemu-i386-softmmu.a.p/hw_xbox_nv2a_pgraph_glsl_common.c.obj
In file included from ../target/i386/cpu-qom.h:23,
                 from ../target/i386/cpu.h:24,
                 from /xemu/hw/xbox/nv2a/pgraph/pgraph.h:30,
                 from ../hw/xbox/nv2a/pgraph/glsl/common.c:21:
/xemu/include/hw/core/cpu.h:647:17: warning: redundant redeclaration of 'TlsGetValue' [-Wredundant-decls]
  647 | void *__stdcall TlsGetValue(unsigned long);
      |                 ^~~~~~~~~~~
In file included from /usr/local/mxe/usr/x86_64-w64-mingw32.static/include/winbase.h:29,
                 from /usr/local/mxe/usr/x86_64-w64-mingw32.static/include/windows.h:70,
                 from /usr/local/mxe/usr/x86_64-w64-mingw32.static/include/winsock2.h:23,
                 from /xemu/include/system/os-win32.h:29,
                 from /xemu/include/qemu/osdep.h:178,
                 from ../hw/xbox/nv2a/pgraph/glsl/common.h:25,
                 from ../hw/xbox/nv2a/pgraph/glsl/common.c:20:
/usr/local/mxe/usr/x86_64-w64-mingw32.static/include/processthreadsapi.h:323:28: note: previous declaration of 'TlsGetValue' with type 'void *(DWORD)' {aka 'void *(long unsigned int)'}
  323 |   WINBASEAPI LPVOID WINAPI TlsGetValue (DWORD dwTlsIndex);
      |                            ^~~~~~~~~~~
/xemu/include/hw/core/cpu.h:647:17: warning: 'TlsGetValue' redeclared without dllimport attribute: previous dllimport ignored [-Wattributes]
  647 | void *__stdcall TlsGetValue(unsigned long);
      |                 ^~~~~~~~~~~
/xemu/include/hw/core/cpu.h:648:15: warning: redundant redeclaration of 'TlsSetValue' [-Wredundant-decls]
  648 | int __stdcall TlsSetValue(unsigned long, void *);
      |               ^~~~~~~~~~~
/usr/local/mxe/usr/x86_64-w64-mingw32.static/include/processthreadsapi.h:324:29: note: previous declaration of 'TlsSetValue' with type 'WINBOOL(DWORD,  void *)' {aka 'int(long unsigned int,  void *)'}
  324 |   WINBASEAPI WINBOOL WINAPI TlsSetValue (DWORD dwTlsIndex, LPVOID lpTlsValue);
      |                             ^~~~~~~~~~~
/xemu/include/hw/core/cpu.h:648:15: warning: 'TlsSetValue' redeclared without dllimport attribute: previous dllimport ignored [-Wattributes]
  648 | int __stdcall TlsSetValue(unsigned long, void *);
      |               ^~~~~~~~~~~
[600/663] Compiling C object libqemu-i386-softmmu.a.p/hw_xbox_nv2a_pgraph_gl_debug.c.obj
In file included from /xemu/include/exec/cpu-common.h:13,
                 from /xemu/include/system/memory.h:17,
                 from /xemu/include/system/ioport.h:27,
                 from /xemu/hw/display/vga_int.h:29,
                 from /xemu/hw/xbox/nv2a/nv2a_int.h:37,
                 from ../hw/xbox/nv2a/pgraph/gl/renderer.h:32,
                 from ../hw/xbox/nv2a/pgraph/gl/debug.c:21:
/xemu/include/hw/core/cpu.h:647:17: warning: redundant redeclaration of 'TlsGetValue' [-Wredundant-decls]
  647 | void *__stdcall TlsGetValue(unsigned long);
      |                 ^~~~~~~~~~~
In file included from /usr/local/mxe/usr/x86_64-w64-mingw32.static/include/winbase.h:29,
                 from /usr/local/mxe/usr/x86_64-w64-mingw32.static/include/windows.h:70,
                 from /usr/local/mxe/usr/x86_64-w64-mingw32.static/include/winsock2.h:23,
                 from /xemu/include/system/os-win32.h:29,
                 from /xemu/include/qemu/osdep.h:178,
                 from ../hw/xbox/nv2a/pgraph/gl/renderer.h:25:
/usr/local/mxe/usr/x86_64-w64-mingw32.static/include/processthreadsapi.h:323:28: note: previous declaration of 'TlsGetValue' with type 'void *(DWORD)' {aka 'void *(long unsigned int)'}
  323 |   WINBASEAPI LPVOID WINAPI TlsGetValue (DWORD dwTlsIndex);
      |                            ^~~~~~~~~~~
/xemu/include/hw/core/cpu.h:647:17: warning: 'TlsGetValue' redeclared without dllimport attribute: previous dllimport ignored [-Wattributes]
  647 | void *__stdcall TlsGetValue(unsigned long);
      |                 ^~~~~~~~~~~
/xemu/include/hw/core/cpu.h:648:15: warning: redundant redeclaration of 'TlsSetValue' [-Wredundant-decls]
  648 | int __stdcall TlsSetValue(unsigned long, void *);
      |               ^~~~~~~~~~~
/usr/local/mxe/usr/x86_64-w64-mingw32.static/include/processthreadsapi.h:324:29: note: previous declaration of 'TlsSetValue' with type 'WINBOOL(DWORD,  void *)' {aka 'int(long unsigned int,  void *)'}
  324 |   WINBASEAPI WINBOOL WINAPI TlsSetValue (DWORD dwTlsIndex, LPVOID lpTlsValue);
      |                             ^~~~~~~~~~~
/xemu/include/hw/core/cpu.h:648:15: warning: 'TlsSetValue' redeclared without dllimport attribute: previous dllimport ignored [-Wattributes]
  648 | int __stdcall TlsSetValue(unsigned long, void *);
      |               ^~~~~~~~~~~
[601/663] Compiling C object libqemu-i386-softmmu.a.p/hw_xbox_nv2a_pgraph_gl_blit.c.obj
In file included from /xemu/include/exec/cpu-common.h:13,
                 from /xemu/include/system/memory.h:17,
                 from /xemu/include/system/ioport.h:27,
                 from /xemu/hw/display/vga_int.h:29,
                 from /xemu/hw/xbox/nv2a/nv2a_int.h:37,
                 from ../hw/xbox/nv2a/pgraph/gl/blit.c:22:
/xemu/include/hw/core/cpu.h:647:17: warning: redundant redeclaration of 'TlsGetValue' [-Wredundant-decls]
  647 | void *__stdcall TlsGetValue(unsigned long);
      |                 ^~~~~~~~~~~
In file included from /usr/local/mxe/usr/x86_64-w64-mingw32.static/include/winbase.h:29,
                 from /usr/local/mxe/usr/x86_64-w64-mingw32.static/include/windows.h:70,
                 from /usr/local/mxe/usr/x86_64-w64-mingw32.static/include/winsock2.h:23,
                 from /xemu/include/system/os-win32.h:29,
                 from /xemu/include/qemu/osdep.h:178,
                 from /xemu/hw/xbox/nv2a/nv2a_int.h:27:
/usr/local/mxe/usr/x86_64-w64-mingw32.static/include/processthreadsapi.h:323:28: note: previous declaration of 'TlsGetValue' with type 'void *(DWORD)' {aka 'void *(long unsigned int)'}
  323 |   WINBASEAPI LPVOID WINAPI TlsGetValue (DWORD dwTlsIndex);
      |                            ^~~~~~~~~~~
/xemu/include/hw/core/cpu.h:647:17: warning: 'TlsGetValue' redeclared without dllimport attribute: previous dllimport ignored [-Wattributes]
  647 | void *__stdcall TlsGetValue(unsigned long);
      |                 ^~~~~~~~~~~
/xemu/include/hw/core/cpu.h:648:15: warning: redundant redeclaration of 'TlsSetValue' [-Wredundant-decls]
  648 | int __stdcall TlsSetValue(unsigned long, void *);
      |               ^~~~~~~~~~~
/usr/local/mxe/usr/x86_64-w64-mingw32.static/include/processthreadsapi.h:324:29: note: previous declaration of 'TlsSetValue' with type 'WINBOOL(DWORD,  void *)' {aka 'int(long unsigned int,  void *)'}
  324 |   WINBASEAPI WINBOOL WINAPI TlsSetValue (DWORD dwTlsIndex, LPVOID lpTlsValue);
      |                             ^~~~~~~~~~~
/xemu/include/hw/core/cpu.h:648:15: warning: 'TlsSetValue' redeclared without dllimport attribute: previous dllimport ignored [-Wattributes]
  648 | int __stdcall TlsSetValue(unsigned long, void *);
      |               ^~~~~~~~~~~
[602/663] Compiling C object libqemu-i386-softmmu.a.p/hw_xbox_nv2a_pgraph_gl_display.c.obj
In file included from /xemu/include/exec/cpu-common.h:13,
                 from /xemu/include/system/memory.h:17,
                 from /xemu/include/system/ioport.h:27,
                 from /xemu/hw/display/vga_int.h:29,
                 from ../hw/xbox/nv2a/pgraph/gl/display.c:23:
/xemu/include/hw/core/cpu.h:647:17: warning: redundant redeclaration of 'TlsGetValue' [-Wredundant-decls]
  647 | void *__stdcall TlsGetValue(unsigned long);
      |                 ^~~~~~~~~~~
In file included from /usr/local/mxe/usr/x86_64-w64-mingw32.static/include/winbase.h:29,
                 from /usr/local/mxe/usr/x86_64-w64-mingw32.static/include/windows.h:70,
                 from /usr/local/mxe/usr/x86_64-w64-mingw32.static/include/winsock2.h:23,
                 from /xemu/include/system/os-win32.h:29,
                 from /xemu/include/qemu/osdep.h:178,
                 from ../hw/xbox/nv2a/pgraph/gl/display.c:22:
/usr/local/mxe/usr/x86_64-w64-mingw32.static/include/processthreadsapi.h:323:28: note: previous declaration of 'TlsGetValue' with type 'void *(DWORD)' {aka 'void *(long unsigned int)'}
  323 |   WINBASEAPI LPVOID WINAPI TlsGetValue (DWORD dwTlsIndex);
      |                            ^~~~~~~~~~~
/xemu/include/hw/core/cpu.h:647:17: warning: 'TlsGetValue' redeclared without dllimport attribute: previous dllimport ignored [-Wattributes]
  647 | void *__stdcall TlsGetValue(unsigned long);
      |                 ^~~~~~~~~~~
/xemu/include/hw/core/cpu.h:648:15: warning: redundant redeclaration of 'TlsSetValue' [-Wredundant-decls]
  648 | int __stdcall TlsSetValue(unsigned long, void *);
      |               ^~~~~~~~~~~
/usr/local/mxe/usr/x86_64-w64-mingw32.static/include/processthreadsapi.h:324:29: note: previous declaration of 'TlsSetValue' with type 'WINBOOL(DWORD,  void *)' {aka 'int(long unsigned int,  void *)'}
  324 |   WINBASEAPI WINBOOL WINAPI TlsSetValue (DWORD dwTlsIndex, LPVOID lpTlsValue);
      |                             ^~~~~~~~~~~
/xemu/include/hw/core/cpu.h:648:15: warning: 'TlsSetValue' redeclared without dllimport attribute: previous dllimport ignored [-Wattributes]
  648 | int __stdcall TlsSetValue(unsigned long, void *);
      |               ^~~~~~~~~~~
[603/663] Compiling C object libqemu-i386-softmmu.a.p/hw_xbox_nv2a_pgraph_glsl_geom.c.obj
In file included from ../target/i386/cpu-qom.h:23,
                 from ../target/i386/cpu.h:24,
                 from /xemu/hw/xbox/nv2a/pgraph/pgraph.h:30,
                 from ../hw/xbox/nv2a/pgraph/glsl/geom.c:23:
/xemu/include/hw/core/cpu.h:647:17: warning: redundant redeclaration of 'TlsGetValue' [-Wredundant-decls]
  647 | void *__stdcall TlsGetValue(unsigned long);
      |                 ^~~~~~~~~~~
In file included from /usr/local/mxe/usr/x86_64-w64-mingw32.static/include/winbase.h:29,
                 from /usr/local/mxe/usr/x86_64-w64-mingw32.static/include/windows.h:70,
                 from /usr/local/mxe/usr/x86_64-w64-mingw32.static/include/winsock2.h:23,
                 from /xemu/include/system/os-win32.h:29,
                 from /xemu/include/qemu/osdep.h:178,
                 from ../hw/xbox/nv2a/pgraph/glsl/geom.c:22:
/usr/local/mxe/usr/x86_64-w64-mingw32.static/include/processthreadsapi.h:323:28: note: previous declaration of 'TlsGetValue' with type 'void *(DWORD)' {aka 'void *(long unsigned int)'}
  323 |   WINBASEAPI LPVOID WINAPI TlsGetValue (DWORD dwTlsIndex);
      |                            ^~~~~~~~~~~
/xemu/include/hw/core/cpu.h:647:17: warning: 'TlsGetValue' redeclared without dllimport attribute: previous dllimport ignored [-Wattributes]
  647 | void *__stdcall TlsGetValue(unsigned long);
      |                 ^~~~~~~~~~~
/xemu/include/hw/core/cpu.h:648:15: warning: redundant redeclaration of 'TlsSetValue' [-Wredundant-decls]
  648 | int __stdcall TlsSetValue(unsigned long, void *);
      |               ^~~~~~~~~~~
/usr/local/mxe/usr/x86_64-w64-mingw32.static/include/processthreadsapi.h:324:29: note: previous declaration of 'TlsSetValue' with type 'WINBOOL(DWORD,  void *)' {aka 'int(long unsigned int,  void *)'}
  324 |   WINBASEAPI WINBOOL WINAPI TlsSetValue (DWORD dwTlsIndex, LPVOID lpTlsValue);
      |                             ^~~~~~~~~~~
/xemu/include/hw/core/cpu.h:648:15: warning: 'TlsSetValue' redeclared without dllimport attribute: previous dllimport ignored [-Wattributes]
  648 | int __stdcall TlsSetValue(unsigned long, void *);
      |               ^~~~~~~~~~~
[604/663] Compiling C object libqemu-i386-softmmu.a.p/hw_xbox_nv2a_pgraph_gl_draw.c.obj
In file included from /xemu/include/exec/cpu-common.h:13,
                 from /xemu/include/system/memory.h:17,
                 from /xemu/include/system/ioport.h:27,
                 from /xemu/hw/display/vga_int.h:29,
                 from /xemu/hw/xbox/nv2a/nv2a_int.h:37,
                 from ../hw/xbox/nv2a/pgraph/gl/draw.c:23:
/xemu/include/hw/core/cpu.h:647:17: warning: redundant redeclaration of 'TlsGetValue' [-Wredundant-decls]
  647 | void *__stdcall TlsGetValue(unsigned long);
      |                 ^~~~~~~~~~~
In file included from /usr/local/mxe/usr/x86_64-w64-mingw32.static/include/winbase.h:29,
                 from /usr/local/mxe/usr/x86_64-w64-mingw32.static/include/windows.h:70,
                 from /usr/local/mxe/usr/x86_64-w64-mingw32.static/include/winsock2.h:23,
                 from /xemu/include/system/os-win32.h:29,
                 from /xemu/include/qemu/osdep.h:178,
                 from /xemu/hw/xbox/nv2a/nv2a_int.h:27:
/usr/local/mxe/usr/x86_64-w64-mingw32.static/include/processthreadsapi.h:323:28: note: previous declaration of 'TlsGetValue' with type 'void *(DWORD)' {aka 'void *(long unsigned int)'}
  323 |   WINBASEAPI LPVOID WINAPI TlsGetValue (DWORD dwTlsIndex);
      |                            ^~~~~~~~~~~
/xemu/include/hw/core/cpu.h:647:17: warning: 'TlsGetValue' redeclared without dllimport attribute: previous dllimport ignored [-Wattributes]
  647 | void *__stdcall TlsGetValue(unsigned long);
      |                 ^~~~~~~~~~~
/xemu/include/hw/core/cpu.h:648:15: warning: redundant redeclaration of 'TlsSetValue' [-Wredundant-decls]
  648 | int __stdcall TlsSetValue(unsigned long, void *);
      |               ^~~~~~~~~~~
/usr/local/mxe/usr/x86_64-w64-mingw32.static/include/processthreadsapi.h:324:29: note: previous declaration of 'TlsSetValue' with type 'WINBOOL(DWORD,  void *)' {aka 'int(long unsigned int,  void *)'}
  324 |   WINBASEAPI WINBOOL WINAPI TlsSetValue (DWORD dwTlsIndex, LPVOID lpTlsValue);
      |                             ^~~~~~~~~~~
/xemu/include/hw/core/cpu.h:648:15: warning: 'TlsSetValue' redeclared without dllimport attribute: previous dllimport ignored [-Wattributes]
  648 | int __stdcall TlsSetValue(unsigned long, void *);
      |               ^~~~~~~~~~~
[605/663] Compiling C object libqemu-i386-softmmu.a.p/hw_xbox_nv2a_pgraph_glsl_shaders.c.obj
In file included from ../target/i386/cpu-qom.h:23,
                 from ../target/i386/cpu.h:24,
                 from /xemu/hw/xbox/nv2a/pgraph/pgraph.h:30,
                 from ../hw/xbox/nv2a/pgraph/glsl/shaders.c:20:
/xemu/include/hw/core/cpu.h:647:17: warning: redundant redeclaration of 'TlsGetValue' [-Wredundant-decls]
  647 | void *__stdcall TlsGetValue(unsigned long);
      |                 ^~~~~~~~~~~
In file included from /usr/local/mxe/usr/x86_64-w64-mingw32.static/include/winbase.h:29,
                 from /usr/local/mxe/usr/x86_64-w64-mingw32.static/include/windows.h:70,
                 from /usr/local/mxe/usr/x86_64-w64-mingw32.static/include/winsock2.h:23,
                 from /xemu/include/system/os-win32.h:29,
                 from /xemu/include/qemu/osdep.h:178,
                 from /xemu/hw/xbox/nv2a/pgraph/pgraph.h:26:
/usr/local/mxe/usr/x86_64-w64-mingw32.static/include/processthreadsapi.h:323:28: note: previous declaration of 'TlsGetValue' with type 'void *(DWORD)' {aka 'void *(long unsigned int)'}
  323 |   WINBASEAPI LPVOID WINAPI TlsGetValue (DWORD dwTlsIndex);
      |                            ^~~~~~~~~~~
/xemu/include/hw/core/cpu.h:647:17: warning: 'TlsGetValue' redeclared without dllimport attribute: previous dllimport ignored [-Wattributes]
  647 | void *__stdcall TlsGetValue(unsigned long);
      |                 ^~~~~~~~~~~
/xemu/include/hw/core/cpu.h:648:15: warning: redundant redeclaration of 'TlsSetValue' [-Wredundant-decls]
  648 | int __stdcall TlsSetValue(unsigned long, void *);
      |               ^~~~~~~~~~~
/usr/local/mxe/usr/x86_64-w64-mingw32.static/include/processthreadsapi.h:324:29: note: previous declaration of 'TlsSetValue' with type 'WINBOOL(DWORD,  void *)' {aka 'int(long unsigned int,  void *)'}
  324 |   WINBASEAPI WINBOOL WINAPI TlsSetValue (DWORD dwTlsIndex, LPVOID lpTlsValue);
      |                             ^~~~~~~~~~~
/xemu/include/hw/core/cpu.h:648:15: warning: 'TlsSetValue' redeclared without dllimport attribute: previous dllimport ignored [-Wattributes]
  648 | int __stdcall TlsSetValue(unsigned long, void *);
      |               ^~~~~~~~~~~
[606/663] Compiling C object libqemu-i386-softmmu.a.p/hw_xbox_nv2a_pgraph_gl_vertex.c.obj
In file included from /xemu/include/exec/cpu-common.h:13,
                 from /xemu/include/system/memory.h:17,
                 from /xemu/include/system/ioport.h:27,
                 from /xemu/hw/display/vga_int.h:29,
                 from ../hw/xbox/nv2a/nv2a_int.h:37,
                 from ../hw/xbox/nv2a/pgraph/gl/vertex.c:23:
/xemu/include/hw/core/cpu.h:647:17: warning: redundant redeclaration of 'TlsGetValue' [-Wredundant-decls]
  647 | void *__stdcall TlsGetValue(unsigned long);
      |                 ^~~~~~~~~~~
In file included from /usr/local/mxe/usr/x86_64-w64-mingw32.static/include/winbase.h:29,
                 from /usr/local/mxe/usr/x86_64-w64-mingw32.static/include/windows.h:70,
                 from /usr/local/mxe/usr/x86_64-w64-mingw32.static/include/winsock2.h:23,
                 from /xemu/include/system/os-win32.h:29,
                 from /xemu/include/qemu/osdep.h:178,
                 from ../hw/xbox/nv2a/nv2a_int.h:27:
/usr/local/mxe/usr/x86_64-w64-mingw32.static/include/processthreadsapi.h:323:28: note: previous declaration of 'TlsGetValue' with type 'void *(DWORD)' {aka 'void *(long unsigned int)'}
  323 |   WINBASEAPI LPVOID WINAPI TlsGetValue (DWORD dwTlsIndex);
      |                            ^~~~~~~~~~~
/xemu/include/hw/core/cpu.h:647:17: warning: 'TlsGetValue' redeclared without dllimport attribute: previous dllimport ignored [-Wattributes]
  647 | void *__stdcall TlsGetValue(unsigned long);
      |                 ^~~~~~~~~~~
/xemu/include/hw/core/cpu.h:648:15: warning: redundant redeclaration of 'TlsSetValue' [-Wredundant-decls]
  648 | int __stdcall TlsSetValue(unsigned long, void *);
      |               ^~~~~~~~~~~
/usr/local/mxe/usr/x86_64-w64-mingw32.static/include/processthreadsapi.h:324:29: note: previous declaration of 'TlsSetValue' with type 'WINBOOL(DWORD,  void *)' {aka 'int(long unsigned int,  void *)'}
  324 |   WINBASEAPI WINBOOL WINAPI TlsSetValue (DWORD dwTlsIndex, LPVOID lpTlsValue);
      |                             ^~~~~~~~~~~
/xemu/include/hw/core/cpu.h:648:15: warning: 'TlsSetValue' redeclared without dllimport attribute: previous dllimport ignored [-Wattributes]
  648 | int __stdcall TlsSetValue(unsigned long, void *);
      |               ^~~~~~~~~~~
[607/663] Compiling C object libqemu-i386-softmmu.a.p/hw_xbox_nv2a_pgraph_glsl_vsh.c.obj
In file included from ../target/i386/cpu-qom.h:23,
                 from ../target/i386/cpu.h:24,
                 from /xemu/hw/xbox/nv2a/pgraph/pgraph.h:30,
                 from ../hw/xbox/nv2a/pgraph/glsl/vsh.c:23:
/xemu/include/hw/core/cpu.h:647:17: warning: redundant redeclaration of 'TlsGetValue' [-Wredundant-decls]
  647 | void *__stdcall TlsGetValue(unsigned long);
      |                 ^~~~~~~~~~~
In file included from /usr/local/mxe/usr/x86_64-w64-mingw32.static/include/winbase.h:29,
                 from /usr/local/mxe/usr/x86_64-w64-mingw32.static/include/windows.h:70,
                 from /usr/local/mxe/usr/x86_64-w64-mingw32.static/include/winsock2.h:23,
                 from /xemu/include/system/os-win32.h:29,
                 from /xemu/include/qemu/osdep.h:178,
                 from ../hw/xbox/nv2a/pgraph/glsl/vsh.c:22:
/usr/local/mxe/usr/x86_64-w64-mingw32.static/include/processthreadsapi.h:323:28: note: previous declaration of 'TlsGetValue' with type 'void *(DWORD)' {aka 'void *(long unsigned int)'}
  323 |   WINBASEAPI LPVOID WINAPI TlsGetValue (DWORD dwTlsIndex);
      |                            ^~~~~~~~~~~
/xemu/include/hw/core/cpu.h:647:17: warning: 'TlsGetValue' redeclared without dllimport attribute: previous dllimport ignored [-Wattributes]
  647 | void *__stdcall TlsGetValue(unsigned long);
      |                 ^~~~~~~~~~~
/xemu/include/hw/core/cpu.h:648:15: warning: redundant redeclaration of 'TlsSetValue' [-Wredundant-decls]
  648 | int __stdcall TlsSetValue(unsigned long, void *);
      |               ^~~~~~~~~~~
/usr/local/mxe/usr/x86_64-w64-mingw32.static/include/processthreadsapi.h:324:29: note: previous declaration of 'TlsSetValue' with type 'WINBOOL(DWORD,  void *)' {aka 'int(long unsigned int,  void *)'}
  324 |   WINBASEAPI WINBOOL WINAPI TlsSetValue (DWORD dwTlsIndex, LPVOID lpTlsValue);
      |                             ^~~~~~~~~~~
/xemu/include/hw/core/cpu.h:648:15: warning: 'TlsSetValue' redeclared without dllimport attribute: previous dllimport ignored [-Wattributes]
  648 | int __stdcall TlsSetValue(unsigned long, void *);
      |               ^~~~~~~~~~~
[608/663] Compiling C object libqemu-i386-softmmu.a.p/hw_xbox_nv2a_pgraph_gl_renderer.c.obj
In file included from /xemu/include/exec/cpu-common.h:13,
                 from /xemu/include/system/memory.h:17,
                 from /xemu/include/system/ioport.h:27,
                 from /xemu/hw/display/vga_int.h:29,
                 from /xemu/hw/xbox/nv2a/nv2a_int.h:37,
                 from ../hw/xbox/nv2a/pgraph/gl/renderer.c:22:
/xemu/include/hw/core/cpu.h:647:17: warning: redundant redeclaration of 'TlsGetValue' [-Wredundant-decls]
  647 | void *__stdcall TlsGetValue(unsigned long);
      |                 ^~~~~~~~~~~
In file included from /usr/local/mxe/usr/x86_64-w64-mingw32.static/include/winbase.h:29,
                 from /usr/local/mxe/usr/x86_64-w64-mingw32.static/include/windows.h:70,
                 from /usr/local/mxe/usr/x86_64-w64-mingw32.static/include/winsock2.h:23,
                 from /xemu/include/system/os-win32.h:29,
                 from /xemu/include/qemu/osdep.h:178,
                 from /xemu/hw/xbox/nv2a/nv2a_int.h:27:
/usr/local/mxe/usr/x86_64-w64-mingw32.static/include/processthreadsapi.h:323:28: note: previous declaration of 'TlsGetValue' with type 'void *(DWORD)' {aka 'void *(long unsigned int)'}
  323 |   WINBASEAPI LPVOID WINAPI TlsGetValue (DWORD dwTlsIndex);
      |                            ^~~~~~~~~~~
/xemu/include/hw/core/cpu.h:647:17: warning: 'TlsGetValue' redeclared without dllimport attribute: previous dllimport ignored [-Wattributes]
  647 | void *__stdcall TlsGetValue(unsigned long);
      |                 ^~~~~~~~~~~
/xemu/include/hw/core/cpu.h:648:15: warning: redundant redeclaration of 'TlsSetValue' [-Wredundant-decls]
  648 | int __stdcall TlsSetValue(unsigned long, void *);
      |               ^~~~~~~~~~~
/usr/local/mxe/usr/x86_64-w64-mingw32.static/include/processthreadsapi.h:324:29: note: previous declaration of 'TlsSetValue' with type 'WINBOOL(DWORD,  void *)' {aka 'int(long unsigned int,  void *)'}
  324 |   WINBASEAPI WINBOOL WINAPI TlsSetValue (DWORD dwTlsIndex, LPVOID lpTlsValue);
      |                             ^~~~~~~~~~~
/xemu/include/hw/core/cpu.h:648:15: warning: 'TlsSetValue' redeclared without dllimport attribute: previous dllimport ignored [-Wattributes]
  648 | int __stdcall TlsSetValue(unsigned long, void *);
      |               ^~~~~~~~~~~
[609/663] Compiling C object libqemu-i386-softmmu.a.p/hw_xbox_nv2a_pgraph_gl_reports.c.obj
In file included from /xemu/include/exec/cpu-common.h:13,
                 from /xemu/include/system/memory.h:17,
                 from /xemu/include/system/ioport.h:27,
                 from /xemu/hw/display/vga_int.h:29,
                 from ../hw/xbox/nv2a/nv2a_int.h:37,
                 from ../hw/xbox/nv2a/pgraph/gl/reports.c:22:
/xemu/include/hw/core/cpu.h:647:17: warning: redundant redeclaration of 'TlsGetValue' [-Wredundant-decls]
  647 | void *__stdcall TlsGetValue(unsigned long);
      |                 ^~~~~~~~~~~
In file included from /usr/local/mxe/usr/x86_64-w64-mingw32.static/include/winbase.h:29,
                 from /usr/local/mxe/usr/x86_64-w64-mingw32.static/include/windows.h:70,
                 from /usr/local/mxe/usr/x86_64-w64-mingw32.static/include/winsock2.h:23,
                 from /xemu/include/system/os-win32.h:29,
                 from /xemu/include/qemu/osdep.h:178,
                 from ../hw/xbox/nv2a/nv2a_int.h:27:
/usr/local/mxe/usr/x86_64-w64-mingw32.static/include/processthreadsapi.h:323:28: note: previous declaration of 'TlsGetValue' with type 'void *(DWORD)' {aka 'void *(long unsigned int)'}
  323 |   WINBASEAPI LPVOID WINAPI TlsGetValue (DWORD dwTlsIndex);
      |                            ^~~~~~~~~~~
/xemu/include/hw/core/cpu.h:647:17: warning: 'TlsGetValue' redeclared without dllimport attribute: previous dllimport ignored [-Wattributes]
  647 | void *__stdcall TlsGetValue(unsigned long);
      |                 ^~~~~~~~~~~
/xemu/include/hw/core/cpu.h:648:15: warning: redundant redeclaration of 'TlsSetValue' [-Wredundant-decls]
  648 | int __stdcall TlsSetValue(unsigned long, void *);
      |               ^~~~~~~~~~~
/usr/local/mxe/usr/x86_64-w64-mingw32.static/include/processthreadsapi.h:324:29: note: previous declaration of 'TlsSetValue' with type 'WINBOOL(DWORD,  void *)' {aka 'int(long unsigned int,  void *)'}
  324 |   WINBASEAPI WINBOOL WINAPI TlsSetValue (DWORD dwTlsIndex, LPVOID lpTlsValue);
      |                             ^~~~~~~~~~~
/xemu/include/hw/core/cpu.h:648:15: warning: 'TlsSetValue' redeclared without dllimport attribute: previous dllimport ignored [-Wattributes]
  648 | int __stdcall TlsSetValue(unsigned long, void *);
      |               ^~~~~~~~~~~
[610/663] Compiling C object libqemu-i386-softmmu.a.p/hw_xbox_nv2a_pgraph_glsl_vsh-prog.c.obj
[611/663] Compiling C object libqemu-i386-softmmu.a.p/hw_xbox_nv2a_pgraph_texture.c.obj
In file included from /xemu/include/exec/cpu-common.h:13,
                 from /xemu/include/system/memory.h:17,
                 from /xemu/include/system/ioport.h:27,
                 from /xemu/hw/display/vga_int.h:29,
                 from /xemu/hw/xbox/nv2a/nv2a_int.h:37,
                 from ../hw/xbox/nv2a/pgraph/texture.c:22:
/xemu/include/hw/core/cpu.h:647:17: warning: redundant redeclaration of 'TlsGetValue' [-Wredundant-decls]
  647 | void *__stdcall TlsGetValue(unsigned long);
      |                 ^~~~~~~~~~~
In file included from /usr/local/mxe/usr/x86_64-w64-mingw32.static/include/winbase.h:29,
                 from /usr/local/mxe/usr/x86_64-w64-mingw32.static/include/windows.h:70,
                 from /usr/local/mxe/usr/x86_64-w64-mingw32.static/include/winsock2.h:23,
                 from /xemu/include/system/os-win32.h:29,
                 from /xemu/include/qemu/osdep.h:178,
                 from /xemu/hw/xbox/nv2a/nv2a_int.h:27:
/usr/local/mxe/usr/x86_64-w64-mingw32.static/include/processthreadsapi.h:323:28: note: previous declaration of 'TlsGetValue' with type 'void *(DWORD)' {aka 'void *(long unsigned int)'}
  323 |   WINBASEAPI LPVOID WINAPI TlsGetValue (DWORD dwTlsIndex);
      |                            ^~~~~~~~~~~
/xemu/include/hw/core/cpu.h:647:17: warning: 'TlsGetValue' redeclared without dllimport attribute: previous dllimport ignored [-Wattributes]
  647 | void *__stdcall TlsGetValue(unsigned long);
      |                 ^~~~~~~~~~~
/xemu/include/hw/core/cpu.h:648:15: warning: redundant redeclaration of 'TlsSetValue' [-Wredundant-decls]
  648 | int __stdcall TlsSetValue(unsigned long, void *);
      |               ^~~~~~~~~~~
/usr/local/mxe/usr/x86_64-w64-mingw32.static/include/processthreadsapi.h:324:29: note: previous declaration of 'TlsSetValue' with type 'WINBOOL(DWORD,  void *)' {aka 'int(long unsigned int,  void *)'}
  324 |   WINBASEAPI WINBOOL WINAPI TlsSetValue (DWORD dwTlsIndex, LPVOID lpTlsValue);
      |                             ^~~~~~~~~~~
/xemu/include/hw/core/cpu.h:648:15: warning: 'TlsSetValue' redeclared without dllimport attribute: previous dllimport ignored [-Wattributes]
  648 | int __stdcall TlsSetValue(unsigned long, void *);
      |               ^~~~~~~~~~~
[612/663] Compiling C object libqemu-i386-softmmu.a.p/hw_xbox_nv2a_pgraph_gl_shaders.c.obj
In file included from /xemu/include/exec/cpu-common.h:13,
                 from /xemu/include/system/memory.h:17,
                 from /xemu/include/system/ioport.h:27,
                 from /xemu/hw/display/vga_int.h:29,
                 from /xemu/hw/xbox/nv2a/nv2a_int.h:37,
                 from ../hw/xbox/nv2a/pgraph/gl/renderer.h:32,
                 from ../hw/xbox/nv2a/pgraph/gl/shaders.c:30:
/xemu/include/hw/core/cpu.h:647:17: warning: redundant redeclaration of 'TlsGetValue' [-Wredundant-decls]
  647 | void *__stdcall TlsGetValue(unsigned long);
      |                 ^~~~~~~~~~~
In file included from /usr/local/mxe/usr/x86_64-w64-mingw32.static/include/winbase.h:29,
                 from /usr/local/mxe/usr/x86_64-w64-mingw32.static/include/windows.h:70,
                 from /usr/local/mxe/usr/x86_64-w64-mingw32.static/include/winsock2.h:23,
                 from /xemu/include/system/os-win32.h:29,
                 from /xemu/include/qemu/osdep.h:178,
                 from ../hw/xbox/nv2a/pgraph/gl/shaders.c:22:
/usr/local/mxe/usr/x86_64-w64-mingw32.static/include/processthreadsapi.h:323:28: note: previous declaration of 'TlsGetValue' with type 'void *(DWORD)' {aka 'void *(long unsigned int)'}
  323 |   WINBASEAPI LPVOID WINAPI TlsGetValue (DWORD dwTlsIndex);
      |                            ^~~~~~~~~~~
/xemu/include/hw/core/cpu.h:647:17: warning: 'TlsGetValue' redeclared without dllimport attribute: previous dllimport ignored [-Wattributes]
  647 | void *__stdcall TlsGetValue(unsigned long);
      |                 ^~~~~~~~~~~
/xemu/include/hw/core/cpu.h:648:15: warning: redundant redeclaration of 'TlsSetValue' [-Wredundant-decls]
  648 | int __stdcall TlsSetValue(unsigned long, void *);
      |               ^~~~~~~~~~~
/usr/local/mxe/usr/x86_64-w64-mingw32.static/include/processthreadsapi.h:324:29: note: previous declaration of 'TlsSetValue' with type 'WINBOOL(DWORD,  void *)' {aka 'int(long unsigned int,  void *)'}
  324 |   WINBASEAPI WINBOOL WINAPI TlsSetValue (DWORD dwTlsIndex, LPVOID lpTlsValue);
      |                             ^~~~~~~~~~~
/xemu/include/hw/core/cpu.h:648:15: warning: 'TlsSetValue' redeclared without dllimport attribute: previous dllimport ignored [-Wattributes]
  648 | int __stdcall TlsSetValue(unsigned long, void *);
      |               ^~~~~~~~~~~
[613/663] Compiling C object libqemu-i386-softmmu.a.p/hw_xbox_nv2a_pgraph_gl_gpuprops.c.obj
In file included from /xemu/include/exec/cpu-common.h:13,
                 from /xemu/include/system/memory.h:17,
                 from /xemu/include/system/ioport.h:27,
                 from /xemu/hw/display/vga_int.h:29,
                 from /xemu/hw/xbox/nv2a/nv2a_int.h:37,
                 from ../hw/xbox/nv2a/pgraph/gl/renderer.h:32,
                 from ../hw/xbox/nv2a/pgraph/gl/gpuprops.c:23:
/xemu/include/hw/core/cpu.h:647:17: warning: redundant redeclaration of 'TlsGetValue' [-Wredundant-decls]
  647 | void *__stdcall TlsGetValue(unsigned long);
      |                 ^~~~~~~~~~~
In file included from /usr/local/mxe/usr/x86_64-w64-mingw32.static/include/winbase.h:29,
                 from /usr/local/mxe/usr/x86_64-w64-mingw32.static/include/windows.h:70,
                 from /usr/local/mxe/usr/x86_64-w64-mingw32.static/include/winsock2.h:23,
                 from /xemu/include/system/os-win32.h:29,
                 from /xemu/include/qemu/osdep.h:178,
                 from ../hw/xbox/nv2a/pgraph/gl/renderer.h:25:
/usr/local/mxe/usr/x86_64-w64-mingw32.static/include/processthreadsapi.h:323:28: note: previous declaration of 'TlsGetValue' with type 'void *(DWORD)' {aka 'void *(long unsigned int)'}
  323 |   WINBASEAPI LPVOID WINAPI TlsGetValue (DWORD dwTlsIndex);
      |                            ^~~~~~~~~~~
/xemu/include/hw/core/cpu.h:647:17: warning: 'TlsGetValue' redeclared without dllimport attribute: previous dllimport ignored [-Wattributes]
  647 | void *__stdcall TlsGetValue(unsigned long);
      |                 ^~~~~~~~~~~
/xemu/include/hw/core/cpu.h:648:15: warning: redundant redeclaration of 'TlsSetValue' [-Wredundant-decls]
  648 | int __stdcall TlsSetValue(unsigned long, void *);
      |               ^~~~~~~~~~~
/usr/local/mxe/usr/x86_64-w64-mingw32.static/include/processthreadsapi.h:324:29: note: previous declaration of 'TlsSetValue' with type 'WINBOOL(DWORD,  void *)' {aka 'int(long unsigned int,  void *)'}
  324 |   WINBASEAPI WINBOOL WINAPI TlsSetValue (DWORD dwTlsIndex, LPVOID lpTlsValue);
      |                             ^~~~~~~~~~~
/xemu/include/hw/core/cpu.h:648:15: warning: 'TlsSetValue' redeclared without dllimport attribute: previous dllimport ignored [-Wattributes]
  648 | int __stdcall TlsSetValue(unsigned long, void *);
      |               ^~~~~~~~~~~
[614/663] Compiling C object libqemu-i386-softmmu.a.p/hw_xbox_nv2a_pgraph_gl_texture.c.obj
In file included from /xemu/include/exec/cpu-common.h:13,
                 from /xemu/include/system/memory.h:17,
                 from /xemu/include/system/ioport.h:27,
                 from /xemu/hw/display/vga_int.h:29,
                 from /xemu/hw/xbox/nv2a/nv2a_int.h:37,
                 from ../hw/xbox/nv2a/pgraph/gl/texture.c:23:
/xemu/include/hw/core/cpu.h:647:17: warning: redundant redeclaration of 'TlsGetValue' [-Wredundant-decls]
  647 | void *__stdcall TlsGetValue(unsigned long);
      |                 ^~~~~~~~~~~
In file included from /usr/local/mxe/usr/x86_64-w64-mingw32.static/include/winbase.h:29,
                 from /usr/local/mxe/usr/x86_64-w64-mingw32.static/include/windows.h:70,
                 from /usr/local/mxe/usr/x86_64-w64-mingw32.static/include/winsock2.h:23,
                 from /xemu/include/system/os-win32.h:29,
                 from /xemu/include/qemu/osdep.h:178,
                 from /xemu/hw/xbox/nv2a/nv2a_int.h:27:
/usr/local/mxe/usr/x86_64-w64-mingw32.static/include/processthreadsapi.h:323:28: note: previous declaration of 'TlsGetValue' with type 'void *(DWORD)' {aka 'void *(long unsigned int)'}
  323 |   WINBASEAPI LPVOID WINAPI TlsGetValue (DWORD dwTlsIndex);
      |                            ^~~~~~~~~~~
/xemu/include/hw/core/cpu.h:647:17: warning: 'TlsGetValue' redeclared without dllimport attribute: previous dllimport ignored [-Wattributes]
  647 | void *__stdcall TlsGetValue(unsigned long);
      |                 ^~~~~~~~~~~
/xemu/include/hw/core/cpu.h:648:15: warning: redundant redeclaration of 'TlsSetValue' [-Wredundant-decls]
  648 | int __stdcall TlsSetValue(unsigned long, void *);
      |               ^~~~~~~~~~~
/usr/local/mxe/usr/x86_64-w64-mingw32.static/include/processthreadsapi.h:324:29: note: previous declaration of 'TlsSetValue' with type 'WINBOOL(DWORD,  void *)' {aka 'int(long unsigned int,  void *)'}
  324 |   WINBASEAPI WINBOOL WINAPI TlsSetValue (DWORD dwTlsIndex, LPVOID lpTlsValue);
      |                             ^~~~~~~~~~~
/xemu/include/hw/core/cpu.h:648:15: warning: 'TlsSetValue' redeclared without dllimport attribute: previous dllimport ignored [-Wattributes]
  648 | int __stdcall TlsSetValue(unsigned long, void *);
      |               ^~~~~~~~~~~
[615/663] Compiling C object libqemu-i386-softmmu.a.p/hw_xbox_nv2a_pgraph_glsl_vsh-ff.c.obj
[616/663] Compiling C object libqemu-i386-softmmu.a.p/hw_xbox_nv2a_pgraph_vk_blit.c.obj
In file included from /xemu/include/exec/cpu-common.h:13,
                 from /xemu/include/system/memory.h:17,
                 from /xemu/include/system/ioport.h:27,
                 from /xemu/hw/display/vga_int.h:29,
                 from /xemu/hw/xbox/nv2a/nv2a_int.h:37,
                 from ../hw/xbox/nv2a/pgraph/vk/blit.c:26:
/xemu/include/hw/core/cpu.h:647:17: warning: redundant redeclaration of 'TlsGetValue' [-Wredundant-decls]
  647 | void *__stdcall TlsGetValue(unsigned long);
      |                 ^~~~~~~~~~~
In file included from /usr/local/mxe/usr/x86_64-w64-mingw32.static/include/winbase.h:29,
                 from /usr/local/mxe/usr/x86_64-w64-mingw32.static/include/windows.h:70,
                 from /usr/local/mxe/usr/x86_64-w64-mingw32.static/include/winsock2.h:23,
                 from /xemu/include/system/os-win32.h:29,
                 from /xemu/include/qemu/osdep.h:178,
                 from /xemu/hw/xbox/nv2a/nv2a_int.h:27:
/usr/local/mxe/usr/x86_64-w64-mingw32.static/include/processthreadsapi.h:323:28: note: previous declaration of 'TlsGetValue' with type 'void *(DWORD)' {aka 'void *(long unsigned int)'}
  323 |   WINBASEAPI LPVOID WINAPI TlsGetValue (DWORD dwTlsIndex);
      |                            ^~~~~~~~~~~
/xemu/include/hw/core/cpu.h:647:17: warning: 'TlsGetValue' redeclared without dllimport attribute: previous dllimport ignored [-Wattributes]
  647 | void *__stdcall TlsGetValue(unsigned long);
      |                 ^~~~~~~~~~~
/xemu/include/hw/core/cpu.h:648:15: warning: redundant redeclaration of 'TlsSetValue' [-Wredundant-decls]
  648 | int __stdcall TlsSetValue(unsigned long, void *);
      |               ^~~~~~~~~~~
/usr/local/mxe/usr/x86_64-w64-mingw32.static/include/processthreadsapi.h:324:29: note: previous declaration of 'TlsSetValue' with type 'WINBOOL(DWORD,  void *)' {aka 'int(long unsigned int,  void *)'}
  324 |   WINBASEAPI WINBOOL WINAPI TlsSetValue (DWORD dwTlsIndex, LPVOID lpTlsValue);
      |                             ^~~~~~~~~~~
/xemu/include/hw/core/cpu.h:648:15: warning: 'TlsSetValue' redeclared without dllimport attribute: previous dllimport ignored [-Wattributes]
  648 | int __stdcall TlsSetValue(unsigned long, void *);
      |               ^~~~~~~~~~~
[617/663] Compiling C object libqemu-i386-softmmu.a.p/hw_xbox_nv2a_pgraph_glsl_psh.c.obj
In file included from ../target/i386/cpu-qom.h:23,
                 from ../target/i386/cpu.h:24,
                 from /xemu/hw/xbox/nv2a/pgraph/pgraph.h:30,
                 from ../hw/xbox/nv2a/pgraph/glsl/psh.c:31:
/xemu/include/hw/core/cpu.h:647:17: warning: redundant redeclaration of 'TlsGetValue' [-Wredundant-decls]
  647 | void *__stdcall TlsGetValue(unsigned long);
      |                 ^~~~~~~~~~~
In file included from /usr/local/mxe/usr/x86_64-w64-mingw32.static/include/winbase.h:29,
                 from /usr/local/mxe/usr/x86_64-w64-mingw32.static/include/windows.h:70,
                 from /usr/local/mxe/usr/x86_64-w64-mingw32.static/include/winsock2.h:23,
                 from /xemu/include/system/os-win32.h:29,
                 from /xemu/include/qemu/osdep.h:178,
                 from ../hw/xbox/nv2a/pgraph/glsl/psh.c:29:
/usr/local/mxe/usr/x86_64-w64-mingw32.static/include/processthreadsapi.h:323:28: note: previous declaration of 'TlsGetValue' with type 'void *(DWORD)' {aka 'void *(long unsigned int)'}
  323 |   WINBASEAPI LPVOID WINAPI TlsGetValue (DWORD dwTlsIndex);
      |                            ^~~~~~~~~~~
/xemu/include/hw/core/cpu.h:647:17: warning: 'TlsGetValue' redeclared without dllimport attribute: previous dllimport ignored [-Wattributes]
  647 | void *__stdcall TlsGetValue(unsigned long);
      |                 ^~~~~~~~~~~
/xemu/include/hw/core/cpu.h:648:15: warning: redundant redeclaration of 'TlsSetValue' [-Wredundant-decls]
  648 | int __stdcall TlsSetValue(unsigned long, void *);
      |               ^~~~~~~~~~~
/usr/local/mxe/usr/x86_64-w64-mingw32.static/include/processthreadsapi.h:324:29: note: previous declaration of 'TlsSetValue' with type 'WINBOOL(DWORD,  void *)' {aka 'int(long unsigned int,  void *)'}
  324 |   WINBASEAPI WINBOOL WINAPI TlsSetValue (DWORD dwTlsIndex, LPVOID lpTlsValue);
      |                             ^~~~~~~~~~~
/xemu/include/hw/core/cpu.h:648:15: warning: 'TlsSetValue' redeclared without dllimport attribute: previous dllimport ignored [-Wattributes]
  648 | int __stdcall TlsSetValue(unsigned long, void *);
      |               ^~~~~~~~~~~
[618/663] Compiling C object libqemu-i386-softmmu.a.p/hw_xbox_nv2a_pgraph_gl_surface.c.obj
In file included from ../target/i386/cpu-qom.h:23,
                 from ../target/i386/cpu.h:24,
                 from /xemu/hw/xbox/nv2a/pgraph/pgraph.h:30,
                 from ../hw/xbox/nv2a/pgraph/gl/surface.c:22:
/xemu/include/hw/core/cpu.h:647:17: warning: redundant redeclaration of 'TlsGetValue' [-Wredundant-decls]
  647 | void *__stdcall TlsGetValue(unsigned long);
      |                 ^~~~~~~~~~~
In file included from /usr/local/mxe/usr/x86_64-w64-mingw32.static/include/winbase.h:29,
                 from /usr/local/mxe/usr/x86_64-w64-mingw32.static/include/windows.h:70,
                 from /usr/local/mxe/usr/x86_64-w64-mingw32.static/include/winsock2.h:23,
                 from /xemu/include/system/os-win32.h:29,
                 from /xemu/include/qemu/osdep.h:178,
                 from /xemu/hw/xbox/nv2a/pgraph/pgraph.h:26:
/usr/local/mxe/usr/x86_64-w64-mingw32.static/include/processthreadsapi.h:323:28: note: previous declaration of 'TlsGetValue' with type 'void *(DWORD)' {aka 'void *(long unsigned int)'}
  323 |   WINBASEAPI LPVOID WINAPI TlsGetValue (DWORD dwTlsIndex);
      |                            ^~~~~~~~~~~
/xemu/include/hw/core/cpu.h:647:17: warning: 'TlsGetValue' redeclared without dllimport attribute: previous dllimport ignored [-Wattributes]
  647 | void *__stdcall TlsGetValue(unsigned long);
      |                 ^~~~~~~~~~~
/xemu/include/hw/core/cpu.h:648:15: warning: redundant redeclaration of 'TlsSetValue' [-Wredundant-decls]
  648 | int __stdcall TlsSetValue(unsigned long, void *);
      |               ^~~~~~~~~~~
/usr/local/mxe/usr/x86_64-w64-mingw32.static/include/processthreadsapi.h:324:29: note: previous declaration of 'TlsSetValue' with type 'WINBOOL(DWORD,  void *)' {aka 'int(long unsigned int,  void *)'}
  324 |   WINBASEAPI WINBOOL WINAPI TlsSetValue (DWORD dwTlsIndex, LPVOID lpTlsValue);
      |                             ^~~~~~~~~~~
/xemu/include/hw/core/cpu.h:648:15: warning: 'TlsSetValue' redeclared without dllimport attribute: previous dllimport ignored [-Wattributes]
  648 | int __stdcall TlsSetValue(unsigned long, void *);
      |               ^~~~~~~~~~~
[619/663] Compiling C object libqemu-i386-softmmu.a.p/hw_xbox_nv2a_pgraph_vk_buffer.c.obj
In file included from /xemu/include/exec/cpu-common.h:13,
                 from /xemu/include/system/memory.h:17,
                 from /xemu/include/system/ioport.h:27,
                 from /xemu/hw/display/vga_int.h:29,
                 from /xemu/hw/xbox/nv2a/nv2a_int.h:37,
                 from ../hw/xbox/nv2a/pgraph/vk/renderer.h:28,
                 from ../hw/xbox/nv2a/pgraph/vk/buffer.c:20:
/xemu/include/hw/core/cpu.h:647:17: warning: redundant redeclaration of 'TlsGetValue' [-Wredundant-decls]
  647 | void *__stdcall TlsGetValue(unsigned long);
      |                 ^~~~~~~~~~~
In file included from /usr/local/mxe/usr/x86_64-w64-mingw32.static/include/winbase.h:29,
                 from /usr/local/mxe/usr/x86_64-w64-mingw32.static/include/windows.h:70,
                 from /usr/local/mxe/usr/x86_64-w64-mingw32.static/include/winsock2.h:23,
                 from /xemu/include/system/os-win32.h:29,
                 from /xemu/include/qemu/osdep.h:178,
                 from ../hw/xbox/nv2a/pgraph/vk/renderer.h:23:
/usr/local/mxe/usr/x86_64-w64-mingw32.static/include/processthreadsapi.h:323:28: note: previous declaration of 'TlsGetValue' with type 'void *(DWORD)' {aka 'void *(long unsigned int)'}
  323 |   WINBASEAPI LPVOID WINAPI TlsGetValue (DWORD dwTlsIndex);
      |                            ^~~~~~~~~~~
/xemu/include/hw/core/cpu.h:647:17: warning: 'TlsGetValue' redeclared without dllimport attribute: previous dllimport ignored [-Wattributes]
  647 | void *__stdcall TlsGetValue(unsigned long);
      |                 ^~~~~~~~~~~
/xemu/include/hw/core/cpu.h:648:15: warning: redundant redeclaration of 'TlsSetValue' [-Wredundant-decls]
  648 | int __stdcall TlsSetValue(unsigned long, void *);
      |               ^~~~~~~~~~~
/usr/local/mxe/usr/x86_64-w64-mingw32.static/include/processthreadsapi.h:324:29: note: previous declaration of 'TlsSetValue' with type 'WINBOOL(DWORD,  void *)' {aka 'int(long unsigned int,  void *)'}
  324 |   WINBASEAPI WINBOOL WINAPI TlsSetValue (DWORD dwTlsIndex, LPVOID lpTlsValue);
      |                             ^~~~~~~~~~~
/xemu/include/hw/core/cpu.h:648:15: warning: 'TlsSetValue' redeclared without dllimport attribute: previous dllimport ignored [-Wattributes]
  648 | int __stdcall TlsSetValue(unsigned long, void *);
      |               ^~~~~~~~~~~
[620/663] Compiling C object libqemu-i386-softmmu.a.p/hw_xbox_nv2a_pgraph_vk_command.c.obj
In file included from /xemu/include/exec/cpu-common.h:13,
                 from /xemu/include/system/memory.h:17,
                 from /xemu/include/system/ioport.h:27,
                 from /xemu/hw/display/vga_int.h:29,
                 from /xemu/hw/xbox/nv2a/nv2a_int.h:37,
                 from ../hw/xbox/nv2a/pgraph/vk/renderer.h:28,
                 from ../hw/xbox/nv2a/pgraph/vk/command.c:20:
/xemu/include/hw/core/cpu.h:647:17: warning: redundant redeclaration of 'TlsGetValue' [-Wredundant-decls]
  647 | void *__stdcall TlsGetValue(unsigned long);
      |                 ^~~~~~~~~~~
In file included from /usr/local/mxe/usr/x86_64-w64-mingw32.static/include/winbase.h:29,
                 from /usr/local/mxe/usr/x86_64-w64-mingw32.static/include/windows.h:70,
                 from /usr/local/mxe/usr/x86_64-w64-mingw32.static/include/winsock2.h:23,
                 from /xemu/include/system/os-win32.h:29,
                 from /xemu/include/qemu/osdep.h:178,
                 from ../hw/xbox/nv2a/pgraph/vk/renderer.h:23:
/usr/local/mxe/usr/x86_64-w64-mingw32.static/include/processthreadsapi.h:323:28: note: previous declaration of 'TlsGetValue' with type 'void *(DWORD)' {aka 'void *(long unsigned int)'}
  323 |   WINBASEAPI LPVOID WINAPI TlsGetValue (DWORD dwTlsIndex);
      |                            ^~~~~~~~~~~
/xemu/include/hw/core/cpu.h:647:17: warning: 'TlsGetValue' redeclared without dllimport attribute: previous dllimport ignored [-Wattributes]
  647 | void *__stdcall TlsGetValue(unsigned long);
      |                 ^~~~~~~~~~~
/xemu/include/hw/core/cpu.h:648:15: warning: redundant redeclaration of 'TlsSetValue' [-Wredundant-decls]
  648 | int __stdcall TlsSetValue(unsigned long, void *);
      |               ^~~~~~~~~~~
/usr/local/mxe/usr/x86_64-w64-mingw32.static/include/processthreadsapi.h:324:29: note: previous declaration of 'TlsSetValue' with type 'WINBOOL(DWORD,  void *)' {aka 'int(long unsigned int,  void *)'}
  324 |   WINBASEAPI WINBOOL WINAPI TlsSetValue (DWORD dwTlsIndex, LPVOID lpTlsValue);
      |                             ^~~~~~~~~~~
/xemu/include/hw/core/cpu.h:648:15: warning: 'TlsSetValue' redeclared without dllimport attribute: previous dllimport ignored [-Wattributes]
  648 | int __stdcall TlsSetValue(unsigned long, void *);
      |               ^~~~~~~~~~~
[621/663] Compiling C object libqemu-i386-softmmu.a.p/hw_xbox_nv2a_pgraph_vk_debug.c.obj
In file included from /xemu/include/exec/cpu-common.h:13,
                 from /xemu/include/system/memory.h:17,
                 from /xemu/include/system/ioport.h:27,
                 from /xemu/hw/display/vga_int.h:29,
                 from /xemu/hw/xbox/nv2a/nv2a_int.h:37,
                 from ../hw/xbox/nv2a/pgraph/vk/renderer.h:28,
                 from ../hw/xbox/nv2a/pgraph/vk/debug.c:20:
/xemu/include/hw/core/cpu.h:647:17: warning: redundant redeclaration of 'TlsGetValue' [-Wredundant-decls]
  647 | void *__stdcall TlsGetValue(unsigned long);
      |                 ^~~~~~~~~~~
In file included from /usr/local/mxe/usr/x86_64-w64-mingw32.static/include/winbase.h:29,
                 from /usr/local/mxe/usr/x86_64-w64-mingw32.static/include/windows.h:70,
                 from /usr/local/mxe/usr/x86_64-w64-mingw32.static/include/winsock2.h:23,
                 from /xemu/include/system/os-win32.h:29,
                 from /xemu/include/qemu/osdep.h:178,
                 from ../hw/xbox/nv2a/pgraph/vk/renderer.h:23:
/usr/local/mxe/usr/x86_64-w64-mingw32.static/include/processthreadsapi.h:323:28: note: previous declaration of 'TlsGetValue' with type 'void *(DWORD)' {aka 'void *(long unsigned int)'}
  323 |   WINBASEAPI LPVOID WINAPI TlsGetValue (DWORD dwTlsIndex);
      |                            ^~~~~~~~~~~
/xemu/include/hw/core/cpu.h:647:17: warning: 'TlsGetValue' redeclared without dllimport attribute: previous dllimport ignored [-Wattributes]
  647 | void *__stdcall TlsGetValue(unsigned long);
      |                 ^~~~~~~~~~~
/xemu/include/hw/core/cpu.h:648:15: warning: redundant redeclaration of 'TlsSetValue' [-Wredundant-decls]
  648 | int __stdcall TlsSetValue(unsigned long, void *);
      |               ^~~~~~~~~~~
/usr/local/mxe/usr/x86_64-w64-mingw32.static/include/processthreadsapi.h:324:29: note: previous declaration of 'TlsSetValue' with type 'WINBOOL(DWORD,  void *)' {aka 'int(long unsigned int,  void *)'}
  324 |   WINBASEAPI WINBOOL WINAPI TlsSetValue (DWORD dwTlsIndex, LPVOID lpTlsValue);
      |                             ^~~~~~~~~~~
/xemu/include/hw/core/cpu.h:648:15: warning: 'TlsSetValue' redeclared without dllimport attribute: previous dllimport ignored [-Wattributes]
  648 | int __stdcall TlsSetValue(unsigned long, void *);
      |               ^~~~~~~~~~~
[622/663] Compiling C object libqemu-i386-softmmu.a.p/hw_xbox_nv2a_pgraph_pgraph.c.obj
In file included from /xemu/include/exec/cpu-common.h:13,
                 from /xemu/include/system/memory.h:17,
                 from /xemu/include/system/ioport.h:27,
                 from /xemu/hw/display/vga_int.h:29,
                 from /xemu/hw/xbox/nv2a/nv2a_int.h:37,
                 from ../hw/xbox/nv2a/pgraph/pgraph.c:24:
/xemu/include/hw/core/cpu.h:647:17: warning: redundant redeclaration of 'TlsGetValue' [-Wredundant-decls]
  647 | void *__stdcall TlsGetValue(unsigned long);
      |                 ^~~~~~~~~~~
In file included from /usr/local/mxe/usr/x86_64-w64-mingw32.static/include/winbase.h:29,
                 from /usr/local/mxe/usr/x86_64-w64-mingw32.static/include/windows.h:70,
                 from /usr/local/mxe/usr/x86_64-w64-mingw32.static/include/winsock2.h:23,
                 from /xemu/include/system/os-win32.h:29,
                 from /xemu/include/qemu/osdep.h:178,
                 from /xemu/hw/xbox/nv2a/nv2a_int.h:27:
/usr/local/mxe/usr/x86_64-w64-mingw32.static/include/processthreadsapi.h:323:28: note: previous declaration of 'TlsGetValue' with type 'void *(DWORD)' {aka 'void *(long unsigned int)'}
  323 |   WINBASEAPI LPVOID WINAPI TlsGetValue (DWORD dwTlsIndex);
      |                            ^~~~~~~~~~~
/xemu/include/hw/core/cpu.h:647:17: warning: 'TlsGetValue' redeclared without dllimport attribute: previous dllimport ignored [-Wattributes]
  647 | void *__stdcall TlsGetValue(unsigned long);
      |                 ^~~~~~~~~~~
/xemu/include/hw/core/cpu.h:648:15: warning: redundant redeclaration of 'TlsSetValue' [-Wredundant-decls]
  648 | int __stdcall TlsSetValue(unsigned long, void *);
      |               ^~~~~~~~~~~
/usr/local/mxe/usr/x86_64-w64-mingw32.static/include/processthreadsapi.h:324:29: note: previous declaration of 'TlsSetValue' with type 'WINBOOL(DWORD,  void *)' {aka 'int(long unsigned int,  void *)'}
  324 |   WINBASEAPI WINBOOL WINAPI TlsSetValue (DWORD dwTlsIndex, LPVOID lpTlsValue);
      |                             ^~~~~~~~~~~
/xemu/include/hw/core/cpu.h:648:15: warning: 'TlsSetValue' redeclared without dllimport attribute: previous dllimport ignored [-Wattributes]
  648 | int __stdcall TlsSetValue(unsigned long, void *);
      |               ^~~~~~~~~~~
[623/663] Compiling C object libqemu-i386-softmmu.a.p/xemu-version.c.obj
[624/663] Compiling C object libqemu-i386-softmmu.a.p/hw_xbox_mcpx_aci.c.obj
In file included from /xemu/include/exec/cpu-common.h:13,
                 from /xemu/include/system/memory.h:17,
                 from /xemu/include/hw/boards.h:6,
                 from /xemu/include/hw/i386/pc.h:7,
                 from ../hw/xbox/mcpx/aci.c:23:
/xemu/include/hw/core/cpu.h:647:17: warning: redundant redeclaration of 'TlsGetValue' [-Wredundant-decls]
  647 | void *__stdcall TlsGetValue(unsigned long);
      |                 ^~~~~~~~~~~
In file included from /usr/local/mxe/usr/x86_64-w64-mingw32.static/include/winbase.h:29,
                 from /usr/local/mxe/usr/x86_64-w64-mingw32.static/include/windows.h:70,
                 from /usr/local/mxe/usr/x86_64-w64-mingw32.static/include/winsock2.h:23,
                 from /xemu/include/system/os-win32.h:29,
                 from /xemu/include/qemu/osdep.h:178,
                 from ../hw/xbox/mcpx/aci.c:21:
/usr/local/mxe/usr/x86_64-w64-mingw32.static/include/processthreadsapi.h:323:28: note: previous declaration of 'TlsGetValue' with type 'void *(DWORD)' {aka 'void *(long unsigned int)'}
  323 |   WINBASEAPI LPVOID WINAPI TlsGetValue (DWORD dwTlsIndex);
      |                            ^~~~~~~~~~~
/xemu/include/hw/core/cpu.h:647:17: warning: 'TlsGetValue' redeclared without dllimport attribute: previous dllimport ignored [-Wattributes]
  647 | void *__stdcall TlsGetValue(unsigned long);
      |                 ^~~~~~~~~~~
/xemu/include/hw/core/cpu.h:648:15: warning: redundant redeclaration of 'TlsSetValue' [-Wredundant-decls]
  648 | int __stdcall TlsSetValue(unsigned long, void *);
      |               ^~~~~~~~~~~
/usr/local/mxe/usr/x86_64-w64-mingw32.static/include/processthreadsapi.h:324:29: note: previous declaration of 'TlsSetValue' with type 'WINBOOL(DWORD,  void *)' {aka 'int(long unsigned int,  void *)'}
  324 |   WINBASEAPI WINBOOL WINAPI TlsSetValue (DWORD dwTlsIndex, LPVOID lpTlsValue);
      |                             ^~~~~~~~~~~
/xemu/include/hw/core/cpu.h:648:15: warning: 'TlsSetValue' redeclared without dllimport attribute: previous dllimport ignored [-Wattributes]
  648 | int __stdcall TlsSetValue(unsigned long, void *);
      |               ^~~~~~~~~~~
[625/663] Compiling C object libqemu-i386-softmmu.a.p/hw_xbox_nv2a_pgraph_vk_image.c.obj
In file included from /xemu/include/exec/cpu-common.h:13,
                 from /xemu/include/system/memory.h:17,
                 from /xemu/include/system/ioport.h:27,
                 from /xemu/hw/display/vga_int.h:29,
                 from /xemu/hw/xbox/nv2a/nv2a_int.h:37,
                 from ../hw/xbox/nv2a/pgraph/vk/renderer.h:28,
                 from ../hw/xbox/nv2a/pgraph/vk/image.c:20:
/xemu/include/hw/core/cpu.h:647:17: warning: redundant redeclaration of 'TlsGetValue' [-Wredundant-decls]
  647 | void *__stdcall TlsGetValue(unsigned long);
      |                 ^~~~~~~~~~~
In file included from /usr/local/mxe/usr/x86_64-w64-mingw32.static/include/winbase.h:29,
                 from /usr/local/mxe/usr/x86_64-w64-mingw32.static/include/windows.h:70,
                 from /usr/local/mxe/usr/x86_64-w64-mingw32.static/include/winsock2.h:23,
                 from /xemu/include/system/os-win32.h:29,
                 from /xemu/include/qemu/osdep.h:178,
                 from ../hw/xbox/nv2a/pgraph/vk/renderer.h:23:
/usr/local/mxe/usr/x86_64-w64-mingw32.static/include/processthreadsapi.h:323:28: note: previous declaration of 'TlsGetValue' with type 'void *(DWORD)' {aka 'void *(long unsigned int)'}
  323 |   WINBASEAPI LPVOID WINAPI TlsGetValue (DWORD dwTlsIndex);
      |                            ^~~~~~~~~~~
/xemu/include/hw/core/cpu.h:647:17: warning: 'TlsGetValue' redeclared without dllimport attribute: previous dllimport ignored [-Wattributes]
  647 | void *__stdcall TlsGetValue(unsigned long);
      |                 ^~~~~~~~~~~
/xemu/include/hw/core/cpu.h:648:15: warning: redundant redeclaration of 'TlsSetValue' [-Wredundant-decls]
  648 | int __stdcall TlsSetValue(unsigned long, void *);
      |               ^~~~~~~~~~~
/usr/local/mxe/usr/x86_64-w64-mingw32.static/include/processthreadsapi.h:324:29: note: previous declaration of 'TlsSetValue' with type 'WINBOOL(DWORD,  void *)' {aka 'int(long unsigned int,  void *)'}
  324 |   WINBASEAPI WINBOOL WINAPI TlsSetValue (DWORD dwTlsIndex, LPVOID lpTlsValue);
      |                             ^~~~~~~~~~~
/xemu/include/hw/core/cpu.h:648:15: warning: 'TlsSetValue' redeclared without dllimport attribute: previous dllimport ignored [-Wattributes]
  648 | int __stdcall TlsSetValue(unsigned long, void *);
      |               ^~~~~~~~~~~
[626/663] Compiling C object libqemu-i386-softmmu.a.p/hw_xbox_nv2a_pgraph_vk_glsl.c.obj
In file included from /xemu/include/exec/cpu-common.h:13,
                 from /xemu/include/system/memory.h:17,
                 from /xemu/include/system/ioport.h:27,
                 from /xemu/hw/display/vga_int.h:29,
                 from /xemu/hw/xbox/nv2a/nv2a_int.h:37,
                 from ../hw/xbox/nv2a/pgraph/vk/renderer.h:28,
                 from ../hw/xbox/nv2a/pgraph/vk/glsl.c:21:
/xemu/include/hw/core/cpu.h:647:17: warning: redundant redeclaration of 'TlsGetValue' [-Wredundant-decls]
  647 | void *__stdcall TlsGetValue(unsigned long);
      |                 ^~~~~~~~~~~
In file included from /usr/local/mxe/usr/x86_64-w64-mingw32.static/include/winbase.h:29,
                 from /usr/local/mxe/usr/x86_64-w64-mingw32.static/include/windows.h:70,
                 from /usr/local/mxe/usr/x86_64-w64-mingw32.static/include/winsock2.h:23,
                 from /xemu/include/system/os-win32.h:29,
                 from /xemu/include/qemu/osdep.h:178,
                 from ../hw/xbox/nv2a/pgraph/vk/renderer.h:23:
/usr/local/mxe/usr/x86_64-w64-mingw32.static/include/processthreadsapi.h:323:28: note: previous declaration of 'TlsGetValue' with type 'void *(DWORD)' {aka 'void *(long unsigned int)'}
  323 |   WINBASEAPI LPVOID WINAPI TlsGetValue (DWORD dwTlsIndex);
      |                            ^~~~~~~~~~~
/xemu/include/hw/core/cpu.h:647:17: warning: 'TlsGetValue' redeclared without dllimport attribute: previous dllimport ignored [-Wattributes]
  647 | void *__stdcall TlsGetValue(unsigned long);
      |                 ^~~~~~~~~~~
/xemu/include/hw/core/cpu.h:648:15: warning: redundant redeclaration of 'TlsSetValue' [-Wredundant-decls]
  648 | int __stdcall TlsSetValue(unsigned long, void *);
      |               ^~~~~~~~~~~
/usr/local/mxe/usr/x86_64-w64-mingw32.static/include/processthreadsapi.h:324:29: note: previous declaration of 'TlsSetValue' with type 'WINBOOL(DWORD,  void *)' {aka 'int(long unsigned int,  void *)'}
  324 |   WINBASEAPI WINBOOL WINAPI TlsSetValue (DWORD dwTlsIndex, LPVOID lpTlsValue);
      |                             ^~~~~~~~~~~
/xemu/include/hw/core/cpu.h:648:15: warning: 'TlsSetValue' redeclared without dllimport attribute: previous dllimport ignored [-Wattributes]
  648 | int __stdcall TlsSetValue(unsigned long, void *);
      |               ^~~~~~~~~~~
[627/663] Compiling C object libqemu-i386-softmmu.a.p/hw_xbox_mcpx_apu_monitor.c.obj
In file included from ../subprojects/SDL3-3.4.10/include/SDL3/SDL.h:35,
                 from ../hw/xbox/mcpx/apu/apu_int.h:26,
                 from ../hw/xbox/mcpx/apu/monitor.c:20:
../subprojects/SDL3-3.4.10/include/SDL3/SDL_assert.h:131:25: warning: redundant redeclaration of '__debugbreak' [-Wredundant-decls]
  131 |     extern void __cdecl __debugbreak(void);
      |                         ^~~~~~~~~~~~
In file included from /usr/local/mxe/usr/x86_64-w64-mingw32.static/include/vadefs.h:9,
                 from /usr/local/mxe/usr/x86_64-w64-mingw32.static/include/_mingw_stdarg.h:14,
                 from /usr/local/mxe/usr/x86_64-w64-mingw32.static/include/stdarg.h:140,
                 from /usr/local/mxe/usr/lib/gcc/x86_64-w64-mingw32.static/16.1.0/include/stdarg.h:1,
                 from /xemu/include/qemu/osdep.h:108,
                 from ../hw/xbox/mcpx/apu/apu_int.h:24:
/usr/local/mxe/usr/x86_64-w64-mingw32.static/include/_mingw.h:605:36: note: previous definition of '__debugbreak' with type 'void(void)'
  605 | __MINGW_INTRIN_INLINE void __cdecl __debugbreak(void)
      |                                    ^~~~~~~~~~~~
In file included from /xemu/include/exec/cpu-common.h:13,
                 from /xemu/include/system/memory.h:17,
                 from /xemu/include/hw/pci/pci.h:4,
                 from ../hw/xbox/mcpx/apu/apu_int.h:28:
/xemu/include/hw/core/cpu.h:647:17: warning: redundant redeclaration of 'TlsGetValue' [-Wredundant-decls]
  647 | void *__stdcall TlsGetValue(unsigned long);
      |                 ^~~~~~~~~~~
In file included from /usr/local/mxe/usr/x86_64-w64-mingw32.static/include/winbase.h:29,
                 from /usr/local/mxe/usr/x86_64-w64-mingw32.static/include/windows.h:70,
                 from /usr/local/mxe/usr/x86_64-w64-mingw32.static/include/winsock2.h:23,
                 from /xemu/include/system/os-win32.h:29,
                 from /xemu/include/qemu/osdep.h:178:
/usr/local/mxe/usr/x86_64-w64-mingw32.static/include/processthreadsapi.h:323:28: note: previous declaration of 'TlsGetValue' with type 'void *(DWORD)' {aka 'void *(long unsigned int)'}
  323 |   WINBASEAPI LPVOID WINAPI TlsGetValue (DWORD dwTlsIndex);
      |                            ^~~~~~~~~~~
/xemu/include/hw/core/cpu.h:647:17: warning: 'TlsGetValue' redeclared without dllimport attribute: previous dllimport ignored [-Wattributes]
  647 | void *__stdcall TlsGetValue(unsigned long);
      |                 ^~~~~~~~~~~
/xemu/include/hw/core/cpu.h:648:15: warning: redundant redeclaration of 'TlsSetValue' [-Wredundant-decls]
  648 | int __stdcall TlsSetValue(unsigned long, void *);
      |               ^~~~~~~~~~~
/usr/local/mxe/usr/x86_64-w64-mingw32.static/include/processthreadsapi.h:324:29: note: previous declaration of 'TlsSetValue' with type 'WINBOOL(DWORD,  void *)' {aka 'int(long unsigned int,  void *)'}
  324 |   WINBASEAPI WINBOOL WINAPI TlsSetValue (DWORD dwTlsIndex, LPVOID lpTlsValue);
      |                             ^~~~~~~~~~~
/xemu/include/hw/core/cpu.h:648:15: warning: 'TlsSetValue' redeclared without dllimport attribute: previous dllimport ignored [-Wattributes]
  648 | int __stdcall TlsSetValue(unsigned long, void *);
      |               ^~~~~~~~~~~
[628/663] Compiling C object libqemu-i386-softmmu.a.p/hw_xbox_mcpx_apu_debug.c.obj
In file included from ../subprojects/SDL3-3.4.10/include/SDL3/SDL.h:35,
                 from ../hw/xbox/mcpx/apu/apu_int.h:26,
                 from ../hw/xbox/mcpx/apu/debug.c:22:
../subprojects/SDL3-3.4.10/include/SDL3/SDL_assert.h:131:25: warning: redundant redeclaration of '__debugbreak' [-Wredundant-decls]
  131 |     extern void __cdecl __debugbreak(void);
      |                         ^~~~~~~~~~~~
In file included from /usr/local/mxe/usr/x86_64-w64-mingw32.static/include/vadefs.h:9,
                 from /usr/local/mxe/usr/x86_64-w64-mingw32.static/include/_mingw_stdarg.h:14,
                 from /usr/local/mxe/usr/x86_64-w64-mingw32.static/include/stdarg.h:140,
                 from /usr/local/mxe/usr/lib/gcc/x86_64-w64-mingw32.static/16.1.0/include/stdarg.h:1,
                 from /xemu/include/qemu/osdep.h:108,
                 from ../hw/xbox/mcpx/apu/apu_int.h:24:
/usr/local/mxe/usr/x86_64-w64-mingw32.static/include/_mingw.h:605:36: note: previous definition of '__debugbreak' with type 'void(void)'
  605 | __MINGW_INTRIN_INLINE void __cdecl __debugbreak(void)
      |                                    ^~~~~~~~~~~~
In file included from /xemu/include/exec/cpu-common.h:13,
                 from /xemu/include/system/memory.h:17,
                 from /xemu/include/hw/pci/pci.h:4,
                 from ../hw/xbox/mcpx/apu/apu_int.h:28:
/xemu/include/hw/core/cpu.h:647:17: warning: redundant redeclaration of 'TlsGetValue' [-Wredundant-decls]
  647 | void *__stdcall TlsGetValue(unsigned long);
      |                 ^~~~~~~~~~~
In file included from /usr/local/mxe/usr/x86_64-w64-mingw32.static/include/winbase.h:29,
                 from /usr/local/mxe/usr/x86_64-w64-mingw32.static/include/windows.h:70,
                 from /usr/local/mxe/usr/x86_64-w64-mingw32.static/include/winsock2.h:23,
                 from /xemu/include/system/os-win32.h:29,
                 from /xemu/include/qemu/osdep.h:178:
/usr/local/mxe/usr/x86_64-w64-mingw32.static/include/processthreadsapi.h:323:28: note: previous declaration of 'TlsGetValue' with type 'void *(DWORD)' {aka 'void *(long unsigned int)'}
  323 |   WINBASEAPI LPVOID WINAPI TlsGetValue (DWORD dwTlsIndex);
      |                            ^~~~~~~~~~~
/xemu/include/hw/core/cpu.h:647:17: warning: 'TlsGetValue' redeclared without dllimport attribute: previous dllimport ignored [-Wattributes]
  647 | void *__stdcall TlsGetValue(unsigned long);
      |                 ^~~~~~~~~~~
/xemu/include/hw/core/cpu.h:648:15: warning: redundant redeclaration of 'TlsSetValue' [-Wredundant-decls]
  648 | int __stdcall TlsSetValue(unsigned long, void *);
      |               ^~~~~~~~~~~
/usr/local/mxe/usr/x86_64-w64-mingw32.static/include/processthreadsapi.h:324:29: note: previous declaration of 'TlsSetValue' with type 'WINBOOL(DWORD,  void *)' {aka 'int(long unsigned int,  void *)'}
  324 |   WINBASEAPI WINBOOL WINAPI TlsSetValue (DWORD dwTlsIndex, LPVOID lpTlsValue);
      |                             ^~~~~~~~~~~
/xemu/include/hw/core/cpu.h:648:15: warning: 'TlsSetValue' redeclared without dllimport attribute: previous dllimport ignored [-Wattributes]
  648 | int __stdcall TlsSetValue(unsigned long, void *);
      |               ^~~~~~~~~~~
[629/663] Compiling C object libqemu-i386-softmmu.a.p/hw_xbox_nv2a_pgraph_vk_renderer.c.obj
In file included from /xemu/include/exec/cpu-common.h:13,
                 from /xemu/include/system/memory.h:17,
                 from /xemu/include/system/ioport.h:27,
                 from /xemu/hw/display/vga_int.h:29,
                 from /xemu/hw/xbox/nv2a/nv2a_int.h:37,
                 from ../hw/xbox/nv2a/pgraph/vk/renderer.c:20:
/xemu/include/hw/core/cpu.h:647:17: warning: redundant redeclaration of 'TlsGetValue' [-Wredundant-decls]
  647 | void *__stdcall TlsGetValue(unsigned long);
      |                 ^~~~~~~~~~~
In file included from /usr/local/mxe/usr/x86_64-w64-mingw32.static/include/winbase.h:29,
                 from /usr/local/mxe/usr/x86_64-w64-mingw32.static/include/windows.h:70,
                 from /usr/local/mxe/usr/x86_64-w64-mingw32.static/include/winsock2.h:23,
                 from /xemu/include/system/os-win32.h:29,
                 from /xemu/include/qemu/osdep.h:178,
                 from /xemu/hw/xbox/nv2a/nv2a_int.h:27:
/usr/local/mxe/usr/x86_64-w64-mingw32.static/include/processthreadsapi.h:323:28: note: previous declaration of 'TlsGetValue' with type 'void *(DWORD)' {aka 'void *(long unsigned int)'}
  323 |   WINBASEAPI LPVOID WINAPI TlsGetValue (DWORD dwTlsIndex);
      |                            ^~~~~~~~~~~
/xemu/include/hw/core/cpu.h:647:17: warning: 'TlsGetValue' redeclared without dllimport attribute: previous dllimport ignored [-Wattributes]
  647 | void *__stdcall TlsGetValue(unsigned long);
      |                 ^~~~~~~~~~~
/xemu/include/hw/core/cpu.h:648:15: warning: redundant redeclaration of 'TlsSetValue' [-Wredundant-decls]
  648 | int __stdcall TlsSetValue(unsigned long, void *);
      |               ^~~~~~~~~~~
/usr/local/mxe/usr/x86_64-w64-mingw32.static/include/processthreadsapi.h:324:29: note: previous declaration of 'TlsSetValue' with type 'WINBOOL(DWORD,  void *)' {aka 'int(long unsigned int,  void *)'}
  324 |   WINBASEAPI WINBOOL WINAPI TlsSetValue (DWORD dwTlsIndex, LPVOID lpTlsValue);
      |                             ^~~~~~~~~~~
/xemu/include/hw/core/cpu.h:648:15: warning: 'TlsSetValue' redeclared without dllimport attribute: previous dllimport ignored [-Wattributes]
  648 | int __stdcall TlsSetValue(unsigned long, void *);
      |               ^~~~~~~~~~~
[630/663] Compiling C object libqemu-i386-softmmu.a.p/hw_xbox_nv2a_pgraph_vk_gpuprops.c.obj
In file included from /xemu/include/exec/cpu-common.h:13,
                 from /xemu/include/system/memory.h:17,
                 from /xemu/include/system/ioport.h:27,
                 from /xemu/hw/display/vga_int.h:29,
                 from /xemu/hw/xbox/nv2a/nv2a_int.h:37,
                 from ../hw/xbox/nv2a/pgraph/vk/renderer.h:28,
                 from ../hw/xbox/nv2a/pgraph/vk/gpuprops.c:21:
/xemu/include/hw/core/cpu.h:647:17: warning: redundant redeclaration of 'TlsGetValue' [-Wredundant-decls]
  647 | void *__stdcall TlsGetValue(unsigned long);
      |                 ^~~~~~~~~~~
In file included from /usr/local/mxe/usr/x86_64-w64-mingw32.static/include/winbase.h:29,
                 from /usr/local/mxe/usr/x86_64-w64-mingw32.static/include/windows.h:70,
                 from /usr/local/mxe/usr/x86_64-w64-mingw32.static/include/winsock2.h:23,
                 from /xemu/include/system/os-win32.h:29,
                 from /xemu/include/qemu/osdep.h:178,
                 from ../hw/xbox/nv2a/pgraph/vk/renderer.h:23:
/usr/local/mxe/usr/x86_64-w64-mingw32.static/include/processthreadsapi.h:323:28: note: previous declaration of 'TlsGetValue' with type 'void *(DWORD)' {aka 'void *(long unsigned int)'}
  323 |   WINBASEAPI LPVOID WINAPI TlsGetValue (DWORD dwTlsIndex);
      |                            ^~~~~~~~~~~
/xemu/include/hw/core/cpu.h:647:17: warning: 'TlsGetValue' redeclared without dllimport attribute: previous dllimport ignored [-Wattributes]
  647 | void *__stdcall TlsGetValue(unsigned long);
      |                 ^~~~~~~~~~~
/xemu/include/hw/core/cpu.h:648:15: warning: redundant redeclaration of 'TlsSetValue' [-Wredundant-decls]
  648 | int __stdcall TlsSetValue(unsigned long, void *);
      |               ^~~~~~~~~~~
/usr/local/mxe/usr/x86_64-w64-mingw32.static/include/processthreadsapi.h:324:29: note: previous declaration of 'TlsSetValue' with type 'WINBOOL(DWORD,  void *)' {aka 'int(long unsigned int,  void *)'}
  324 |   WINBASEAPI WINBOOL WINAPI TlsSetValue (DWORD dwTlsIndex, LPVOID lpTlsValue);
      |                             ^~~~~~~~~~~
/xemu/include/hw/core/cpu.h:648:15: warning: 'TlsSetValue' redeclared without dllimport attribute: previous dllimport ignored [-Wattributes]
  648 | int __stdcall TlsSetValue(unsigned long, void *);
      |               ^~~~~~~~~~~
[631/663] Compiling C object libqemu-i386-softmmu.a.p/hw_xbox_mcpx_apu_apu.c.obj
In file included from ../subprojects/SDL3-3.4.10/include/SDL3/SDL.h:35,
                 from ../hw/xbox/mcpx/apu/apu_int.h:26,
                 from ../hw/xbox/mcpx/apu/apu.c:22:
../subprojects/SDL3-3.4.10/include/SDL3/SDL_assert.h:131:25: warning: redundant redeclaration of '__debugbreak' [-Wredundant-decls]
  131 |     extern void __cdecl __debugbreak(void);
      |                         ^~~~~~~~~~~~
In file included from /usr/local/mxe/usr/x86_64-w64-mingw32.static/include/vadefs.h:9,
                 from /usr/local/mxe/usr/x86_64-w64-mingw32.static/include/_mingw_stdarg.h:14,
                 from /usr/local/mxe/usr/x86_64-w64-mingw32.static/include/stdarg.h:140,
                 from /usr/local/mxe/usr/lib/gcc/x86_64-w64-mingw32.static/16.1.0/include/stdarg.h:1,
                 from /xemu/include/qemu/osdep.h:108,
                 from ../hw/xbox/mcpx/apu/apu_int.h:24:
/usr/local/mxe/usr/x86_64-w64-mingw32.static/include/_mingw.h:605:36: note: previous definition of '__debugbreak' with type 'void(void)'
  605 | __MINGW_INTRIN_INLINE void __cdecl __debugbreak(void)
      |                                    ^~~~~~~~~~~~
In file included from /xemu/include/exec/cpu-common.h:13,
                 from /xemu/include/system/memory.h:17,
                 from /xemu/include/hw/pci/pci.h:4,
                 from ../hw/xbox/mcpx/apu/apu_int.h:28:
/xemu/include/hw/core/cpu.h:647:17: warning: redundant redeclaration of 'TlsGetValue' [-Wredundant-decls]
  647 | void *__stdcall TlsGetValue(unsigned long);
      |                 ^~~~~~~~~~~
In file included from /usr/local/mxe/usr/x86_64-w64-mingw32.static/include/winbase.h:29,
                 from /usr/local/mxe/usr/x86_64-w64-mingw32.static/include/windows.h:70,
                 from /usr/local/mxe/usr/x86_64-w64-mingw32.static/include/winsock2.h:23,
                 from /xemu/include/system/os-win32.h:29,
                 from /xemu/include/qemu/osdep.h:178:
/usr/local/mxe/usr/x86_64-w64-mingw32.static/include/processthreadsapi.h:323:28: note: previous declaration of 'TlsGetValue' with type 'void *(DWORD)' {aka 'void *(long unsigned int)'}
  323 |   WINBASEAPI LPVOID WINAPI TlsGetValue (DWORD dwTlsIndex);
      |                            ^~~~~~~~~~~
/xemu/include/hw/core/cpu.h:647:17: warning: 'TlsGetValue' redeclared without dllimport attribute: previous dllimport ignored [-Wattributes]
  647 | void *__stdcall TlsGetValue(unsigned long);
      |                 ^~~~~~~~~~~
/xemu/include/hw/core/cpu.h:648:15: warning: redundant redeclaration of 'TlsSetValue' [-Wredundant-decls]
  648 | int __stdcall TlsSetValue(unsigned long, void *);
      |               ^~~~~~~~~~~
/usr/local/mxe/usr/x86_64-w64-mingw32.static/include/processthreadsapi.h:324:29: note: previous declaration of 'TlsSetValue' with type 'WINBOOL(DWORD,  void *)' {aka 'int(long unsigned int,  void *)'}
  324 |   WINBASEAPI WINBOOL WINAPI TlsSetValue (DWORD dwTlsIndex, LPVOID lpTlsValue);
      |                             ^~~~~~~~~~~
/xemu/include/hw/core/cpu.h:648:15: warning: 'TlsSetValue' redeclared without dllimport attribute: previous dllimport ignored [-Wattributes]
  648 | int __stdcall TlsSetValue(unsigned long, void *);
      |               ^~~~~~~~~~~
[632/663] Compiling C object libqemu-i386-softmmu.a.p/hw_xbox_nv2a_pgraph_vk_display.c.obj
In file included from /xemu/include/exec/cpu-common.h:13,
                 from /xemu/include/system/memory.h:17,
                 from /xemu/include/system/ioport.h:27,
                 from /xemu/hw/display/vga_int.h:29,
                 from /xemu/hw/xbox/nv2a/nv2a_int.h:37,
                 from ../hw/xbox/nv2a/pgraph/vk/renderer.h:28,
                 from ../hw/xbox/nv2a/pgraph/vk/display.c:20:
/xemu/include/hw/core/cpu.h:647:17: warning: redundant redeclaration of 'TlsGetValue' [-Wredundant-decls]
  647 | void *__stdcall TlsGetValue(unsigned long);
      |                 ^~~~~~~~~~~
In file included from /usr/local/mxe/usr/x86_64-w64-mingw32.static/include/winbase.h:29,
                 from /usr/local/mxe/usr/x86_64-w64-mingw32.static/include/windows.h:70,
                 from /usr/local/mxe/usr/x86_64-w64-mingw32.static/include/winsock2.h:23,
                 from /xemu/include/system/os-win32.h:29,
                 from /xemu/include/qemu/osdep.h:178,
                 from ../hw/xbox/nv2a/pgraph/vk/renderer.h:23:
/usr/local/mxe/usr/x86_64-w64-mingw32.static/include/processthreadsapi.h:323:28: note: previous declaration of 'TlsGetValue' with type 'void *(DWORD)' {aka 'void *(long unsigned int)'}
  323 |   WINBASEAPI LPVOID WINAPI TlsGetValue (DWORD dwTlsIndex);
      |                            ^~~~~~~~~~~
/xemu/include/hw/core/cpu.h:647:17: warning: 'TlsGetValue' redeclared without dllimport attribute: previous dllimport ignored [-Wattributes]
  647 | void *__stdcall TlsGetValue(unsigned long);
      |                 ^~~~~~~~~~~
/xemu/include/hw/core/cpu.h:648:15: warning: redundant redeclaration of 'TlsSetValue' [-Wredundant-decls]
  648 | int __stdcall TlsSetValue(unsigned long, void *);
      |               ^~~~~~~~~~~
/usr/local/mxe/usr/x86_64-w64-mingw32.static/include/processthreadsapi.h:324:29: note: previous declaration of 'TlsSetValue' with type 'WINBOOL(DWORD,  void *)' {aka 'int(long unsigned int,  void *)'}
  324 |   WINBASEAPI WINBOOL WINAPI TlsSetValue (DWORD dwTlsIndex, LPVOID lpTlsValue);
      |                             ^~~~~~~~~~~
/xemu/include/hw/core/cpu.h:648:15: warning: 'TlsSetValue' redeclared without dllimport attribute: previous dllimport ignored [-Wattributes]
  648 | int __stdcall TlsSetValue(unsigned long, void *);
      |               ^~~~~~~~~~~
[633/663] Compiling C object libqemu-i386-softmmu.a.p/hw_xbox_nv2a_pgraph_vk_instance.c.obj
In file included from /xemu/include/exec/cpu-common.h:13,
                 from /xemu/include/system/memory.h:17,
                 from /xemu/include/system/ioport.h:27,
                 from /xemu/hw/display/vga_int.h:29,
                 from /xemu/hw/xbox/nv2a/nv2a_int.h:37,
                 from ../hw/xbox/nv2a/pgraph/vk/renderer.h:28,
                 from ../hw/xbox/nv2a/pgraph/vk/instance.c:22:
/xemu/include/hw/core/cpu.h:647:17: warning: redundant redeclaration of 'TlsGetValue' [-Wredundant-decls]
  647 | void *__stdcall TlsGetValue(unsigned long);
      |                 ^~~~~~~~~~~
In file included from /usr/local/mxe/usr/x86_64-w64-mingw32.static/include/winbase.h:29,
                 from /usr/local/mxe/usr/x86_64-w64-mingw32.static/include/windows.h:70,
                 from /usr/local/mxe/usr/x86_64-w64-mingw32.static/include/winsock2.h:23,
                 from /xemu/include/system/os-win32.h:29,
                 from /xemu/include/qemu/osdep.h:178,
                 from ../hw/xbox/nv2a/pgraph/vk/instance.c:20:
/usr/local/mxe/usr/x86_64-w64-mingw32.static/include/processthreadsapi.h:323:28: note: previous declaration of 'TlsGetValue' with type 'void *(DWORD)' {aka 'void *(long unsigned int)'}
  323 |   WINBASEAPI LPVOID WINAPI TlsGetValue (DWORD dwTlsIndex);
      |                            ^~~~~~~~~~~
/xemu/include/hw/core/cpu.h:647:17: warning: 'TlsGetValue' redeclared without dllimport attribute: previous dllimport ignored [-Wattributes]
  647 | void *__stdcall TlsGetValue(unsigned long);
      |                 ^~~~~~~~~~~
/xemu/include/hw/core/cpu.h:648:15: warning: redundant redeclaration of 'TlsSetValue' [-Wredundant-decls]
  648 | int __stdcall TlsSetValue(unsigned long, void *);
      |               ^~~~~~~~~~~
/usr/local/mxe/usr/x86_64-w64-mingw32.static/include/processthreadsapi.h:324:29: note: previous declaration of 'TlsSetValue' with type 'WINBOOL(DWORD,  void *)' {aka 'int(long unsigned int,  void *)'}
  324 |   WINBASEAPI WINBOOL WINAPI TlsSetValue (DWORD dwTlsIndex, LPVOID lpTlsValue);
      |                             ^~~~~~~~~~~
/xemu/include/hw/core/cpu.h:648:15: warning: 'TlsSetValue' redeclared without dllimport attribute: previous dllimport ignored [-Wattributes]
  648 | int __stdcall TlsSetValue(unsigned long, void *);
      |               ^~~~~~~~~~~
[634/663] Compiling C object libqemu-i386-softmmu.a.p/hw_xbox_nv2a_pgraph_vk_vertex.c.obj
In file included from /xemu/include/exec/cpu-common.h:13,
                 from /xemu/include/system/memory.h:17,
                 from /xemu/include/system/ioport.h:27,
                 from /xemu/hw/display/vga_int.h:29,
                 from /xemu/hw/xbox/nv2a/nv2a_int.h:37,
                 from ../hw/xbox/nv2a/pgraph/vk/renderer.h:28,
                 from ../hw/xbox/nv2a/pgraph/vk/vertex.c:26:
/xemu/include/hw/core/cpu.h:647:17: warning: redundant redeclaration of 'TlsGetValue' [-Wredundant-decls]
  647 | void *__stdcall TlsGetValue(unsigned long);
      |                 ^~~~~~~~~~~
In file included from /usr/local/mxe/usr/x86_64-w64-mingw32.static/include/winbase.h:29,
                 from /usr/local/mxe/usr/x86_64-w64-mingw32.static/include/windows.h:70,
                 from /usr/local/mxe/usr/x86_64-w64-mingw32.static/include/winsock2.h:23,
                 from /xemu/include/system/os-win32.h:29,
                 from /xemu/include/qemu/osdep.h:178,
                 from ../hw/xbox/nv2a/pgraph/vk/renderer.h:23:
/usr/local/mxe/usr/x86_64-w64-mingw32.static/include/processthreadsapi.h:323:28: note: previous declaration of 'TlsGetValue' with type 'void *(DWORD)' {aka 'void *(long unsigned int)'}
  323 |   WINBASEAPI LPVOID WINAPI TlsGetValue (DWORD dwTlsIndex);
      |                            ^~~~~~~~~~~
/xemu/include/hw/core/cpu.h:647:17: warning: 'TlsGetValue' redeclared without dllimport attribute: previous dllimport ignored [-Wattributes]
  647 | void *__stdcall TlsGetValue(unsigned long);
      |                 ^~~~~~~~~~~
/xemu/include/hw/core/cpu.h:648:15: warning: redundant redeclaration of 'TlsSetValue' [-Wredundant-decls]
  648 | int __stdcall TlsSetValue(unsigned long, void *);
      |               ^~~~~~~~~~~
/usr/local/mxe/usr/x86_64-w64-mingw32.static/include/processthreadsapi.h:324:29: note: previous declaration of 'TlsSetValue' with type 'WINBOOL(DWORD,  void *)' {aka 'int(long unsigned int,  void *)'}
  324 |   WINBASEAPI WINBOOL WINAPI TlsSetValue (DWORD dwTlsIndex, LPVOID lpTlsValue);
      |                             ^~~~~~~~~~~
/xemu/include/hw/core/cpu.h:648:15: warning: 'TlsSetValue' redeclared without dllimport attribute: previous dllimport ignored [-Wattributes]
  648 | int __stdcall TlsSetValue(unsigned long, void *);
      |               ^~~~~~~~~~~
[635/663] Compiling C object libqemu-i386-softmmu.a.p/hw_xbox_nv2a_pgraph_vk_surface-compute.c.obj
In file included from ../target/i386/cpu-qom.h:23,
                 from ../target/i386/cpu.h:24,
                 from /xemu/hw/xbox/nv2a/pgraph/pgraph.h:30,
                 from ../hw/xbox/nv2a/pgraph/vk/surface-compute.c:20:
/xemu/include/hw/core/cpu.h:647:17: warning: redundant redeclaration of 'TlsGetValue' [-Wredundant-decls]
  647 | void *__stdcall TlsGetValue(unsigned long);
      |                 ^~~~~~~~~~~
In file included from /usr/local/mxe/usr/x86_64-w64-mingw32.static/include/winbase.h:29,
                 from /usr/local/mxe/usr/x86_64-w64-mingw32.static/include/windows.h:70,
                 from /usr/local/mxe/usr/x86_64-w64-mingw32.static/include/winsock2.h:23,
                 from /xemu/include/system/os-win32.h:29,
                 from /xemu/include/qemu/osdep.h:178,
                 from /xemu/hw/xbox/nv2a/pgraph/pgraph.h:26:
/usr/local/mxe/usr/x86_64-w64-mingw32.static/include/processthreadsapi.h:323:28: note: previous declaration of 'TlsGetValue' with type 'void *(DWORD)' {aka 'void *(long unsigned int)'}
  323 |   WINBASEAPI LPVOID WINAPI TlsGetValue (DWORD dwTlsIndex);
      |                            ^~~~~~~~~~~
/xemu/include/hw/core/cpu.h:647:17: warning: 'TlsGetValue' redeclared without dllimport attribute: previous dllimport ignored [-Wattributes]
  647 | void *__stdcall TlsGetValue(unsigned long);
      |                 ^~~~~~~~~~~
/xemu/include/hw/core/cpu.h:648:15: warning: redundant redeclaration of 'TlsSetValue' [-Wredundant-decls]
  648 | int __stdcall TlsSetValue(unsigned long, void *);
      |               ^~~~~~~~~~~
/usr/local/mxe/usr/x86_64-w64-mingw32.static/include/processthreadsapi.h:324:29: note: previous declaration of 'TlsSetValue' with type 'WINBOOL(DWORD,  void *)' {aka 'int(long unsigned int,  void *)'}
  324 |   WINBASEAPI WINBOOL WINAPI TlsSetValue (DWORD dwTlsIndex, LPVOID lpTlsValue);
      |                             ^~~~~~~~~~~
/xemu/include/hw/core/cpu.h:648:15: warning: 'TlsSetValue' redeclared without dllimport attribute: previous dllimport ignored [-Wattributes]
  648 | int __stdcall TlsSetValue(unsigned long, void *);
      |               ^~~~~~~~~~~
[636/663] Compiling C object libqemu-i386-softmmu.a.p/hw_xbox_nv2a_pgraph_vk_reports.c.obj
In file included from /xemu/include/exec/cpu-common.h:13,
                 from /xemu/include/system/memory.h:17,
                 from /xemu/include/system/ioport.h:27,
                 from /xemu/hw/display/vga_int.h:29,
                 from /xemu/hw/xbox/nv2a/nv2a_int.h:37,
                 from ../hw/xbox/nv2a/pgraph/vk/renderer.h:28,
                 from ../hw/xbox/nv2a/pgraph/vk/reports.c:20:
/xemu/include/hw/core/cpu.h:647:17: warning: redundant redeclaration of 'TlsGetValue' [-Wredundant-decls]
  647 | void *__stdcall TlsGetValue(unsigned long);
      |                 ^~~~~~~~~~~
In file included from /usr/local/mxe/usr/x86_64-w64-mingw32.static/include/winbase.h:29,
                 from /usr/local/mxe/usr/x86_64-w64-mingw32.static/include/windows.h:70,
                 from /usr/local/mxe/usr/x86_64-w64-mingw32.static/include/winsock2.h:23,
                 from /xemu/include/system/os-win32.h:29,
                 from /xemu/include/qemu/osdep.h:178,
                 from ../hw/xbox/nv2a/pgraph/vk/renderer.h:23:
/usr/local/mxe/usr/x86_64-w64-mingw32.static/include/processthreadsapi.h:323:28: note: previous declaration of 'TlsGetValue' with type 'void *(DWORD)' {aka 'void *(long unsigned int)'}
  323 |   WINBASEAPI LPVOID WINAPI TlsGetValue (DWORD dwTlsIndex);
      |                            ^~~~~~~~~~~
/xemu/include/hw/core/cpu.h:647:17: warning: 'TlsGetValue' redeclared without dllimport attribute: previous dllimport ignored [-Wattributes]
  647 | void *__stdcall TlsGetValue(unsigned long);
      |                 ^~~~~~~~~~~
/xemu/include/hw/core/cpu.h:648:15: warning: redundant redeclaration of 'TlsSetValue' [-Wredundant-decls]
  648 | int __stdcall TlsSetValue(unsigned long, void *);
      |               ^~~~~~~~~~~
/usr/local/mxe/usr/x86_64-w64-mingw32.static/include/processthreadsapi.h:324:29: note: previous declaration of 'TlsSetValue' with type 'WINBOOL(DWORD,  void *)' {aka 'int(long unsigned int,  void *)'}
  324 |   WINBASEAPI WINBOOL WINAPI TlsSetValue (DWORD dwTlsIndex, LPVOID lpTlsValue);
      |                             ^~~~~~~~~~~
/xemu/include/hw/core/cpu.h:648:15: warning: 'TlsSetValue' redeclared without dllimport attribute: previous dllimport ignored [-Wattributes]
  648 | int __stdcall TlsSetValue(unsigned long, void *);
      |               ^~~~~~~~~~~
[637/663] Compiling C object xemu_libretro.dll.p/system_main.c.obj
[638/663] Compiling C object libqemu-i386-softmmu.a.p/hw_xbox_nv2a_pgraph_vk_shaders.c.obj
In file included from /xemu/include/exec/cpu-common.h:13,
                 from /xemu/include/system/memory.h:17,
                 from /xemu/include/system/ioport.h:27,
                 from /xemu/hw/display/vga_int.h:29,
                 from /xemu/hw/xbox/nv2a/nv2a_int.h:37,
                 from ../hw/xbox/nv2a/pgraph/vk/renderer.h:28,
                 from ../hw/xbox/nv2a/pgraph/vk/shaders.c:23:
/xemu/include/hw/core/cpu.h:647:17: warning: redundant redeclaration of 'TlsGetValue' [-Wredundant-decls]
  647 | void *__stdcall TlsGetValue(unsigned long);
      |                 ^~~~~~~~~~~
In file included from /usr/local/mxe/usr/x86_64-w64-mingw32.static/include/winbase.h:29,
                 from /usr/local/mxe/usr/x86_64-w64-mingw32.static/include/windows.h:70,
                 from /usr/local/mxe/usr/x86_64-w64-mingw32.static/include/winsock2.h:23,
                 from /xemu/include/system/os-win32.h:29,
                 from /xemu/include/qemu/osdep.h:178,
                 from ../hw/xbox/nv2a/pgraph/vk/shaders.c:20:
/usr/local/mxe/usr/x86_64-w64-mingw32.static/include/processthreadsapi.h:323:28: note: previous declaration of 'TlsGetValue' with type 'void *(DWORD)' {aka 'void *(long unsigned int)'}
  323 |   WINBASEAPI LPVOID WINAPI TlsGetValue (DWORD dwTlsIndex);
      |                            ^~~~~~~~~~~
/xemu/include/hw/core/cpu.h:647:17: warning: 'TlsGetValue' redeclared without dllimport attribute: previous dllimport ignored [-Wattributes]
  647 | void *__stdcall TlsGetValue(unsigned long);
      |                 ^~~~~~~~~~~
/xemu/include/hw/core/cpu.h:648:15: warning: redundant redeclaration of 'TlsSetValue' [-Wredundant-decls]
  648 | int __stdcall TlsSetValue(unsigned long, void *);
      |               ^~~~~~~~~~~
/usr/local/mxe/usr/x86_64-w64-mingw32.static/include/processthreadsapi.h:324:29: note: previous declaration of 'TlsSetValue' with type 'WINBOOL(DWORD,  void *)' {aka 'int(long unsigned int,  void *)'}
  324 |   WINBASEAPI WINBOOL WINAPI TlsSetValue (DWORD dwTlsIndex, LPVOID lpTlsValue);
      |                             ^~~~~~~~~~~
/xemu/include/hw/core/cpu.h:648:15: warning: 'TlsSetValue' redeclared without dllimport attribute: previous dllimport ignored [-Wattributes]
  648 | int __stdcall TlsSetValue(unsigned long, void *);
      |               ^~~~~~~~~~~
[639/663] Compiling C object libqemu-i386-softmmu.a.p/dump_win_dump.c.obj
In file included from /xemu/include/exec/cpu-common.h:13,
                 from /xemu/include/system/memory_mapping.h:18,
                 from /xemu/include/system/dump.h:43,
                 from ../dump/win_dump.c:12:
/xemu/include/hw/core/cpu.h:647:17: warning: redundant redeclaration of 'TlsGetValue' [-Wredundant-decls]
  647 | void *__stdcall TlsGetValue(unsigned long);
      |                 ^~~~~~~~~~~
In file included from /usr/local/mxe/usr/x86_64-w64-mingw32.static/include/winbase.h:29,
                 from /usr/local/mxe/usr/x86_64-w64-mingw32.static/include/windows.h:70,
                 from /usr/local/mxe/usr/x86_64-w64-mingw32.static/include/winsock2.h:23,
                 from /xemu/include/system/os-win32.h:29,
                 from /xemu/include/qemu/osdep.h:178,
                 from ../dump/win_dump.c:11:
/usr/local/mxe/usr/x86_64-w64-mingw32.static/include/processthreadsapi.h:323:28: note: previous declaration of 'TlsGetValue' with type 'void *(DWORD)' {aka 'void *(long unsigned int)'}
  323 |   WINBASEAPI LPVOID WINAPI TlsGetValue (DWORD dwTlsIndex);
      |                            ^~~~~~~~~~~
/xemu/include/hw/core/cpu.h:647:17: warning: 'TlsGetValue' redeclared without dllimport attribute: previous dllimport ignored [-Wattributes]
  647 | void *__stdcall TlsGetValue(unsigned long);
      |                 ^~~~~~~~~~~
/xemu/include/hw/core/cpu.h:648:15: warning: redundant redeclaration of 'TlsSetValue' [-Wredundant-decls]
  648 | int __stdcall TlsSetValue(unsigned long, void *);
      |               ^~~~~~~~~~~
/usr/local/mxe/usr/x86_64-w64-mingw32.static/include/processthreadsapi.h:324:29: note: previous declaration of 'TlsSetValue' with type 'WINBOOL(DWORD,  void *)' {aka 'int(long unsigned int,  void *)'}
  324 |   WINBASEAPI WINBOOL WINAPI TlsSetValue (DWORD dwTlsIndex, LPVOID lpTlsValue);
      |                             ^~~~~~~~~~~
/xemu/include/hw/core/cpu.h:648:15: warning: 'TlsSetValue' redeclared without dllimport attribute: previous dllimport ignored [-Wattributes]
  648 | int __stdcall TlsSetValue(unsigned long, void *);
      |               ^~~~~~~~~~~
[640/663] Compiling C object libqemu-i386-softmmu.a.p/hw_xbox_nv2a_pgraph_vk_draw.c.obj
In file included from /xemu/include/exec/cpu-common.h:13,
                 from /xemu/include/system/memory.h:17,
                 from /xemu/include/system/ioport.h:27,
                 from /xemu/hw/display/vga_int.h:29,
                 from /xemu/hw/xbox/nv2a/nv2a_int.h:37,
                 from ../hw/xbox/nv2a/pgraph/vk/renderer.h:28,
                 from ../hw/xbox/nv2a/pgraph/vk/draw.c:22:
/xemu/include/hw/core/cpu.h:647:17: warning: redundant redeclaration of 'TlsGetValue' [-Wredundant-decls]
  647 | void *__stdcall TlsGetValue(unsigned long);
      |                 ^~~~~~~~~~~
In file included from /usr/local/mxe/usr/x86_64-w64-mingw32.static/include/winbase.h:29,
                 from /usr/local/mxe/usr/x86_64-w64-mingw32.static/include/windows.h:70,
                 from /usr/local/mxe/usr/x86_64-w64-mingw32.static/include/winsock2.h:23,
                 from /xemu/include/system/os-win32.h:29,
                 from /xemu/include/qemu/osdep.h:178,
                 from ../hw/xbox/nv2a/pgraph/vk/draw.c:20:
/usr/local/mxe/usr/x86_64-w64-mingw32.static/include/processthreadsapi.h:323:28: note: previous declaration of 'TlsGetValue' with type 'void *(DWORD)' {aka 'void *(long unsigned int)'}
  323 |   WINBASEAPI LPVOID WINAPI TlsGetValue (DWORD dwTlsIndex);
      |                            ^~~~~~~~~~~
/xemu/include/hw/core/cpu.h:647:17: warning: 'TlsGetValue' redeclared without dllimport attribute: previous dllimport ignored [-Wattributes]
  647 | void *__stdcall TlsGetValue(unsigned long);
      |                 ^~~~~~~~~~~
/xemu/include/hw/core/cpu.h:648:15: warning: redundant redeclaration of 'TlsSetValue' [-Wredundant-decls]
  648 | int __stdcall TlsSetValue(unsigned long, void *);
      |               ^~~~~~~~~~~
/usr/local/mxe/usr/x86_64-w64-mingw32.static/include/processthreadsapi.h:324:29: note: previous declaration of 'TlsSetValue' with type 'WINBOOL(DWORD,  void *)' {aka 'int(long unsigned int,  void *)'}
  324 |   WINBASEAPI WINBOOL WINAPI TlsSetValue (DWORD dwTlsIndex, LPVOID lpTlsValue);
      |                             ^~~~~~~~~~~
/xemu/include/hw/core/cpu.h:648:15: warning: 'TlsSetValue' redeclared without dllimport attribute: previous dllimport ignored [-Wattributes]
  648 | int __stdcall TlsSetValue(unsigned long, void *);
      |               ^~~~~~~~~~~
[641/663] Compiling C object libqemu-i386-softmmu.a.p/system_arch_init.c.obj
[642/663] Compiling C object libqemu-i386-softmmu.a.p/hw_xbox_mcpx_apu_dsp_gp_ep.c.obj
In file included from ../subprojects/SDL3-3.4.10/include/SDL3/SDL.h:35,
                 from /xemu/hw/xbox/mcpx/apu/apu_int.h:26,
                 from ../hw/xbox/mcpx/apu/dsp/gp_ep.c:22:
../subprojects/SDL3-3.4.10/include/SDL3/SDL_assert.h:131:25: warning: redundant redeclaration of '__debugbreak' [-Wredundant-decls]
  131 |     extern void __cdecl __debugbreak(void);
      |                         ^~~~~~~~~~~~
In file included from /usr/local/mxe/usr/x86_64-w64-mingw32.static/include/vadefs.h:9,
                 from /usr/local/mxe/usr/x86_64-w64-mingw32.static/include/_mingw_stdarg.h:14,
                 from /usr/local/mxe/usr/x86_64-w64-mingw32.static/include/stdarg.h:140,
                 from /usr/local/mxe/usr/lib/gcc/x86_64-w64-mingw32.static/16.1.0/include/stdarg.h:1,
                 from /xemu/include/qemu/osdep.h:108,
                 from /xemu/hw/xbox/mcpx/apu/apu_int.h:24:
/usr/local/mxe/usr/x86_64-w64-mingw32.static/include/_mingw.h:605:36: note: previous definition of '__debugbreak' with type 'void(void)'
  605 | __MINGW_INTRIN_INLINE void __cdecl __debugbreak(void)
      |                                    ^~~~~~~~~~~~
In file included from /xemu/include/exec/cpu-common.h:13,
                 from /xemu/include/system/memory.h:17,
                 from /xemu/include/hw/pci/pci.h:4,
                 from /xemu/hw/xbox/mcpx/apu/apu_int.h:28:
/xemu/include/hw/core/cpu.h:647:17: warning: redundant redeclaration of 'TlsGetValue' [-Wredundant-decls]
  647 | void *__stdcall TlsGetValue(unsigned long);
      |                 ^~~~~~~~~~~
In file included from /usr/local/mxe/usr/x86_64-w64-mingw32.static/include/winbase.h:29,
                 from /usr/local/mxe/usr/x86_64-w64-mingw32.static/include/windows.h:70,
                 from /usr/local/mxe/usr/x86_64-w64-mingw32.static/include/winsock2.h:23,
                 from /xemu/include/system/os-win32.h:29,
                 from /xemu/include/qemu/osdep.h:178:
/usr/local/mxe/usr/x86_64-w64-mingw32.static/include/processthreadsapi.h:323:28: note: previous declaration of 'TlsGetValue' with type 'void *(DWORD)' {aka 'void *(long unsigned int)'}
  323 |   WINBASEAPI LPVOID WINAPI TlsGetValue (DWORD dwTlsIndex);
      |                            ^~~~~~~~~~~
/xemu/include/hw/core/cpu.h:647:17: warning: 'TlsGetValue' redeclared without dllimport attribute: previous dllimport ignored [-Wattributes]
  647 | void *__stdcall TlsGetValue(unsigned long);
      |                 ^~~~~~~~~~~
/xemu/include/hw/core/cpu.h:648:15: warning: redundant redeclaration of 'TlsSetValue' [-Wredundant-decls]
  648 | int __stdcall TlsSetValue(unsigned long, void *);
      |               ^~~~~~~~~~~
/usr/local/mxe/usr/x86_64-w64-mingw32.static/include/processthreadsapi.h:324:29: note: previous declaration of 'TlsSetValue' with type 'WINBOOL(DWORD,  void *)' {aka 'int(long unsigned int,  void *)'}
  324 |   WINBASEAPI WINBOOL WINAPI TlsSetValue (DWORD dwTlsIndex, LPVOID lpTlsValue);
      |                             ^~~~~~~~~~~
/xemu/include/hw/core/cpu.h:648:15: warning: 'TlsSetValue' redeclared without dllimport attribute: previous dllimport ignored [-Wattributes]
  648 | int __stdcall TlsSetValue(unsigned long, void *);
      |               ^~~~~~~~~~~
[643/663] Compiling C object libqemu-i386-softmmu.a.p/hw_xbox_nv2a_pgraph_vk_texture.c.obj
In file included from /xemu/include/exec/cpu-common.h:13,
                 from /xemu/include/system/memory.h:17,
                 from /xemu/include/system/ioport.h:27,
                 from /xemu/hw/display/vga_int.h:29,
                 from /xemu/hw/xbox/nv2a/nv2a_int.h:37,
                 from ../hw/xbox/nv2a/pgraph/vk/renderer.h:28,
                 from ../hw/xbox/nv2a/pgraph/vk/texture.c:31:
/xemu/include/hw/core/cpu.h:647:17: warning: redundant redeclaration of 'TlsGetValue' [-Wredundant-decls]
  647 | void *__stdcall TlsGetValue(unsigned long);
      |                 ^~~~~~~~~~~
In file included from /usr/local/mxe/usr/x86_64-w64-mingw32.static/include/winbase.h:29,
                 from /usr/local/mxe/usr/x86_64-w64-mingw32.static/include/windows.h:70,
                 from /usr/local/mxe/usr/x86_64-w64-mingw32.static/include/winsock2.h:23,
                 from /xemu/include/system/os-win32.h:29,
                 from /xemu/include/qemu/osdep.h:178,
                 from ../hw/xbox/nv2a/pgraph/vk/texture.c:26:
/usr/local/mxe/usr/x86_64-w64-mingw32.static/include/processthreadsapi.h:323:28: note: previous declaration of 'TlsGetValue' with type 'void *(DWORD)' {aka 'void *(long unsigned int)'}
  323 |   WINBASEAPI LPVOID WINAPI TlsGetValue (DWORD dwTlsIndex);
      |                            ^~~~~~~~~~~
/xemu/include/hw/core/cpu.h:647:17: warning: 'TlsGetValue' redeclared without dllimport attribute: previous dllimport ignored [-Wattributes]
  647 | void *__stdcall TlsGetValue(unsigned long);
      |                 ^~~~~~~~~~~
/xemu/include/hw/core/cpu.h:648:15: warning: redundant redeclaration of 'TlsSetValue' [-Wredundant-decls]
  648 | int __stdcall TlsSetValue(unsigned long, void *);
      |               ^~~~~~~~~~~
/usr/local/mxe/usr/x86_64-w64-mingw32.static/include/processthreadsapi.h:324:29: note: previous declaration of 'TlsSetValue' with type 'WINBOOL(DWORD,  void *)' {aka 'int(long unsigned int,  void *)'}
  324 |   WINBASEAPI WINBOOL WINAPI TlsSetValue (DWORD dwTlsIndex, LPVOID lpTlsValue);
      |                             ^~~~~~~~~~~
/xemu/include/hw/core/cpu.h:648:15: warning: 'TlsSetValue' redeclared without dllimport attribute: previous dllimport ignored [-Wattributes]
  648 | int __stdcall TlsSetValue(unsigned long, void *);
      |               ^~~~~~~~~~~
[644/663] Compiling C object libqemu-i386-softmmu.a.p/target_i386_tcg_fpu_helper.c.obj
In file included from ../target/i386/cpu-qom.h:23,
                 from ../target/i386/cpu.h:24,
                 from ../target/i386/tcg/fpu_helper.c:22:
/xemu/include/hw/core/cpu.h:647:17: warning: redundant redeclaration of 'TlsGetValue' [-Wredundant-decls]
  647 | void *__stdcall TlsGetValue(unsigned long);
      |                 ^~~~~~~~~~~
In file included from /usr/local/mxe/usr/x86_64-w64-mingw32.static/include/winbase.h:29,
                 from /usr/local/mxe/usr/x86_64-w64-mingw32.static/include/windows.h:70,
                 from /usr/local/mxe/usr/x86_64-w64-mingw32.static/include/winsock2.h:23,
                 from /xemu/include/system/os-win32.h:29,
                 from /xemu/include/qemu/osdep.h:178,
                 from ../target/i386/tcg/fpu_helper.c:20:
/usr/local/mxe/usr/x86_64-w64-mingw32.static/include/processthreadsapi.h:323:28: note: previous declaration of 'TlsGetValue' with type 'void *(DWORD)' {aka 'void *(long unsigned int)'}
  323 |   WINBASEAPI LPVOID WINAPI TlsGetValue (DWORD dwTlsIndex);
      |                            ^~~~~~~~~~~
/xemu/include/hw/core/cpu.h:647:17: warning: 'TlsGetValue' redeclared without dllimport attribute: previous dllimport ignored [-Wattributes]
  647 | void *__stdcall TlsGetValue(unsigned long);
      |                 ^~~~~~~~~~~
/xemu/include/hw/core/cpu.h:648:15: warning: redundant redeclaration of 'TlsSetValue' [-Wredundant-decls]
  648 | int __stdcall TlsSetValue(unsigned long, void *);
      |               ^~~~~~~~~~~
/usr/local/mxe/usr/x86_64-w64-mingw32.static/include/processthreadsapi.h:324:29: note: previous declaration of 'TlsSetValue' with type 'WINBOOL(DWORD,  void *)' {aka 'int(long unsigned int,  void *)'}
  324 |   WINBASEAPI WINBOOL WINAPI TlsSetValue (DWORD dwTlsIndex, LPVOID lpTlsValue);
      |                             ^~~~~~~~~~~
/xemu/include/hw/core/cpu.h:648:15: warning: 'TlsSetValue' redeclared without dllimport attribute: previous dllimport ignored [-Wattributes]
  648 | int __stdcall TlsSetValue(unsigned long, void *);
      |               ^~~~~~~~~~~
[645/663] Compiling C object libqemu-i386-softmmu.a.p/xemu-xbe.c.obj
In file included from /xemu/include/exec/cpu-common.h:13,
                 from /xemu/include/system/memory.h:17,
                 from /xemu/include/hw/boards.h:6,
                 from /xemu/include/hw/i386/pc.h:7,
                 from ../xemu-xbe.c:25:
/xemu/include/hw/core/cpu.h:647:17: warning: redundant redeclaration of 'TlsGetValue' [-Wredundant-decls]
  647 | void *__stdcall TlsGetValue(unsigned long);
      |                 ^~~~~~~~~~~
In file included from /usr/local/mxe/usr/x86_64-w64-mingw32.static/include/winbase.h:29,
                 from /usr/local/mxe/usr/x86_64-w64-mingw32.static/include/windows.h:70,
                 from /usr/local/mxe/usr/x86_64-w64-mingw32.static/include/winsock2.h:23,
                 from /xemu/include/system/os-win32.h:29,
                 from /xemu/include/qemu/osdep.h:178,
                 from ../xemu-xbe.c:23:
/usr/local/mxe/usr/x86_64-w64-mingw32.static/include/processthreadsapi.h:323:28: note: previous declaration of 'TlsGetValue' with type 'void *(DWORD)' {aka 'void *(long unsigned int)'}
  323 |   WINBASEAPI LPVOID WINAPI TlsGetValue (DWORD dwTlsIndex);
      |                            ^~~~~~~~~~~
/xemu/include/hw/core/cpu.h:647:17: warning: 'TlsGetValue' redeclared without dllimport attribute: previous dllimport ignored [-Wattributes]
  647 | void *__stdcall TlsGetValue(unsigned long);
      |                 ^~~~~~~~~~~
/xemu/include/hw/core/cpu.h:648:15: warning: redundant redeclaration of 'TlsSetValue' [-Wredundant-decls]
  648 | int __stdcall TlsSetValue(unsigned long, void *);
      |               ^~~~~~~~~~~
/usr/local/mxe/usr/x86_64-w64-mingw32.static/include/processthreadsapi.h:324:29: note: previous declaration of 'TlsSetValue' with type 'WINBOOL(DWORD,  void *)' {aka 'int(long unsigned int,  void *)'}
  324 |   WINBASEAPI WINBOOL WINAPI TlsSetValue (DWORD dwTlsIndex, LPVOID lpTlsValue);
      |                             ^~~~~~~~~~~
/xemu/include/hw/core/cpu.h:648:15: warning: 'TlsSetValue' redeclared without dllimport attribute: previous dllimport ignored [-Wattributes]
  648 | int __stdcall TlsSetValue(unsigned long, void *);
      |               ^~~~~~~~~~~
[646/663] Compiling C object libqemu-i386-softmmu.a.p/system_globals-target.c.obj
[647/663] Compiling C object libqemu-i386-softmmu.a.p/hw_xbox_nv2a_pgraph_vk_surface.c.obj
In file included from /xemu/include/exec/cpu-common.h:13,
                 from /xemu/include/system/memory.h:17,
                 from /xemu/include/system/ioport.h:27,
                 from /xemu/hw/display/vga_int.h:29,
                 from /xemu/hw/xbox/nv2a/nv2a_int.h:37,
                 from ../hw/xbox/nv2a/pgraph/vk/surface.c:26:
/xemu/include/hw/core/cpu.h:647:17: warning: redundant redeclaration of 'TlsGetValue' [-Wredundant-decls]
  647 | void *__stdcall TlsGetValue(unsigned long);
      |                 ^~~~~~~~~~~
In file included from /usr/local/mxe/usr/x86_64-w64-mingw32.static/include/winbase.h:29,
                 from /usr/local/mxe/usr/x86_64-w64-mingw32.static/include/windows.h:70,
                 from /usr/local/mxe/usr/x86_64-w64-mingw32.static/include/winsock2.h:23,
                 from /xemu/include/system/os-win32.h:29,
                 from /xemu/include/qemu/osdep.h:178,
                 from /xemu/hw/xbox/nv2a/nv2a_int.h:27:
/usr/local/mxe/usr/x86_64-w64-mingw32.static/include/processthreadsapi.h:323:28: note: previous declaration of 'TlsGetValue' with type 'void *(DWORD)' {aka 'void *(long unsigned int)'}
  323 |   WINBASEAPI LPVOID WINAPI TlsGetValue (DWORD dwTlsIndex);
      |                            ^~~~~~~~~~~
/xemu/include/hw/core/cpu.h:647:17: warning: 'TlsGetValue' redeclared without dllimport attribute: previous dllimport ignored [-Wattributes]
  647 | void *__stdcall TlsGetValue(unsigned long);
      |                 ^~~~~~~~~~~
/xemu/include/hw/core/cpu.h:648:15: warning: redundant redeclaration of 'TlsSetValue' [-Wredundant-decls]
  648 | int __stdcall TlsSetValue(unsigned long, void *);
      |               ^~~~~~~~~~~
/usr/local/mxe/usr/x86_64-w64-mingw32.static/include/processthreadsapi.h:324:29: note: previous declaration of 'TlsSetValue' with type 'WINBOOL(DWORD,  void *)' {aka 'int(long unsigned int,  void *)'}
  324 |   WINBASEAPI WINBOOL WINAPI TlsSetValue (DWORD dwTlsIndex, LPVOID lpTlsValue);
      |                             ^~~~~~~~~~~
/xemu/include/hw/core/cpu.h:648:15: warning: 'TlsSetValue' redeclared without dllimport attribute: previous dllimport ignored [-Wattributes]
  648 | int __stdcall TlsSetValue(unsigned long, void *);
      |               ^~~~~~~~~~~
[648/663] Compiling C object libqemu-i386-softmmu.a.p/accel_stubs_hvf-stub.c.obj
[649/663] Compiling C object libqemu-i386-softmmu.a.p/page-vary-target.c.obj
[650/663] Compiling C object libqemu-i386-softmmu.a.p/accel_accel-target.c.obj
In file included from /xemu/include/accel/accel-cpu.h:13,
                 from /xemu/include/accel/accel-cpu-target.h:24,
                 from ../accel/accel-target.c:27:
/xemu/include/hw/core/cpu.h:647:17: warning: redundant redeclaration of 'TlsGetValue' [-Wredundant-decls]
  647 | void *__stdcall TlsGetValue(unsigned long);
      |                 ^~~~~~~~~~~
In file included from /usr/local/mxe/usr/x86_64-w64-mingw32.static/include/winbase.h:29,
                 from /usr/local/mxe/usr/x86_64-w64-mingw32.static/include/windows.h:70,
                 from /usr/local/mxe/usr/x86_64-w64-mingw32.static/include/winsock2.h:23,
                 from /xemu/include/system/os-win32.h:29,
                 from /xemu/include/qemu/osdep.h:178,
                 from ../accel/accel-target.c:26:
/usr/local/mxe/usr/x86_64-w64-mingw32.static/include/processthreadsapi.h:323:28: note: previous declaration of 'TlsGetValue' with type 'void *(DWORD)' {aka 'void *(long unsigned int)'}
  323 |   WINBASEAPI LPVOID WINAPI TlsGetValue (DWORD dwTlsIndex);
      |                            ^~~~~~~~~~~
/xemu/include/hw/core/cpu.h:647:17: warning: 'TlsGetValue' redeclared without dllimport attribute: previous dllimport ignored [-Wattributes]
  647 | void *__stdcall TlsGetValue(unsigned long);
      |                 ^~~~~~~~~~~
/xemu/include/hw/core/cpu.h:648:15: warning: redundant redeclaration of 'TlsSetValue' [-Wredundant-decls]
  648 | int __stdcall TlsSetValue(unsigned long, void *);
      |               ^~~~~~~~~~~
/usr/local/mxe/usr/x86_64-w64-mingw32.static/include/processthreadsapi.h:324:29: note: previous declaration of 'TlsSetValue' with type 'WINBOOL(DWORD,  void *)' {aka 'int(long unsigned int,  void *)'}
  324 |   WINBASEAPI WINBOOL WINAPI TlsSetValue (DWORD dwTlsIndex, LPVOID lpTlsValue);
      |                             ^~~~~~~~~~~
/xemu/include/hw/core/cpu.h:648:15: warning: 'TlsSetValue' redeclared without dllimport attribute: previous dllimport ignored [-Wattributes]
  648 | int __stdcall TlsSetValue(unsigned long, void *);
      |               ^~~~~~~~~~~
[651/663] Compiling C object libqemu-i386-softmmu.a.p/hw_xbox_mcpx_nvnet_nvnet.c.obj
In file included from /xemu/include/exec/cpu-common.h:13,
                 from /xemu/include/system/memory.h:17,
                 from /xemu/include/hw/pci/pci.h:4,
                 from ../hw/xbox/mcpx/nvnet/nvnet.c:25:
/xemu/include/hw/core/cpu.h:647:17: warning: redundant redeclaration of 'TlsGetValue' [-Wredundant-decls]
  647 | void *__stdcall TlsGetValue(unsigned long);
      |                 ^~~~~~~~~~~
In file included from /usr/local/mxe/usr/x86_64-w64-mingw32.static/include/winbase.h:29,
                 from /usr/local/mxe/usr/x86_64-w64-mingw32.static/include/windows.h:70,
                 from /usr/local/mxe/usr/x86_64-w64-mingw32.static/include/winsock2.h:23,
                 from /xemu/include/system/os-win32.h:29,
                 from /xemu/include/qemu/osdep.h:178,
                 from ../hw/xbox/mcpx/nvnet/nvnet.c:21:
/usr/local/mxe/usr/x86_64-w64-mingw32.static/include/processthreadsapi.h:323:28: note: previous declaration of 'TlsGetValue' with type 'void *(DWORD)' {aka 'void *(long unsigned int)'}
  323 |   WINBASEAPI LPVOID WINAPI TlsGetValue (DWORD dwTlsIndex);
      |                            ^~~~~~~~~~~
/xemu/include/hw/core/cpu.h:647:17: warning: 'TlsGetValue' redeclared without dllimport attribute: previous dllimport ignored [-Wattributes]
  647 | void *__stdcall TlsGetValue(unsigned long);
      |                 ^~~~~~~~~~~
/xemu/include/hw/core/cpu.h:648:15: warning: redundant redeclaration of 'TlsSetValue' [-Wredundant-decls]
  648 | int __stdcall TlsSetValue(unsigned long, void *);
      |               ^~~~~~~~~~~
/usr/local/mxe/usr/x86_64-w64-mingw32.static/include/processthreadsapi.h:324:29: note: previous declaration of 'TlsSetValue' with type 'WINBOOL(DWORD,  void *)' {aka 'int(long unsigned int,  void *)'}
  324 |   WINBASEAPI WINBOOL WINAPI TlsSetValue (DWORD dwTlsIndex, LPVOID lpTlsValue);
      |                             ^~~~~~~~~~~
/xemu/include/hw/core/cpu.h:648:15: warning: 'TlsSetValue' redeclared without dllimport attribute: previous dllimport ignored [-Wattributes]
  648 | int __stdcall TlsSetValue(unsigned long, void *);
      |               ^~~~~~~~~~~
[652/663] Compiling C object libqemu-i386-softmmu.a.p/accel_stubs_xen-stub.c.obj
In file included from /xemu/include/exec/cpu-common.h:13,
                 from /xemu/include/system/xen.h:13,
                 from ../accel/stubs/xen-stub.c:9:
/xemu/include/hw/core/cpu.h:647:17: warning: redundant redeclaration of 'TlsGetValue' [-Wredundant-decls]
  647 | void *__stdcall TlsGetValue(unsigned long);
      |                 ^~~~~~~~~~~
In file included from /usr/local/mxe/usr/x86_64-w64-mingw32.static/include/winbase.h:29,
                 from /usr/local/mxe/usr/x86_64-w64-mingw32.static/include/windows.h:70,
                 from /usr/local/mxe/usr/x86_64-w64-mingw32.static/include/winsock2.h:23,
                 from /xemu/include/system/os-win32.h:29,
                 from /xemu/include/qemu/osdep.h:178,
                 from ../accel/stubs/xen-stub.c:8:
/usr/local/mxe/usr/x86_64-w64-mingw32.static/include/processthreadsapi.h:323:28: note: previous declaration of 'TlsGetValue' with type 'void *(DWORD)' {aka 'void *(long unsigned int)'}
  323 |   WINBASEAPI LPVOID WINAPI TlsGetValue (DWORD dwTlsIndex);
      |                            ^~~~~~~~~~~
/xemu/include/hw/core/cpu.h:647:17: warning: 'TlsGetValue' redeclared without dllimport attribute: previous dllimport ignored [-Wattributes]
  647 | void *__stdcall TlsGetValue(unsigned long);
      |                 ^~~~~~~~~~~
/xemu/include/hw/core/cpu.h:648:15: warning: redundant redeclaration of 'TlsSetValue' [-Wredundant-decls]
  648 | int __stdcall TlsSetValue(unsigned long, void *);
      |               ^~~~~~~~~~~
/usr/local/mxe/usr/x86_64-w64-mingw32.static/include/processthreadsapi.h:324:29: note: previous declaration of 'TlsSetValue' with type 'WINBOOL(DWORD,  void *)' {aka 'int(long unsigned int,  void *)'}
  324 |   WINBASEAPI WINBOOL WINAPI TlsSetValue (DWORD dwTlsIndex, LPVOID lpTlsValue);
      |                             ^~~~~~~~~~~
/xemu/include/hw/core/cpu.h:648:15: warning: 'TlsSetValue' redeclared without dllimport attribute: previous dllimport ignored [-Wattributes]
  648 | int __stdcall TlsSetValue(unsigned long, void *);
      |               ^~~~~~~~~~~
[653/663] Compiling C object libqemu-i386-softmmu.a.p/monitor_hmp-target.c.obj
In file included from ../target/i386/cpu-qom.h:23,
                 from ../target/i386/cpu.h:24,
                 from /xemu/include/monitor/hmp-target.h:31,
                 from ../monitor/hmp-target.c:30:
/xemu/include/hw/core/cpu.h:647:17: warning: redundant redeclaration of 'TlsGetValue' [-Wredundant-decls]
  647 | void *__stdcall TlsGetValue(unsigned long);
      |                 ^~~~~~~~~~~
In file included from /usr/local/mxe/usr/x86_64-w64-mingw32.static/include/winbase.h:29,
                 from /usr/local/mxe/usr/x86_64-w64-mingw32.static/include/windows.h:70,
                 from /usr/local/mxe/usr/x86_64-w64-mingw32.static/include/winsock2.h:23,
                 from /xemu/include/system/os-win32.h:29,
                 from /xemu/include/qemu/osdep.h:178,
                 from ../monitor/hmp-target.c:25:
/usr/local/mxe/usr/x86_64-w64-mingw32.static/include/processthreadsapi.h:323:28: note: previous declaration of 'TlsGetValue' with type 'void *(DWORD)' {aka 'void *(long unsigned int)'}
  323 |   WINBASEAPI LPVOID WINAPI TlsGetValue (DWORD dwTlsIndex);
      |                            ^~~~~~~~~~~
/xemu/include/hw/core/cpu.h:647:17: warning: 'TlsGetValue' redeclared without dllimport attribute: previous dllimport ignored [-Wattributes]
  647 | void *__stdcall TlsGetValue(unsigned long);
      |                 ^~~~~~~~~~~
/xemu/include/hw/core/cpu.h:648:15: warning: redundant redeclaration of 'TlsSetValue' [-Wredundant-decls]
  648 | int __stdcall TlsSetValue(unsigned long, void *);
      |               ^~~~~~~~~~~
/usr/local/mxe/usr/x86_64-w64-mingw32.static/include/processthreadsapi.h:324:29: note: previous declaration of 'TlsSetValue' with type 'WINBOOL(DWORD,  void *)' {aka 'int(long unsigned int,  void *)'}
  324 |   WINBASEAPI WINBOOL WINAPI TlsSetValue (DWORD dwTlsIndex, LPVOID lpTlsValue);
      |                             ^~~~~~~~~~~
/xemu/include/hw/core/cpu.h:648:15: warning: 'TlsSetValue' redeclared without dllimport attribute: previous dllimport ignored [-Wattributes]
  648 | int __stdcall TlsSetValue(unsigned long, void *);
      |               ^~~~~~~~~~~
[654/663] Compiling C object libqemu-i386-softmmu.a.p/accel_stubs_nvmm-stub.c.obj
[655/663] Compiling C object libqemu-i386-softmmu.a.p/accel_stubs_kvm-stub.c.obj
In file included from ../target/i386/cpu-qom.h:23,
                 from ../target/i386/cpu.h:24,
                 from /xemu/include/system/kvm.h:222,
                 from ../accel/stubs/kvm-stub.c:14:
/xemu/include/hw/core/cpu.h:647:17: warning: redundant redeclaration of 'TlsGetValue' [-Wredundant-decls]
  647 | void *__stdcall TlsGetValue(unsigned long);
      |                 ^~~~~~~~~~~
In file included from /usr/local/mxe/usr/x86_64-w64-mingw32.static/include/winbase.h:29,
                 from /usr/local/mxe/usr/x86_64-w64-mingw32.static/include/windows.h:70,
                 from /usr/local/mxe/usr/x86_64-w64-mingw32.static/include/winsock2.h:23,
                 from /xemu/include/system/os-win32.h:29,
                 from /xemu/include/qemu/osdep.h:178,
                 from ../accel/stubs/kvm-stub.c:13:
/usr/local/mxe/usr/x86_64-w64-mingw32.static/include/processthreadsapi.h:323:28: note: previous declaration of 'TlsGetValue' with type 'void *(DWORD)' {aka 'void *(long unsigned int)'}
  323 |   WINBASEAPI LPVOID WINAPI TlsGetValue (DWORD dwTlsIndex);
      |                            ^~~~~~~~~~~
/xemu/include/hw/core/cpu.h:647:17: warning: 'TlsGetValue' redeclared without dllimport attribute: previous dllimport ignored [-Wattributes]
  647 | void *__stdcall TlsGetValue(unsigned long);
      |                 ^~~~~~~~~~~
/xemu/include/hw/core/cpu.h:648:15: warning: redundant redeclaration of 'TlsSetValue' [-Wredundant-decls]
  648 | int __stdcall TlsSetValue(unsigned long, void *);
      |               ^~~~~~~~~~~
/usr/local/mxe/usr/x86_64-w64-mingw32.static/include/processthreadsapi.h:324:29: note: previous declaration of 'TlsSetValue' with type 'WINBOOL(DWORD,  void *)' {aka 'int(long unsigned int,  void *)'}
  324 |   WINBASEAPI WINBOOL WINAPI TlsSetValue (DWORD dwTlsIndex, LPVOID lpTlsValue);
      |                             ^~~~~~~~~~~
/xemu/include/hw/core/cpu.h:648:15: warning: 'TlsSetValue' redeclared without dllimport attribute: previous dllimport ignored [-Wattributes]
  648 | int __stdcall TlsSetValue(unsigned long, void *);
      |               ^~~~~~~~~~~
[656/663] Compiling C object libqemu-i386-softmmu.a.p/hw_xbox_mcpx_apu_vp_vp.c.obj
In file included from ../subprojects/SDL3-3.4.10/include/SDL3/SDL.h:35,
                 from /xemu/hw/xbox/mcpx/apu/apu_int.h:26,
                 from ../hw/xbox/mcpx/apu/vp/vp.c:22:
../subprojects/SDL3-3.4.10/include/SDL3/SDL_assert.h:131:25: warning: redundant redeclaration of '__debugbreak' [-Wredundant-decls]
  131 |     extern void __cdecl __debugbreak(void);
      |                         ^~~~~~~~~~~~
In file included from /usr/local/mxe/usr/x86_64-w64-mingw32.static/include/vadefs.h:9,
                 from /usr/local/mxe/usr/x86_64-w64-mingw32.static/include/_mingw_stdarg.h:14,
                 from /usr/local/mxe/usr/x86_64-w64-mingw32.static/include/stdarg.h:140,
                 from /usr/local/mxe/usr/lib/gcc/x86_64-w64-mingw32.static/16.1.0/include/stdarg.h:1,
                 from /xemu/include/qemu/osdep.h:108,
                 from /xemu/hw/xbox/mcpx/apu/apu_int.h:24:
/usr/local/mxe/usr/x86_64-w64-mingw32.static/include/_mingw.h:605:36: note: previous definition of '__debugbreak' with type 'void(void)'
  605 | __MINGW_INTRIN_INLINE void __cdecl __debugbreak(void)
      |                                    ^~~~~~~~~~~~
In file included from /xemu/include/exec/cpu-common.h:13,
                 from /xemu/include/system/memory.h:17,
                 from /xemu/include/hw/pci/pci.h:4,
                 from /xemu/hw/xbox/mcpx/apu/apu_int.h:28:
/xemu/include/hw/core/cpu.h:647:17: warning: redundant redeclaration of 'TlsGetValue' [-Wredundant-decls]
  647 | void *__stdcall TlsGetValue(unsigned long);
      |                 ^~~~~~~~~~~
In file included from /usr/local/mxe/usr/x86_64-w64-mingw32.static/include/winbase.h:29,
                 from /usr/local/mxe/usr/x86_64-w64-mingw32.static/include/windows.h:70,
                 from /usr/local/mxe/usr/x86_64-w64-mingw32.static/include/winsock2.h:23,
                 from /xemu/include/system/os-win32.h:29,
                 from /xemu/include/qemu/osdep.h:178:
/usr/local/mxe/usr/x86_64-w64-mingw32.static/include/processthreadsapi.h:323:28: note: previous declaration of 'TlsGetValue' with type 'void *(DWORD)' {aka 'void *(long unsigned int)'}
  323 |   WINBASEAPI LPVOID WINAPI TlsGetValue (DWORD dwTlsIndex);
      |                            ^~~~~~~~~~~
/xemu/include/hw/core/cpu.h:647:17: warning: 'TlsGetValue' redeclared without dllimport attribute: previous dllimport ignored [-Wattributes]
  647 | void *__stdcall TlsGetValue(unsigned long);
      |                 ^~~~~~~~~~~
/xemu/include/hw/core/cpu.h:648:15: warning: redundant redeclaration of 'TlsSetValue' [-Wredundant-decls]
  648 | int __stdcall TlsSetValue(unsigned long, void *);
      |               ^~~~~~~~~~~
/usr/local/mxe/usr/x86_64-w64-mingw32.static/include/processthreadsapi.h:324:29: note: previous declaration of 'TlsSetValue' with type 'WINBOOL(DWORD,  void *)' {aka 'int(long unsigned int,  void *)'}
  324 |   WINBASEAPI WINBOOL WINAPI TlsSetValue (DWORD dwTlsIndex, LPVOID lpTlsValue);
      |                             ^~~~~~~~~~~
/xemu/include/hw/core/cpu.h:648:15: warning: 'TlsSetValue' redeclared without dllimport attribute: previous dllimport ignored [-Wattributes]
  648 | int __stdcall TlsSetValue(unsigned long, void *);
      |               ^~~~~~~~~~~
[657/663] Compiling C object libqemu-i386-softmmu.a.p/accel_stubs_whpx-stub.c.obj
[658/663] Compiling C object libqemu-i386-softmmu.a.p/accel_qtest_qtest.c.obj
In file included from ../accel/qtest/qtest.c:27:
/xemu/include/hw/core/cpu.h:647:17: warning: redundant redeclaration of 'TlsGetValue' [-Wredundant-decls]
  647 | void *__stdcall TlsGetValue(unsigned long);
      |                 ^~~~~~~~~~~
In file included from /usr/local/mxe/usr/x86_64-w64-mingw32.static/include/winbase.h:29,
                 from /usr/local/mxe/usr/x86_64-w64-mingw32.static/include/windows.h:70,
                 from /usr/local/mxe/usr/x86_64-w64-mingw32.static/include/winsock2.h:23,
                 from /xemu/include/system/os-win32.h:29,
                 from /xemu/include/qemu/osdep.h:178,
                 from ../accel/qtest/qtest.c:14:
/usr/local/mxe/usr/x86_64-w64-mingw32.static/include/processthreadsapi.h:323:28: note: previous declaration of 'TlsGetValue' with type 'void *(DWORD)' {aka 'void *(long unsigned int)'}
  323 |   WINBASEAPI LPVOID WINAPI TlsGetValue (DWORD dwTlsIndex);
      |                            ^~~~~~~~~~~
/xemu/include/hw/core/cpu.h:647:17: warning: 'TlsGetValue' redeclared without dllimport attribute: previous dllimport ignored [-Wattributes]
  647 | void *__stdcall TlsGetValue(unsigned long);
      |                 ^~~~~~~~~~~
/xemu/include/hw/core/cpu.h:648:15: warning: redundant redeclaration of 'TlsSetValue' [-Wredundant-decls]
  648 | int __stdcall TlsSetValue(unsigned long, void *);
      |               ^~~~~~~~~~~
/usr/local/mxe/usr/x86_64-w64-mingw32.static/include/processthreadsapi.h:324:29: note: previous declaration of 'TlsSetValue' with type 'WINBOOL(DWORD,  void *)' {aka 'int(long unsigned int,  void *)'}
  324 |   WINBASEAPI WINBOOL WINAPI TlsSetValue (DWORD dwTlsIndex, LPVOID lpTlsValue);
      |                             ^~~~~~~~~~~
/xemu/include/hw/core/cpu.h:648:15: warning: 'TlsSetValue' redeclared without dllimport attribute: previous dllimport ignored [-Wattributes]
  648 | int __stdcall TlsSetValue(unsigned long, void *);
      |               ^~~~~~~~~~~
[659/663] Compiling C object libqemu-i386-softmmu.a.p/monitor_hmp-cmds-target.c.obj
In file included from /xemu/include/exec/cpu-common.h:13,
                 from /xemu/include/system/memory.h:17,
                 from ../monitor/hmp-cmds-target.c:28:
/xemu/include/hw/core/cpu.h:647:17: warning: redundant redeclaration of 'TlsGetValue' [-Wredundant-decls]
  647 | void *__stdcall TlsGetValue(unsigned long);
      |                 ^~~~~~~~~~~
In file included from /usr/local/mxe/usr/x86_64-w64-mingw32.static/include/winbase.h:29,
                 from /usr/local/mxe/usr/x86_64-w64-mingw32.static/include/windows.h:70,
                 from /usr/local/mxe/usr/x86_64-w64-mingw32.static/include/winsock2.h:23,
                 from /xemu/include/system/os-win32.h:29,
                 from /xemu/include/qemu/osdep.h:178,
                 from ../monitor/hmp-cmds-target.c:25:
/usr/local/mxe/usr/x86_64-w64-mingw32.static/include/processthreadsapi.h:323:28: note: previous declaration of 'TlsGetValue' with type 'void *(DWORD)' {aka 'void *(long unsigned int)'}
  323 |   WINBASEAPI LPVOID WINAPI TlsGetValue (DWORD dwTlsIndex);
      |                            ^~~~~~~~~~~
/xemu/include/hw/core/cpu.h:647:17: warning: 'TlsGetValue' redeclared without dllimport attribute: previous dllimport ignored [-Wattributes]
  647 | void *__stdcall TlsGetValue(unsigned long);
      |                 ^~~~~~~~~~~
/xemu/include/hw/core/cpu.h:648:15: warning: redundant redeclaration of 'TlsSetValue' [-Wredundant-decls]
  648 | int __stdcall TlsSetValue(unsigned long, void *);
      |               ^~~~~~~~~~~
/usr/local/mxe/usr/x86_64-w64-mingw32.static/include/processthreadsapi.h:324:29: note: previous declaration of 'TlsSetValue' with type 'WINBOOL(DWORD,  void *)' {aka 'int(long unsigned int,  void *)'}
  324 |   WINBASEAPI WINBOOL WINAPI TlsSetValue (DWORD dwTlsIndex, LPVOID lpTlsValue);
      |                             ^~~~~~~~~~~
/xemu/include/hw/core/cpu.h:648:15: warning: 'TlsSetValue' redeclared without dllimport attribute: previous dllimport ignored [-Wattributes]
  648 | int __stdcall TlsSetValue(unsigned long, void *);
      |               ^~~~~~~~~~~
[660/663] Compiling C object libqemu-i386-softmmu.a.p/accel_stubs_mshv-stub.c.obj
In file included from /xemu/include/exec/cpu-common.h:13,
                 from /xemu/include/system/memory.h:17,
                 from /xemu/include/hw/pci/pci.h:4,
                 from /xemu/include/hw/pci/pci_device.h:4,
                 from /xemu/include/hw/pci/msi.h:24,
                 from ../accel/stubs/mshv-stub.c:12:
/xemu/include/hw/core/cpu.h:647:17: warning: redundant redeclaration of 'TlsGetValue' [-Wredundant-decls]
  647 | void *__stdcall TlsGetValue(unsigned long);
      |                 ^~~~~~~~~~~
In file included from /usr/local/mxe/usr/x86_64-w64-mingw32.static/include/winbase.h:29,
                 from /usr/local/mxe/usr/x86_64-w64-mingw32.static/include/windows.h:70,
                 from /usr/local/mxe/usr/x86_64-w64-mingw32.static/include/winsock2.h:23,
                 from /xemu/include/system/os-win32.h:29,
                 from /xemu/include/qemu/osdep.h:178,
                 from ../accel/stubs/mshv-stub.c:11:
/usr/local/mxe/usr/x86_64-w64-mingw32.static/include/processthreadsapi.h:323:28: note: previous declaration of 'TlsGetValue' with type 'void *(DWORD)' {aka 'void *(long unsigned int)'}
  323 |   WINBASEAPI LPVOID WINAPI TlsGetValue (DWORD dwTlsIndex);
      |                            ^~~~~~~~~~~
/xemu/include/hw/core/cpu.h:647:17: warning: 'TlsGetValue' redeclared without dllimport attribute: previous dllimport ignored [-Wattributes]
  647 | void *__stdcall TlsGetValue(unsigned long);
      |                 ^~~~~~~~~~~
/xemu/include/hw/core/cpu.h:648:15: warning: redundant redeclaration of 'TlsSetValue' [-Wredundant-decls]
  648 | int __stdcall TlsSetValue(unsigned long, void *);
      |               ^~~~~~~~~~~
/usr/local/mxe/usr/x86_64-w64-mingw32.static/include/processthreadsapi.h:324:29: note: previous declaration of 'TlsSetValue' with type 'WINBOOL(DWORD,  void *)' {aka 'int(long unsigned int,  void *)'}
  324 |   WINBASEAPI WINBOOL WINAPI TlsSetValue (DWORD dwTlsIndex, LPVOID lpTlsValue);
      |                             ^~~~~~~~~~~
/xemu/include/hw/core/cpu.h:648:15: warning: 'TlsSetValue' redeclared without dllimport attribute: previous dllimport ignored [-Wattributes]
  648 | int __stdcall TlsSetValue(unsigned long, void *);
      |               ^~~~~~~~~~~
[661/663] Compiling C object libcommon.a.p/fpu_softfloat.c.obj
[662/663] Compiling C object libqemu-i386-softmmu.a.p/target_i386_tcg_translate.c.obj
In file included from ../target/i386/cpu-qom.h:23,
                 from ../target/i386/cpu.h:24,
                 from ../target/i386/tcg/translate.c:22:
/xemu/include/hw/core/cpu.h:647:17: warning: redundant redeclaration of 'TlsGetValue' [-Wredundant-decls]
  647 | void *__stdcall TlsGetValue(unsigned long);
      |                 ^~~~~~~~~~~
In file included from /usr/local/mxe/usr/x86_64-w64-mingw32.static/include/winbase.h:29,
                 from /usr/local/mxe/usr/x86_64-w64-mingw32.static/include/windows.h:70,
                 from /usr/local/mxe/usr/x86_64-w64-mingw32.static/include/winsock2.h:23,
                 from /xemu/include/system/os-win32.h:29,
                 from /xemu/include/qemu/osdep.h:178,
                 from ../target/i386/tcg/translate.c:19:
/usr/local/mxe/usr/x86_64-w64-mingw32.static/include/processthreadsapi.h:323:28: note: previous declaration of 'TlsGetValue' with type 'void *(DWORD)' {aka 'void *(long unsigned int)'}
  323 |   WINBASEAPI LPVOID WINAPI TlsGetValue (DWORD dwTlsIndex);
      |                            ^~~~~~~~~~~
/xemu/include/hw/core/cpu.h:647:17: warning: 'TlsGetValue' redeclared without dllimport attribute: previous dllimport ignored [-Wattributes]
  647 | void *__stdcall TlsGetValue(unsigned long);
      |                 ^~~~~~~~~~~
/xemu/include/hw/core/cpu.h:648:15: warning: redundant redeclaration of 'TlsSetValue' [-Wredundant-decls]
  648 | int __stdcall TlsSetValue(unsigned long, void *);
      |               ^~~~~~~~~~~
/usr/local/mxe/usr/x86_64-w64-mingw32.static/include/processthreadsapi.h:324:29: note: previous declaration of 'TlsSetValue' with type 'WINBOOL(DWORD,  void *)' {aka 'int(long unsigned int,  void *)'}
  324 |   WINBASEAPI WINBOOL WINAPI TlsSetValue (DWORD dwTlsIndex, LPVOID lpTlsValue);
      |                             ^~~~~~~~~~~
/xemu/include/hw/core/cpu.h:648:15: warning: 'TlsSetValue' redeclared without dllimport attribute: previous dllimport ignored [-Wattributes]
  648 | int __stdcall TlsSetValue(unsigned long, void *);
      |               ^~~~~~~~~~~
In file included from /xemu/include/tcg/tcg-op-common.h:11,
                 from /xemu/include/tcg/tcg-op.h:11,
                 from ../target/i386/tcg/translate.c:25:
/xemu/include/tcg/tcg.h:484:17: warning: redundant redeclaration of 'TlsGetValue' [-Wredundant-decls]
  484 | void *__stdcall TlsGetValue(unsigned long);
      |                 ^~~~~~~~~~~
/usr/local/mxe/usr/x86_64-w64-mingw32.static/include/processthreadsapi.h:323:28: note: previous declaration of 'TlsGetValue' with type 'void *(long unsigned int)'
  323 |   WINBASEAPI LPVOID WINAPI TlsGetValue (DWORD dwTlsIndex);
      |                            ^~~~~~~~~~~
/xemu/include/tcg/tcg.h:485:15: warning: redundant redeclaration of 'TlsSetValue' [-Wredundant-decls]
  485 | int __stdcall TlsSetValue(unsigned long, void *);
      |               ^~~~~~~~~~~
/usr/local/mxe/usr/x86_64-w64-mingw32.static/include/processthreadsapi.h:324:29: note: previous declaration of 'TlsSetValue' with type 'int(long unsigned int,  void *)'
  324 |   WINBASEAPI WINBOOL WINAPI TlsSetValue (DWORD dwTlsIndex, LPVOID lpTlsValue);
      |                             ^~~~~~~~~~~
[663/663] Linking target xemu_libretro.dll
