Cross-compiling for Windows...
+ /xemu/configure '--extra-cflags=-DXBOX=1  -Wno-error ' --extra-ldflags= --target-list=i386-softmmu --cross-prefix=x86_64-w64-mingw32.static- --static -Dlibretro=true
Using './build' as the directory for build output
python determined to be '/usr/bin/python3'
python version: Python 3.12.3
mkvenv: Creating non-isolated virtual environment at 'pyvenv'
mkvenv: checking for meson>=1.5.0
mkvenv: checking for pycotap>=1.1.0
mkvenv: installing meson==1.9.0, pycotap==1.3.1
mkvenv: checking for sphinx>=3.4.3
mkvenv: checking for sphinx_rtd_theme>=0.5

'sphinx==6.2.1' not found:
 • Python package 'sphinx' was not found nor installed.
 • mkvenv was configured to operate offline and did not check PyPI.


Sphinx not found/usable, disabling docs.
The Meson build system
Version: 1.9.0
Source dir: /xemu
Build dir: /xemu/build
Build type: cross build
Project name: qemu
Project version: 10.2.0
C compiler for the host machine: x86_64-w64-mingw32.static-gcc -m64 (gcc 16.1.0 "x86_64-w64-mingw32.static-gcc (GCC) 16.1.0")
C linker for the host machine: x86_64-w64-mingw32.static-gcc -m64 ld.bfd 2.46.0.20260210
C++ compiler for the host machine: x86_64-w64-mingw32.static-g++ -m64 (gcc 16.1.0 "x86_64-w64-mingw32.static-g++ (GCC) 16.1.0")
C++ linker for the host machine: x86_64-w64-mingw32.static-g++ -m64 ld.bfd 2.46.0.20260210
C compiler for the build machine: cc (gcc 13.3.0 "cc (Ubuntu 13.3.0-6ubuntu2~24.04.1) 13.3.0")
C linker for the build machine: cc ld.bfd 2.42
C++ compiler for the build machine: ccache c++ (gcc 13.3.0 "c++ (Ubuntu 13.3.0-6ubuntu2~24.04.1) 13.3.0")
C++ linker for the build machine: c++ ld.bfd 2.42
Build machine cpu family: x86_64
Build machine cpu: x86_64
Host machine cpu family: x86_64
Host machine cpu: x86_64
Target machine cpu family: x86_64
Target machine cpu: x86_64
Program scripts/symlink-install-tree.py found: YES (/xemu/build/pyvenv/bin/python3 /xemu/scripts/symlink-install-tree.py)
Program sh found: YES (/usr/bin/sh)
Program python3 found: YES (/xemu/build/pyvenv/bin/python3)
Compiler for language rust skipped: feature rust disabled
Program iasl found: NO
Program bzip2 found: YES (/usr/bin/bzip2)
Program python3 found: YES (/usr/bin/python3)
Compiler for C supports arguments -fno-pie: YES 
Compiler for C supports arguments -no-pie: YES 
Compiler for C supports link arguments -Wl,-z,relro: NO 
Compiler for C supports link arguments -Wl,-z,now: NO 
Compiler for C supports link arguments -Wl,--no-seh: YES 
Compiler for C supports link arguments -Wl,--nxcompat: YES 
Compiler for C supports link arguments -Wl,--dynamicbase: YES 
Compiler for C supports link arguments -Wl,--high-entropy-va: YES 
Checking if "-fzero-call-used-regs=used-gpr" compiles: YES 
Compiler for C supports arguments -ftrivial-auto-var-init=zero: YES 
Compiler for C supports arguments -fzero-call-used-regs=used-gpr: YES 
Compiler for C supports arguments -Wempty-body: YES 
Compiler for C supports arguments -Wendif-labels: YES 
Compiler for C supports arguments -Wexpansion-to-defined: YES 
Compiler for C supports arguments -Wformat-security: YES 
Compiler for C supports arguments -Wformat-y2k: YES 
Compiler for C supports arguments -Wignored-qualifiers: YES 
Compiler for C supports arguments -Wimplicit-fallthrough=2: YES 
Compiler for C supports arguments -Winit-self: YES 
Compiler for C supports arguments -Wmissing-format-attribute: YES 
Compiler for C supports arguments -Wmissing-prototypes: YES 
Compiler for C supports arguments -Wnested-externs: YES 
Compiler for C supports arguments -Wold-style-declaration: YES 
Compiler for C supports arguments -Wold-style-definition: YES 
Compiler for C supports arguments -Wredundant-decls: YES 
Compiler for C supports arguments -Wshadow=local: YES 
Compiler for C supports arguments -Wstrict-prototypes: YES 
Compiler for C supports arguments -Wtype-limits: YES 
Compiler for C supports arguments -Wwrite-strings: YES 
Compiler for C supports arguments -Wno-gnu-variable-sized-type-not-at-end: NO 
Compiler for C supports arguments -Wno-initializer-overrides: NO 
Compiler for C supports arguments -Wno-missing-include-dirs: YES 
Compiler for C supports arguments -Wno-psabi: YES 
Compiler for C supports arguments -Wno-shift-negative-value: YES 
Compiler for C supports arguments -Wno-string-plus-int: NO 
Compiler for C supports arguments -Wno-tautological-type-limit-compare: NO 
Compiler for C supports arguments -Wno-typedef-redefinition: NO 
Compiler for C++ supports arguments -Wempty-body: YES 
Compiler for C++ supports arguments -Wendif-labels: YES 
Compiler for C++ supports arguments -Wexpansion-to-defined: YES 
Compiler for C++ supports arguments -Wformat-security: YES 
Compiler for C++ supports arguments -Wformat-y2k: YES 
Compiler for C++ supports arguments -Wignored-qualifiers: YES 
Compiler for C++ supports arguments -Wimplicit-fallthrough=2: YES 
Compiler for C++ supports arguments -Winit-self: YES 
Compiler for C++ supports arguments -Wmissing-format-attribute: YES 
Compiler for C++ supports arguments -Wmissing-prototypes: NO 
Compiler for C++ supports arguments -Wnested-externs: NO 
Compiler for C++ supports arguments -Wold-style-declaration: NO 
Compiler for C++ supports arguments -Wold-style-definition: NO 
Compiler for C++ supports arguments -Wredundant-decls: YES 
Compiler for C++ supports arguments -Wshadow=local: YES 
Compiler for C++ supports arguments -Wstrict-prototypes: NO 
Compiler for C++ supports arguments -Wtype-limits: YES 
Compiler for C++ supports arguments -Wwrite-strings: YES 
Compiler for C++ supports arguments -Wno-gnu-variable-sized-type-not-at-end: NO 
Compiler for C++ supports arguments -Wno-initializer-overrides: NO 
Compiler for C++ supports arguments -Wno-missing-include-dirs: YES 
Compiler for C++ supports arguments -Wno-psabi: YES 
Compiler for C++ supports arguments -Wno-shift-negative-value: YES 
Compiler for C++ supports arguments -Wno-string-plus-int: NO 
Compiler for C++ supports arguments -Wno-tautological-type-limit-compare: NO 
Compiler for C++ supports arguments -Wno-typedef-redefinition: NO 
Program cgcc skipped: feature sparse disabled
Library m found: YES
Library util found: NO
Program midl found: NO
Program x86_64-w64-mingw32.static-widl found: NO
Library pathcch found: YES
Library synchronization found: YES
Library ws2_32 found: YES
Library winmm found: YES
Library crypt32 found: YES
Windows resource compiler: GNU windres (GNU Binutils) 2.46.0.20260210
Found pkg-config: YES (/usr/local/mxe/usr/bin/x86_64-w64-mingw32.static-pkg-config) 0.28
Run-time dependency glib-2.0 found: YES 2.83.2
Dependency gio-2.0 skipped: feature gio disabled
Program scripts/xml-preprocess.py found: YES (/xemu/build/pyvenv/bin/python3 /xemu/scripts/xml-preprocess.py)
Dependency pixman-1 skipped: feature pixman disabled
Run-time dependency zlib found: YES 1.3.2
Library aio skipped: feature linux_aio disabled
Dependency liburing skipped: feature linux_io_uring disabled
Dependency libnfs skipped: feature libnfs disabled
Dependency appleframeworks (modules: Cocoa, CoreVideo, QuartzCore) skipped: feature cocoa disabled
Dependency appleframeworks (modules: vmnet) skipped: feature vmnet disabled
Dependency libseccomp skipped: feature seccomp disabled
Library cap-ng skipped: feature cap_ng disabled
Dependency xkbcommon skipped: feature xkbcommon disabled
Run-time dependency slirp found: YES 4.7.0
Library vdeplug skipped: feature vde disabled
Dependency libpulse skipped: feature pa disabled
Dependency alsa skipped: feature alsa disabled
Dependency jack skipped: feature jack disabled
Dependency libpipewire-0.3 skipped: feature pipewire disabled
Dependency sndio skipped: feature sndio disabled
Dependency spice-protocol skipped: feature spice_protocol disabled
Dependency libiscsi skipped: feature libiscsi disabled
Dependency libzstd skipped: feature zstd disabled
Dependency qpl skipped: feature qpl disabled
Dependency libwd skipped: feature uadk disabled
Dependency libwd_comp skipped: feature uadk disabled
Dependency qatzip skipped: feature qatzip disabled
Dependency virglrenderer skipped: feature virglrenderer disabled
Dependency rutabaga_gfx_ffi skipped: feature rutabaga_gfx disabled
Dependency blkio skipped: feature blkio disabled
Run-time dependency libcurl found: YES 8.18.0
Dependency igvm skipped: feature igvm disabled
Library brlapi skipped: feature brlapi disabled
Found CMake: NO
Run-time dependency sdl3 found: NO (tried pkgconfig and cmake)

Executing subproject sdl3 method cmake 

sdl3| Found CMake: /usr/local/mxe/usr/x86_64-pc-linux-gnu/bin/cmake (3.31.12)

| Configuring the build directory with CMake version 3.31.12
| Running CMake with: -G Ninja -DCMAKE_INSTALL_PREFIX=/qemu -DCMAKE_POSITION_INDEPENDENT_CODE=True -DSDL_CAMERA=OFF -DSDL_DISKAUDIO=OFF -DSDL_DUMMYVIDEO=OFF -DSDL_FRIBIDI=OFF -DSDL_GPU=OFF -DSDL_HAPTIC=OFF -DSDL_LIBTHAI=OFF -DSDL_POWER=OFF -DSDL_RENDER=OFF -DSDL_SENSOR=OFF -DSDL_SHARED=OFF -DSDL_STATIC=ON -DSDL_TEST_LIBRARY=OFF -DSDL_TRAY=OFF -DSDL_VIRTUAL_JOYSTICK=OFF -DSDL_X11_XTEST=OFF -DCMAKE_BUILD_TYPE=Debug
| - build directory:          /xemu/build/subprojects/SDL3-3.4.10/__CMake_build
| - source directory:         /xemu/subprojects/SDL3-3.4.10
| - toolchain file:           /xemu/build/subprojects/SDL3-3.4.10/__CMake_build/CMakeMesonToolchainFile.cmake
| - preload file:             /xemu/build/pyvenv/lib/python3.12/site-packages/mesonbuild/cmake/data/preload.cmake
| - trace args:               --trace-expand --trace-format=json-v1 --no-warn-unused-cli --trace-redirect=cmake_trace.txt
| - disabled policy warnings: [CMP0025, CMP0047, CMP0056, CMP0060, CMP0065, CMP0066, CMP0067, CMP0082, CMP0089, CMP0102]

| Put cmake in trace mode, but with variables expanded.
| Put cmake in trace mode and sets the trace output format.
| Not searching for unused variables given on the command line.
| Put cmake in trace mode and redirect trace output to a file instead of stderr.
| Trace will be written to cmake_trace.txt
| -- The C compiler identification is GNU 16.1.0
| -- Detecting C compiler ABI info
| -- Detecting C compiler ABI info - done
| -- Check for working C compiler: /usr/local/mxe/usr/x86_64-pc-linux-gnu/bin/x86_64-w64-mingw32.static-gcc - skipped
| -- Detecting C compile features
| -- Detecting C compile features - done
| -- Found PkgConfig: /usr/local/mxe/usr/x86_64-pc-linux-gnu/bin/pkgconf (found version "0.28")
| -- Detecting Target CPU Architecture
| CMake Warning (dev) at cmake/sdlcpu.cmake:108 (file):
| Policy CMP0159 is not set: file(STRINGS) with REGEX updates
| CMAKE_MATCH_<n>.  Run "cmake --help-policy CMP0159" for policy details.
| Use the cmake_policy command to set the policy and suppress this warning.

| For compatibility, CMake is leaving CMAKE_MATCH_<n> unchanged.
| Call Stack (most recent call first):
| CMakeLists.txt:83 (SDL_DetectTargetCPUArchitectures)
| This warning is for project developers.  Use -Wno-dev to suppress it.

| -- Detecting Target CPU Architecture - X64
| -- Performing Test HAVE_GDWARF_4
| -- Performing Test HAVE_GDWARF_4 - Success
| -- Performing Test HAVE_GCC_WALL
| -- Performing Test HAVE_GCC_WALL - Success
| -- Performing Test HAVE_GCC_WUNDEF
| -- Performing Test HAVE_GCC_WUNDEF - Success
| -- Performing Test HAVE_GCC_WFLOAT_CONVERSION
| -- Performing Test HAVE_GCC_WFLOAT_CONVERSION - Success
| -- Performing Test HAVE_GCC_NO_STRICT_ALIASING
| -- Performing Test HAVE_GCC_NO_STRICT_ALIASING - Success
| -- Performing Test HAVE_GCC_WDOCUMENTATION
| -- Performing Test HAVE_GCC_WDOCUMENTATION - Failed
| CMake Warning (dev) at /usr/local/mxe/usr/x86_64-pc-linux-gnu/share/cmake-3.31/Modules/Internal/CheckSourceCompiles.cmake:138 (set):
| Policy CMP0126 is not set: set(CACHE) does not remove a normal variable of
| the same name.  Run "cmake --help-policy CMP0126" for policy details.  Use
| the cmake_policy command to set the policy and suppress this warning.

| For compatibility with older versions of CMake, normal variable
| "HAVE_GCC_WDOCUMENTATION" will be removed from the current scope.
| Call Stack (most recent call first):
| /usr/local/mxe/usr/x86_64-pc-linux-gnu/share/cmake-3.31/Modules/Internal/CheckCompilerFlag.cmake:18 (cmake_check_source_compiles)
| /usr/local/mxe/usr/x86_64-pc-linux-gnu/share/cmake-3.31/Modules/CheckCCompilerFlag.cmake:56 (cmake_check_compiler_flag)
| cmake/sdlcompilers.cmake:85 (check_c_compiler_flag)
| CMakeLists.txt:483 (SDL_AddCommonCompilerFlags)
| This warning is for project developers.  Use -Wno-dev to suppress it.

| -- Performing Test HAVE_GCC_WDOCUMENTATION_UNKNOWN_COMMAND
| -- Performing Test HAVE_GCC_WDOCUMENTATION_UNKNOWN_COMMAND - Failed
| CMake Warning (dev) at /usr/local/mxe/usr/x86_64-pc-linux-gnu/share/cmake-3.31/Modules/Internal/CheckSourceCompiles.cmake:138 (set):
| Policy CMP0126 is not set: set(CACHE) does not remove a normal variable of
| the same name.  Run "cmake --help-policy CMP0126" for policy details.  Use
| the cmake_policy command to set the policy and suppress this warning.

| For compatibility with older versions of CMake, normal variable
| "HAVE_GCC_WDOCUMENTATION_UNKNOWN_COMMAND" will be removed from the current
| scope.
| Call Stack (most recent call first):
| /usr/local/mxe/usr/x86_64-pc-linux-gnu/share/cmake-3.31/Modules/Internal/CheckCompilerFlag.cmake:18 (cmake_check_source_compiles)
| /usr/local/mxe/usr/x86_64-pc-linux-gnu/share/cmake-3.31/Modules/CheckCCompilerFlag.cmake:56 (cmake_check_compiler_flag)
| cmake/sdlcompilers.cmake:96 (check_c_compiler_flag)
| CMakeLists.txt:483 (SDL_AddCommonCompilerFlags)
| This warning is for project developers.  Use -Wno-dev to suppress it.

| -- Performing Test HAVE_GCC_COMMENT_BLOCK_COMMANDS
| -- Performing Test HAVE_GCC_COMMENT_BLOCK_COMMANDS - Failed
| CMake Warning (dev) at /usr/local/mxe/usr/x86_64-pc-linux-gnu/share/cmake-3.31/Modules/Internal/CheckSourceCompiles.cmake:138 (set):
| Policy CMP0126 is not set: set(CACHE) does not remove a normal variable of
| the same name.  Run "cmake --help-policy CMP0126" for policy details.  Use
| the cmake_policy command to set the policy and suppress this warning.

| For compatibility with older versions of CMake, normal variable
| "HAVE_GCC_COMMENT_BLOCK_COMMANDS" will be removed from the current scope.
| Call Stack (most recent call first):
| /usr/local/mxe/usr/x86_64-pc-linux-gnu/share/cmake-3.31/Modules/Internal/CheckCompilerFlag.cmake:18 (cmake_check_source_compiles)
| /usr/local/mxe/usr/x86_64-pc-linux-gnu/share/cmake-3.31/Modules/CheckCCompilerFlag.cmake:56 (cmake_check_compiler_flag)
| cmake/sdlcompilers.cmake:107 (check_c_compiler_flag)
| CMakeLists.txt:483 (SDL_AddCommonCompilerFlags)
| This warning is for project developers.  Use -Wno-dev to suppress it.

| -- Performing Test HAVE_CLANG_COMMENT_BLOCK_COMMANDS
| -- Performing Test HAVE_CLANG_COMMENT_BLOCK_COMMANDS - Failed
| -- Performing Test HAVE_GCC_WSHADOW
| -- Performing Test HAVE_GCC_WSHADOW - Success
| -- Performing Test HAVE_GCC_WUNUSED_LOCAL_TYPEDEFS
| -- Performing Test HAVE_GCC_WUNUSED_LOCAL_TYPEDEFS - Success
| -- Performing Test HAVE_GCC_WIMPLICIT_FALLTHROUGH
| -- Performing Test HAVE_GCC_WIMPLICIT_FALLTHROUGH - Success
| -- Performing Test COMPILER_SUPPORTS_FDIAGNOSTICS_COLOR_ALWAYS
| -- Performing Test COMPILER_SUPPORTS_FDIAGNOSTICS_COLOR_ALWAYS - Success
| -- Looking for __GLIBC__
| -- Looking for __GLIBC__ - not found
| -- Performing Test HAVE_WL_VERSION_SCRIPT
| -- Performing Test HAVE_WL_VERSION_SCRIPT - Success
| -- Performing Test COMPILER_SUPPORTS_GCC_ATOMICS
| -- Performing Test COMPILER_SUPPORTS_GCC_ATOMICS - Success
| -- Performing Test HAVE_GCC_FVISIBILITY
| -- Performing Test HAVE_GCC_FVISIBILITY - Failed
| -- Performing Test LINKER_SUPPORTS_WL_NO_UNDEFINED
| -- Performing Test LINKER_SUPPORTS_WL_NO_UNDEFINED - Success
| -- Performing Test COMPILER_SUPPORTS_MMX
| -- Performing Test COMPILER_SUPPORTS_MMX - Success
| -- Performing Test COMPILER_SUPPORTS_SSE
| -- Performing Test COMPILER_SUPPORTS_SSE - Success
| -- Performing Test COMPILER_SUPPORTS_SSE2
| -- Performing Test COMPILER_SUPPORTS_SSE2 - Success
| -- Performing Test COMPILER_SUPPORTS_SSE3
| -- Performing Test COMPILER_SUPPORTS_SSE3 - Success
| -- Performing Test COMPILER_SUPPORTS_SSE4_1
| -- Performing Test COMPILER_SUPPORTS_SSE4_1 - Success
| -- Performing Test COMPILER_SUPPORTS_SSE4_2
| -- Performing Test COMPILER_SUPPORTS_SSE4_2 - Success
| -- Performing Test COMPILER_SUPPORTS_AVX
| -- Performing Test COMPILER_SUPPORTS_AVX - Success
| -- Performing Test COMPILER_SUPPORTS_AVX2
| -- Performing Test COMPILER_SUPPORTS_AVX2 - Success
| -- Performing Test COMPILER_SUPPORTS_AVX512F
| -- Performing Test COMPILER_SUPPORTS_AVX512F - Success
| -- Looking for alloca.h
| -- Looking for alloca.h - not found
| -- Looking for float.h
| -- Looking for float.h - found
| -- Looking for iconv.h
| -- Looking for iconv.h - found
| -- Looking for inttypes.h
| -- Looking for inttypes.h - found
| -- Looking for limits.h
| -- Looking for limits.h - found
| -- Looking for malloc.h
| -- Looking for malloc.h - found
| -- Looking for math.h
| -- Looking for math.h - found
| -- Looking for memory.h
| -- Looking for memory.h - found
| -- Looking for signal.h
| -- Looking for signal.h - found
| -- Looking for stdarg.h
| -- Looking for stdarg.h - found
| -- Looking for stdbool.h
| -- Looking for stdbool.h - found
| -- Looking for stddef.h
| -- Looking for stddef.h - found
| -- Looking for stdint.h
| -- Looking for stdint.h - found
| -- Looking for stdio.h
| -- Looking for stdio.h - found
| -- Looking for stdlib.h
| -- Looking for stdlib.h - found
| -- Looking for string.h
| -- Looking for string.h - found
| -- Looking for strings.h
| -- Looking for strings.h - found
| -- Looking for sys/types.h
| -- Looking for sys/types.h - found
| -- Looking for time.h
| -- Looking for time.h - found
| -- Looking for wchar.h
| -- Looking for wchar.h - found
| -- Looking for pow in m
| -- Looking for pow in m - found
| -- Looking for abs
| -- Looking for abs - found
| -- Looking for acos
| -- Looking for acos - found
| -- Looking for acosf
| -- Looking for acosf - found
| -- Looking for asin
| -- Looking for asin - found
| -- Looking for asinf
| -- Looking for asinf - found
| -- Looking for atan
| -- Looking for atan - found
| -- Looking for atan2
| -- Looking for atan2 - found
| -- Looking for atan2f
| -- Looking for atan2f - found
| -- Looking for atanf
| -- Looking for atanf - found
| -- Looking for atof
| -- Looking for atof - found
| -- Looking for atoi
| -- Looking for atoi - found
| -- Looking for bcopy
| -- Looking for bcopy - not found
| -- Looking for ceil
| -- Looking for ceil - found
| -- Looking for ceilf
| -- Looking for ceilf - found
| -- Looking for copysign
| -- Looking for copysign - found
| -- Looking for copysignf
| -- Looking for copysignf - found
| -- Looking for cos
| -- Looking for cos - found
| -- Looking for cosf
| -- Looking for cosf - found
| -- Looking for _Exit
| -- Looking for _Exit - found
| -- Looking for exp
| -- Looking for exp - found
| -- Looking for expf
| -- Looking for expf - found
| -- Looking for fabs
| -- Looking for fabs - found
| -- Looking for fabsf
| -- Looking for fabsf - found
| -- Looking for floor
| -- Looking for floor - found
| -- Looking for floorf
| -- Looking for floorf - found
| -- Looking for fmod
| -- Looking for fmod - found
| -- Looking for fmodf
| -- Looking for fmodf - found
| -- Looking for fopen64
| -- Looking for fopen64 - found
| -- Looking for fseeko
| -- Looking for fseeko - found
| -- Looking for fseeko64
| -- Looking for fseeko64 - found
| -- Looking for getenv
| -- Looking for getenv - found
| -- Looking for _i64toa
| -- Looking for _i64toa - found
| -- Looking for index
| -- Looking for index - not found
| -- Looking for itoa
| -- Looking for itoa - found
| -- Looking for log
| -- Looking for log - found
| -- Looking for log10
| -- Looking for log10 - found
| -- Looking for log10f
| -- Looking for log10f - found
| -- Looking for logf
| -- Looking for logf - found
| -- Looking for lround
| -- Looking for lround - found
| -- Looking for lroundf
| -- Looking for lroundf - found
| -- Looking for _ltoa
| -- Looking for _ltoa - found
| -- Looking for malloc
| -- Looking for malloc - found
| -- Looking for memcmp
| -- Looking for memcmp - found
| -- Looking for memcpy
| -- Looking for memcpy - found
| -- Looking for memmove
| -- Looking for memmove - found
| -- Looking for memset
| -- Looking for memset - found
| -- Looking for modf
| -- Looking for modf - found
| -- Looking for modff
| -- Looking for modff - found
| -- Looking for pow
| -- Looking for pow - found
| -- Looking for powf
| -- Looking for powf - found
| -- Looking for putenv
| -- Looking for putenv - found
| -- Looking for rindex
| -- Looking for rindex - not found
| -- Looking for round
| -- Looking for round - found
| -- Looking for roundf
| -- Looking for roundf - found
| -- Looking for scalbn
| -- Looking for scalbn - found
| -- Looking for scalbnf
| -- Looking for scalbnf - found
| -- Looking for setenv
| -- Looking for setenv - not found
| -- Looking for sin
| -- Looking for sin - found
| -- Looking for sinf
| -- Looking for sinf - found
| -- Looking for sqr
| -- Looking for sqr - not found
| -- Looking for sqrt
| -- Looking for sqrt - found
| -- Looking for sqrtf
| -- Looking for sqrtf - found
| -- Looking for sscanf
| -- Looking for sscanf - found
| -- Looking for strchr
| -- Looking for strchr - found
| -- Looking for strcmp
| -- Looking for strcmp - found
| -- Looking for strlcat
| -- Looking for strlcat - not found
| -- Looking for strlcpy
| -- Looking for strlcpy - not found
| -- Looking for strlen
| -- Looking for strlen - found
| -- Looking for strncmp
| -- Looking for strncmp - found
| -- Looking for strnlen
| -- Looking for strnlen - found
| -- Looking for strpbrk
| -- Looking for strpbrk - found
| -- Looking for strrchr
| -- Looking for strrchr - found
| -- Looking for strstr
| -- Looking for strstr - found
| -- Looking for strnstr
| -- Looking for strnstr - not found
| -- Looking for strtod
| -- Looking for strtod - found
| -- Looking for strtok_r
| -- Looking for strtok_r - found
| -- Looking for strtol
| -- Looking for strtol - found
| -- Looking for strtoll
| -- Looking for strtoll - found
| -- Looking for strtoul
| -- Looking for strtoul - found
| -- Looking for strtoull
| -- Looking for strtoull - found
| -- Looking for tan
| -- Looking for tan - found
| -- Looking for tanf
| -- Looking for tanf - found
| -- Looking for trunc
| -- Looking for trunc - found
| -- Looking for truncf
| -- Looking for truncf - found
| -- Looking for unsetenv
| -- Looking for unsetenv - not found
| -- Looking for vsnprintf
| -- Looking for vsnprintf - found
| -- Looking for vsscanf
| -- Looking for vsscanf - found
| -- Looking for wcsnlen
| -- Looking for wcsnlen - found
| -- Looking for wcscmp
| -- Looking for wcscmp - found
| -- Looking for wcsdup
| -- Looking for wcsdup - found
| -- Looking for wcslcat
| -- Looking for wcslcat - not found
| -- Looking for wcslcpy
| -- Looking for wcslcpy - not found
| -- Looking for wcslen
| -- Looking for wcslen - found
| -- Looking for wcsncmp
| -- Looking for wcsncmp - found
| -- Looking for wcsstr
| -- Looking for wcsstr - found
| -- Looking for wcstol
| -- Looking for wcstol - found
| -- Looking for _copysign
| -- Looking for _copysign - found
| -- Looking for _fseeki64
| -- Looking for _fseeki64 - found
| -- Looking for _strrev
| -- Looking for _strrev - found
| -- Looking for _ui64toa
| -- Looking for _ui64toa - found
| -- Looking for _ultoa
| -- Looking for _ultoa - found
| -- Looking for _wcsdup
| -- Looking for _wcsdup - found
| -- Performing Test LIBC_HAS_ISINF
| -- Performing Test LIBC_HAS_ISINF - Success
| -- Performing Test LIBC_ISINF_HANDLES_FLOAT
| -- Performing Test LIBC_ISINF_HANDLES_FLOAT - Success
| -- Performing Test LIBC_HAS_ISINFF
| -- Performing Test LIBC_HAS_ISINFF - Failed
| -- Performing Test LIBC_HAS_ISNAN
| -- Performing Test LIBC_HAS_ISNAN - Success
| -- Performing Test LIBC_ISNAN_HANDLES_FLOAT
| -- Performing Test LIBC_ISNAN_HANDLES_FLOAT - Success
| -- Performing Test LIBC_HAS_ISNANF
| -- Performing Test LIBC_HAS_ISNANF - Failed
| -- The CXX compiler identification is GNU 16.1.0
| CMake Warning (dev) at /usr/local/mxe/usr/x86_64-pc-linux-gnu/share/cmake-3.31/Modules/CMakeFindBinUtils.cmake:225 (find_program):
| Policy CMP0126 is not set: set(CACHE) does not remove a normal variable of
| the same name.  Run "cmake --help-policy CMP0126" for policy details.  Use
| the cmake_policy command to set the policy and suppress this warning.

| For compatibility with older versions of CMake, normal variable
| "CMAKE_TAPI" will be removed from the current scope.
| Call Stack (most recent call first):
| /usr/local/mxe/usr/x86_64-pc-linux-gnu/share/cmake-3.31/Modules/CMakeDetermineCXXCompiler.cmake:207 (include)
| CMakeLists.txt:2166 (enable_language)
| This warning is for project developers.  Use -Wno-dev to suppress it.

| -- Detecting CXX compiler ABI info
| -- Detecting CXX compiler ABI info - done
| -- Check for working CXX compiler: /usr/local/mxe/usr/x86_64-pc-linux-gnu/bin/x86_64-w64-mingw32.static-g++ - skipped
| -- Detecting CXX compile features
| -- Detecting CXX compile features - done
| -- Performing Test HAVE_WIN32_CC
| -- Performing Test HAVE_WIN32_CC - Success
| -- Looking for d3d9.h
| -- Looking for d3d9.h - found
| -- Looking for d3d11_1.h
| -- Looking for d3d11_1.h - found
| -- Looking for ddraw.h
| -- Looking for ddraw.h - found
| -- Looking for dsound.h
| -- Looking for dsound.h - found
| -- Looking for dinput.h
| -- Looking for dinput.h - found
| -- Looking for dxgi.h
| -- Looking for dxgi.h - found
| -- Performing Test HAVE_XINPUT_H
| -- Performing Test HAVE_XINPUT_H - Success
| -- Performing Test HAVE_WINDOWS_GAMING_INPUT_H
| -- Performing Test HAVE_WINDOWS_GAMING_INPUT_H - Success
| -- Performing Test HAVE_GAMEINPUT_H
| -- Performing Test HAVE_GAMEINPUT_H - Failed
| -- Looking for dxgi1_5.h
| -- Looking for dxgi1_5.h - found
| -- Looking for dxgi1_6.h
| -- Looking for dxgi1_6.h - found
| -- Looking for tpcshrd.h
| -- Looking for tpcshrd.h - found
| -- Looking for roapi.h
| -- Looking for roapi.h - found
| -- Looking for mmdeviceapi.h
| -- Looking for mmdeviceapi.h - found
| -- Looking for audioclient.h
| -- Looking for audioclient.h - found
| -- Looking for sensorsapi.h
| -- Looking for sensorsapi.h - found
| -- Looking for shellscalingapi.h
| -- Looking for shellscalingapi.h - found
| -- Performing Test HAVE_MFAPI_H
| -- Performing Test HAVE_MFAPI_H - Success
| -- Checking for module 'libusb-1.0>=1.0.16'
| --   Package libusb-1.0 was not found in the pkg-config search path.
| Perhaps you should add the directory containing `libusb-1.0.pc'
| to the PKG_CONFIG_PATH environment variable
| Package 'libusb-1.0', required by 'world', not found
| -- Could NOT find LibUSB (missing: LibUSB_LIBRARY LibUSB_INCLUDE_PATH) (found version "LibUSB_VERSION-NOTFOUND")
| CMake Warning at /xemu/build/pyvenv/lib/python3.12/site-packages/mesonbuild/cmake/data/preload.cmake:18 (message):
| The function 'target_precompile_headers' is disabled in the context of
| CMake subprojects.

| This should not be an issue but may lead to compilation errors.
| Call Stack (most recent call first):
| /xemu/build/pyvenv/lib/python3.12/site-packages/mesonbuild/cmake/data/preload.cmake:76 (meson_ps_disabled_function)
| CMakeLists.txt:4042 (target_precompile_headers)


| --
| -- SDL3 was configured with the following options:
| --
| -- Platform: Windows
| -- 64-bit:   TRUE
| -- Compiler: /usr/local/mxe/usr/x86_64-pc-linux-gnu/bin/x86_64-w64-mingw32.static-gcc
| -- Revision: SDL-release-3.4.10-0-g8e37db5e7
| -- Vendor:
| --
| -- Subsystems:
| --   Audio:    ON
| --   Video:    ON
| --   GPU:      OFF
| --   Render:   OFF
| --   Camera:   OFF
| --   Joystick: ON
| --   Haptic:   OFF
| --   Hidapi:   ON
| --   Power:    OFF
| --   Sensor:   OFF
| --   Dialog:   ON
| --   Tray:     OFF
| --
| -- Options:
| --   SDL_ALSA                    (Wanted: OFF): OFF
| --   SDL_ALSA_SHARED             (Wanted: OFF): OFF
| --   SDL_ALTIVEC                 (Wanted: OFF): OFF
| --   SDL_ARMNEON                 (Wanted: OFF): OFF
| --   SDL_ASAN                    (Wanted: OFF): OFF
| --   SDL_ASSEMBLY                (Wanted: ON): ON
| --   SDL_ASSERTIONS              (Wanted: auto): auto
| --   SDL_AVX                     (Wanted: ON): ON
| --   SDL_AVX2                    (Wanted: ON): ON
| --   SDL_AVX512F                 (Wanted: ON): ON
| --   SDL_BACKGROUNDING_SIGNAL    (Wanted: OFF): OFF
| --   SDL_CCACHE                  (Wanted: OFF): OFF
| --   SDL_CLANG_TIDY              (Wanted: OFF): OFF
| --   SDL_CLOCK_GETTIME           (Wanted: OFF): OFF
| --   SDL_COCOA                   (Wanted: OFF): OFF
| --   SDL_DBUS                    (Wanted: OFF): OFF
| --   SDL_DEPS_SHARED             (Wanted: ON): OFF
| --   SDL_DIRECTX                 (Wanted: ON): ON
| --   SDL_DISKAUDIO               (Wanted: OFF): OFF
| --   SDL_DLOPEN_NOTES            (Wanted: OFF): OFF
| --   SDL_DUMMYAUDIO              (Wanted: ON): ON
| --   SDL_DUMMYCAMERA             (Wanted: OFF): OFF
| --   SDL_DUMMYVIDEO              (Wanted: OFF): OFF
| --   SDL_EXAMPLES                (Wanted: OFF): OFF
| --   SDL_EXAMPLES_LINK_SHARED    (Wanted: OFF): OFF
| --   SDL_FOREGROUNDING_SIGNAL    (Wanted: OFF): OFF
| --   SDL_FRIBIDI                 (Wanted: OFF): OFF
| --   SDL_FRIBIDI_SHARED          (Wanted: OFF): OFF
| --   SDL_GCC_ATOMICS             (Wanted: ON): ON
| --   SDL_HIDAPI                  (Wanted: ON): ON
| --   SDL_HIDAPI_JOYSTICK         (Wanted: ON): ON
| --   SDL_HIDAPI_LIBUSB           (Wanted: ON): OFF
| --   SDL_HIDAPI_LIBUSB_SHARED    (Wanted: ON): OFF
| --   SDL_IBUS                    (Wanted: OFF): OFF
| --   SDL_INSTALL                 (Wanted: ON): OFF
| --   SDL_INSTALL_TESTS           (Wanted: OFF): OFF
| --   SDL_JACK                    (Wanted: OFF): OFF
| --   SDL_JACK_SHARED             (Wanted: OFF): OFF
| --   SDL_KMSDRM                  (Wanted: OFF): OFF
| --   SDL_KMSDRM_SHARED           (Wanted: OFF): OFF
| --   SDL_LASX                    (Wanted: OFF): OFF
| --   SDL_LIBC                    (Wanted: ON): ON
| --   SDL_LIBICONV                (Wanted: OFF): OFF
| --   SDL_LIBTHAI                 (Wanted: OFF): OFF
| --   SDL_LIBTHAI_SHARED          (Wanted: OFF): OFF
| --   SDL_LIBUDEV                 (Wanted: ON): OFF
| --   SDL_LIBURING                (Wanted: OFF): OFF
| --   SDL_LSX                     (Wanted: OFF): OFF
| --   SDL_METAL                   (Wanted: OFF): OFF
| --   SDL_MMX                     (Wanted: ON): ON
| --   SDL_OFFSCREEN               (Wanted: ON): ON
| --   SDL_OPENGL                  (Wanted: ON): ON
| --   SDL_OPENGLES                (Wanted: ON): ON
| --   SDL_OPENVR                  (Wanted: OFF): OFF
| --   SDL_OSS                     (Wanted: OFF): OFF
| --   SDL_PIPEWIRE                (Wanted: OFF): OFF
| --   SDL_PIPEWIRE_SHARED         (Wanted: OFF): OFF
| --   SDL_PTHREADS                (Wanted: OFF): OFF
| --   SDL_PTHREADS_SEM            (Wanted: OFF): OFF
| --   SDL_PULSEAUDIO              (Wanted: OFF): OFF
| --   SDL_PULSEAUDIO_SHARED       (Wanted: OFF): OFF
| --   SDL_RENDER_D3D              (Wanted: OFF): OFF
| --   SDL_RENDER_D3D11            (Wanted: OFF): OFF
| --   SDL_RENDER_D3D12            (Wanted: OFF): OFF
| --   SDL_RENDER_GPU              (Wanted: OFF): OFF
| --   SDL_RENDER_METAL            (Wanted: OFF): OFF
| --   SDL_RENDER_VULKAN           (Wanted: OFF): OFF
| --   SDL_ROCKCHIP                (Wanted: OFF): OFF
| --   SDL_RPATH                   (Wanted: OFF): OFF
| --   SDL_RPI                     (Wanted: OFF): OFF
| --   SDL_SNDIO                   (Wanted: OFF): OFF
| --   SDL_SNDIO_SHARED            (Wanted: OFF): OFF
| --   SDL_SSE                     (Wanted: ON): ON
| --   SDL_SSE2                    (Wanted: ON): ON
| --   SDL_SSE3                    (Wanted: ON): ON
| --   SDL_SSE4_1                  (Wanted: ON): ON
| --   SDL_SSE4_2                  (Wanted: ON): ON
| --   SDL_SYSTEM_ICONV            (Wanted: OFF): OFF
| --   SDL_TESTS                   (Wanted: OFF): OFF
| --   SDL_TESTS_LINK_SHARED       (Wanted: OFF): OFF
| --   SDL_UNINSTALL               (Wanted: ON): ON
| --   SDL_VIRTUAL_JOYSTICK        (Wanted: OFF): OFF
| --   SDL_VIVANTE                 (Wanted: OFF): OFF
| --   SDL_VULKAN                  (Wanted: ON): ON
| --   SDL_WASAPI                  (Wanted: ON): ON
| --   SDL_WAYLAND                 (Wanted: OFF): OFF
| --   SDL_WAYLAND_LIBDECOR        (Wanted: OFF): OFF
| --   SDL_WAYLAND_LIBDECOR_SHARED (Wanted: OFF): OFF
| --   SDL_WAYLAND_SHARED          (Wanted: OFF): OFF
| --   SDL_X11                     (Wanted: OFF): OFF
| --   SDL_X11_SHARED              (Wanted: OFF): OFF
| --   SDL_X11_XCURSOR             (Wanted: OFF): OFF
| --   SDL_X11_XDBE                (Wanted: OFF): OFF
| --   SDL_X11_XFIXES              (Wanted: OFF): OFF
| --   SDL_X11_XINPUT              (Wanted: OFF): OFF
| --   SDL_X11_XRANDR              (Wanted: OFF): OFF
| --   SDL_X11_XSCRNSAVER          (Wanted: OFF): OFF
| --   SDL_X11_XSHAPE              (Wanted: OFF): OFF
| --   SDL_X11_XSYNC               (Wanted: OFF): OFF
| --   SDL_X11_XTEST               (Wanted: OFF): OFF
| --   SDL_XINPUT                  (Wanted: ON): ON
| --
| --  Build Shared Library: OFF
| --  Build Static Library: ON
| --
| -- Enabled backends:
| --   Video drivers: offscreen windows
| --   Render drivers: ogl ogl_es2
| --   GPU drivers: disabled
| --   Audio drivers: dsound dummy wasapi
| --   Joystick drivers: dinput hidapi rawinput wgi xinput
| --   Camera drivers: dummy
| --
| -- Configuring done (19.2s)
| CMake Warning (dev) at CMakeLists.txt:481 (add_library):
| Policy CMP0156 is not set: De-duplicate libraries on link lines based on
| linker capabilities.  Run "cmake --help-policy CMP0156" for policy details.
| Use the cmake_policy command to set the policy and suppress this warning.

| Since the policy is not set, legacy libraries de-duplication strategy will
| be applied.
| This warning is for project developers.  Use -Wno-dev to suppress it.

| -- Generating done (0.0s)
| -- Build files have been written to: /xemu/build/subprojects/SDL3-3.4.10/__CMake_build

sdl3| CMake configuration: SUCCEEDED
sdl3| WARNING: The CMake function "target_precompile_headers" was disabled to avoid compatibility issues with Meson.
sdl3| CMake project SDL3 3.4.10 has 5 build targets.
sdl3| Generated Meson AST: /xemu/build/subprojects/SDL3-3.4.10/meson.build
sdl3| Project name: SDL3
sdl3| Project version: 3.4.10
sdl3| C compiler for the host machine: x86_64-w64-mingw32.static-gcc -m64 (gcc 16.1.0 "x86_64-w64-mingw32.static-gcc (GCC) 16.1.0")
sdl3| C linker for the host machine: x86_64-w64-mingw32.static-gcc -m64 ld.bfd 2.46.0.20260210
sdl3| C++ compiler for the host machine: x86_64-w64-mingw32.static-g++ -m64 (gcc 16.1.0 "x86_64-w64-mingw32.static-g++ (GCC) 16.1.0")
sdl3| C++ linker for the host machine: x86_64-w64-mingw32.static-g++ -m64 ld.bfd 2.46.0.20260210
sdl3| C compiler for the build machine: cc (gcc 13.3.0 "cc (Ubuntu 13.3.0-6ubuntu2~24.04.1) 13.3.0")
sdl3| C linker for the build machine: cc ld.bfd 2.42
sdl3| C++ compiler for the build machine: ccache c++ (gcc 13.3.0 "c++ (Ubuntu 13.3.0-6ubuntu2~24.04.1) 13.3.0")
sdl3| C++ linker for the build machine: c++ ld.bfd 2.42
sdl3| Build targets in project: 4
sdl3| Subproject sdl3 finished.

Dependency SDL3_image skipped: feature sdl_image disabled
Library rados skipped: feature rbd disabled
Library rbd skipped: feature rbd disabled
Dependency glusterfs-api skipped: feature glusterfs disabled
Dependency libssh skipped: feature libssh disabled
Library bz2 skipped: feature bzip2 disabled
Library lzfse skipped: feature lzfse disabled
Has header "dsound.h" : YES 
Dependency appleframeworks (modules: CoreAudio) skipped: feature coreaudio disabled
Run-time dependency epoxy found: YES 1.5.10
Run-time dependency gbm found: NO (tried pkgconfig)
Dependency libcbor skipped: feature libcbor disabled
Dependency libgcrypt skipped: feature gcrypt disabled
Dependency nettle skipped: feature nettle disabled
Dependency capstone skipped: feature capstone disabled
Run-time dependency gmp found: NO (tried pkgconfig)
Library pam skipped: feature auth_pam disabled
Library snappy skipped: feature snappy disabled
Library lzo2 skipped: feature lzo disabled
Library numa skipped: feature numa disabled
Library rdmacm skipped: feature rdma disabled
Library ibverbs skipped: feature rdma disabled
Dependency libcacard skipped: feature smartcard disabled
Dependency u2f-emu skipped: feature u2f disabled
Dependency canokey-qemu skipped: feature canokey disabled
Dependency libusbredirparser-0.5 skipped: feature usb_redir disabled
Run-time dependency libusb-1.0 found: YES 1.0.27
Dependency libpmem skipped: feature libpmem disabled
Dependency libdaxctl skipped: feature libdaxctl disabled
Dependency libkeyutils skipped: feature libkeyutils disabled
Checking for function "gettid" : NO 
Dependency libselinux skipped: feature selinux disabled
Dependency fuse3 skipped: feature fuse disabled
Dependency libbpf skipped: feature bpf disabled
Dependency libdw skipped: feature libdw disabled
Library glslang found: NO
Library MachineIndependent found: NO
Library GenericCodeGen found: NO
Library SPIRV found: NO
Library glslang-default-resource-limits found: NO
Library SPIRV-Tools found: NO
Library SPIRV-Tools-opt found: NO
Run-time dependency glslang found: NO (tried pkgconfig and cmake)
WARNING: Subproject glslang's revision may be out of date; its wrap file has changed since it was first configured

Executing subproject glslang method cmake 


| Configuring the build directory with CMake version 3.31.12
| Running CMake with: -G Ninja -DCMAKE_INSTALL_PREFIX=/qemu -DCMAKE_POSITION_INDEPENDENT_CODE=True -DENABLE_OPT=False -DENABLE_HLSL=False -DCMAKE_BUILD_TYPE=Debug
| - build directory:          /xemu/build/subprojects/glslang/__CMake_build
| - source directory:         /xemu/subprojects/glslang
| - toolchain file:           /xemu/build/subprojects/glslang/__CMake_build/CMakeMesonToolchainFile.cmake
| - preload file:             /xemu/build/pyvenv/lib/python3.12/site-packages/mesonbuild/cmake/data/preload.cmake
| - trace args:               --trace-expand --trace-format=json-v1 --no-warn-unused-cli --trace-redirect=cmake_trace.txt
| - disabled policy warnings: [CMP0025, CMP0047, CMP0056, CMP0060, CMP0065, CMP0066, CMP0067, CMP0082, CMP0089, CMP0102]

| Put cmake in trace mode, but with variables expanded.
| Put cmake in trace mode and sets the trace output format.
| Not searching for unused variables given on the command line.
| Put cmake in trace mode and redirect trace output to a file instead of stderr.
| Trace will be written to cmake_trace.txt
| -- The C compiler identification is GNU 16.1.0
| -- The CXX compiler identification is GNU 16.1.0
| -- Detecting C compiler ABI info
| -- Detecting C compiler ABI info - done
| -- Check for working C compiler: /usr/local/mxe/usr/x86_64-pc-linux-gnu/bin/x86_64-w64-mingw32.static-gcc - skipped
| -- Detecting C compile features
| -- Detecting C compile features - done
| -- Detecting CXX compiler ABI info
| -- Detecting CXX compiler ABI info - done
| -- Check for working CXX compiler: /usr/local/mxe/usr/x86_64-pc-linux-gnu/bin/x86_64-w64-mingw32.static-g++ - skipped
| -- Detecting CXX compile features
| -- Detecting CXX compile features - done
| Disabling PCH
| -- Google Mock was not found - tests based on that will not build
| -- Found Python3: /usr/bin/python3.12 (found version "3.12.3") found components: Interpreter
| -- Configuring done (0.3s)
| CMake Warning (dev) at SPIRV/CMakeLists.txt:76 (add_library):
| Policy CMP0156 is not set: De-duplicate libraries on link lines based on
| linker capabilities.  Run "cmake --help-policy CMP0156" for policy details.
| Use the cmake_policy command to set the policy and suppress this warning.

| Since the policy is not set, legacy libraries de-duplication strategy will
| be applied.
| This warning is for project developers.  Use -Wno-dev to suppress it.

| CMake Warning (dev) at glslang/OSDependent/Windows/CMakeLists.txt:42 (add_library):
| Policy CMP0156 is not set: De-duplicate libraries on link lines based on
| linker capabilities.  Run "cmake --help-policy CMP0156" for policy details.
| Use the cmake_policy command to set the policy and suppress this warning.

| Since the policy is not set, legacy libraries de-duplication strategy will
| be applied.
| This warning is for project developers.  Use -Wno-dev to suppress it.

| CMake Warning (dev) at glslang/CMakeLists.txt:170 (add_library):
| Policy CMP0156 is not set: De-duplicate libraries on link lines based on
| linker capabilities.  Run "cmake --help-policy CMP0156" for policy details.
| Use the cmake_policy command to set the policy and suppress this warning.

| Since the policy is not set, legacy libraries de-duplication strategy will
| be applied.
| This warning is for project developers.  Use -Wno-dev to suppress it.

| CMake Warning (dev) at glslang/CMakeLists.txt:136 (add_library):
| Policy CMP0156 is not set: De-duplicate libraries on link lines based on
| linker capabilities.  Run "cmake --help-policy CMP0156" for policy details.
| Use the cmake_policy command to set the policy and suppress this warning.

| Since the policy is not set, legacy libraries de-duplication strategy will
| be applied.
| This warning is for project developers.  Use -Wno-dev to suppress it.

| CMake Warning (dev) at glslang/CMakeLists.txt:54 (add_library):
| Policy CMP0156 is not set: De-duplicate libraries on link lines based on
| linker capabilities.  Run "cmake --help-policy CMP0156" for policy details.
| Use the cmake_policy command to set the policy and suppress this warning.

| Since the policy is not set, legacy libraries de-duplication strategy will
| be applied.
| This warning is for project developers.  Use -Wno-dev to suppress it.

| CMake Warning (dev) at glslang/CMakeLists.txt:220 (add_library):
| Policy CMP0156 is not set: De-duplicate libraries on link lines based on
| linker capabilities.  Run "cmake --help-policy CMP0156" for policy details.
| Use the cmake_policy command to set the policy and suppress this warning.

| Since the policy is not set, legacy libraries de-duplication strategy will
| be applied.
| This warning is for project developers.  Use -Wno-dev to suppress it.

| CMake Warning (dev) at StandAlone/CMakeLists.txt:50 (add_executable):
| Policy CMP0156 is not set: De-duplicate libraries on link lines based on
| linker capabilities.  Run "cmake --help-policy CMP0156" for policy details.
| Use the cmake_policy command to set the policy and suppress this warning.

| Since the policy is not set, legacy libraries de-duplication strategy will
| be applied.
| This warning is for project developers.  Use -Wno-dev to suppress it.

| -- Generating done (0.0s)
| -- Build files have been written to: /xemu/build/subprojects/glslang/__CMake_build

glslang| CMake configuration: SUCCEEDED
glslang| CMake project glslang  has 8 build targets.
glslang| Generated Meson AST: /xemu/build/subprojects/glslang/meson.build
glslang| Project name: glslang
glslang| Project version: undefined
glslang| C compiler for the host machine: x86_64-w64-mingw32.static-gcc -m64 (gcc 16.1.0 "x86_64-w64-mingw32.static-gcc (GCC) 16.1.0")
glslang| C linker for the host machine: x86_64-w64-mingw32.static-gcc -m64 ld.bfd 2.46.0.20260210
glslang| C++ compiler for the host machine: x86_64-w64-mingw32.static-g++ -m64 (gcc 16.1.0 "x86_64-w64-mingw32.static-g++ (GCC) 16.1.0")
glslang| C++ linker for the host machine: x86_64-w64-mingw32.static-g++ -m64 ld.bfd 2.46.0.20260210
glslang| C compiler for the build machine: cc (gcc 13.3.0 "cc (Ubuntu 13.3.0-6ubuntu2~24.04.1) 13.3.0")
glslang| C linker for the build machine: cc ld.bfd 2.42
glslang| C++ compiler for the build machine: ccache c++ (gcc 13.3.0 "c++ (Ubuntu 13.3.0-6ubuntu2~24.04.1) 13.3.0")
glslang| C++ linker for the build machine: c++ ld.bfd 2.42
glslang| Build targets in project: 12
glslang| Subproject glslang finished.


Executing subproject volk method cmake 


| Configuring the build directory with CMake version 3.31.12
| Running CMake with: -G Ninja -DCMAKE_INSTALL_PREFIX=/qemu -DCMAKE_POSITION_INDEPENDENT_CODE=True -DVOLK_STATIC_DEFINES=VK_NO_PROTOTYPES -DCMAKE_BUILD_TYPE=Debug
| - build directory:          /xemu/build/subprojects/volk/__CMake_build
| - source directory:         /xemu/subprojects/volk
| - toolchain file:           /xemu/build/subprojects/volk/__CMake_build/CMakeMesonToolchainFile.cmake
| - preload file:             /xemu/build/pyvenv/lib/python3.12/site-packages/mesonbuild/cmake/data/preload.cmake
| - trace args:               --trace-expand --trace-format=json-v1 --no-warn-unused-cli --trace-redirect=cmake_trace.txt
| - disabled policy warnings: [CMP0025, CMP0047, CMP0056, CMP0060, CMP0065, CMP0066, CMP0067, CMP0082, CMP0089, CMP0102]

| Put cmake in trace mode, but with variables expanded.
| Put cmake in trace mode and sets the trace output format.
| Not searching for unused variables given on the command line.
| Put cmake in trace mode and redirect trace output to a file instead of stderr.
| Trace will be written to cmake_trace.txt
| -- The C compiler identification is GNU 16.1.0
| -- Detecting C compiler ABI info
| -- Detecting C compiler ABI info - done
| -- Check for working C compiler: /usr/local/mxe/usr/x86_64-pc-linux-gnu/bin/x86_64-w64-mingw32.static-gcc - skipped
| -- Detecting C compile features
| -- Detecting C compile features - done
| -- Configuring done (0.1s)
| CMake Warning (dev) at CMakeLists.txt:35 (add_library):
| Policy CMP0179 is not set: De-duplication of static libraries on link lines
| keeps first occurrence.  Run "cmake --help-policy CMP0179" for policy
| details.  Use the cmake_policy command to set the policy and suppress this
| warning.

| Since the policy is not set, static libraries de-duplication will keep the
| last occurrence of the static libraries.
| This warning is for project developers.  Use -Wno-dev to suppress it.

| -- Generating done (0.0s)
| -- Build files have been written to: /xemu/build/subprojects/volk/__CMake_build

volk| CMake configuration: SUCCEEDED
volk| CMake project volk 350 has 2 build targets.
volk| Generated Meson AST: /xemu/build/subprojects/volk/meson.build
volk| Project name: volk
volk| Project version: 350
volk| C compiler for the host machine: x86_64-w64-mingw32.static-gcc -m64 (gcc 16.1.0 "x86_64-w64-mingw32.static-gcc (GCC) 16.1.0")
volk| C linker for the host machine: x86_64-w64-mingw32.static-gcc -m64 ld.bfd 2.46.0.20260210
volk| C compiler for the build machine: cc (gcc 13.3.0 "cc (Ubuntu 13.3.0-6ubuntu2~24.04.1) 13.3.0")
volk| C linker for the build machine: cc ld.bfd 2.42
volk| Build targets in project: 13
volk| Subproject volk finished.

WARNING: Subproject SPIRV-Reflect's revision may be out of date; its wrap file has changed since it was first configured

Executing subproject SPIRV-Reflect method cmake 


| Configuring the build directory with CMake version 3.31.12
| Running CMake with: -G Ninja -DCMAKE_INSTALL_PREFIX=/qemu -DCMAKE_POSITION_INDEPENDENT_CODE=True -DSPIRV_REFLECT_STATIC_LIB=ON -DCMAKE_BUILD_TYPE=Debug
| - build directory:          /xemu/build/subprojects/SPIRV-Reflect/__CMake_build
| - source directory:         /xemu/subprojects/SPIRV-Reflect
| - toolchain file:           /xemu/build/subprojects/SPIRV-Reflect/__CMake_build/CMakeMesonToolchainFile.cmake
| - preload file:             /xemu/build/pyvenv/lib/python3.12/site-packages/mesonbuild/cmake/data/preload.cmake
| - trace args:               --trace-expand --trace-format=json-v1 --no-warn-unused-cli --trace-redirect=cmake_trace.txt
| - disabled policy warnings: [CMP0025, CMP0047, CMP0056, CMP0060, CMP0065, CMP0066, CMP0067, CMP0082, CMP0089, CMP0102]

| Put cmake in trace mode, but with variables expanded.
| Put cmake in trace mode and sets the trace output format.
| Not searching for unused variables given on the command line.
| Put cmake in trace mode and redirect trace output to a file instead of stderr.
| Trace will be written to cmake_trace.txt
| -- The C compiler identification is GNU 16.1.0
| -- The CXX compiler identification is GNU 16.1.0
| CMake Warning (dev) at /usr/local/mxe/usr/x86_64-pc-linux-gnu/share/cmake-3.31/Modules/CMakeFindBinUtils.cmake:225 (find_program):
| Policy CMP0126 is not set: set(CACHE) does not remove a normal variable of
| the same name.  Run "cmake --help-policy CMP0126" for policy details.  Use
| the cmake_policy command to set the policy and suppress this warning.

| For compatibility with older versions of CMake, normal variable
| "CMAKE_TAPI" will be removed from the current scope.
| Call Stack (most recent call first):
| /usr/local/mxe/usr/x86_64-pc-linux-gnu/share/cmake-3.31/Modules/CMakeDetermineCXXCompiler.cmake:207 (include)
| CMakeLists.txt:3 (project)
| This warning is for project developers.  Use -Wno-dev to suppress it.

| -- Detecting C compiler ABI info
| -- Detecting C compiler ABI info - done
| -- Check for working C compiler: /usr/local/mxe/usr/x86_64-pc-linux-gnu/bin/x86_64-w64-mingw32.static-gcc - skipped
| -- Detecting C compile features
| -- Detecting C compile features - done
| -- Detecting CXX compiler ABI info
| -- Detecting CXX compiler ABI info - done
| -- Check for working CXX compiler: /usr/local/mxe/usr/x86_64-pc-linux-gnu/bin/x86_64-w64-mingw32.static-g++ - skipped
| -- Detecting CXX compile features
| -- Detecting CXX compile features - done
| -- Configuring done (0.2s)
| CMake Warning (dev) at CMakeLists.txt:27 (add_executable):
| Policy CMP0156 is not set: De-duplicate libraries on link lines based on
| linker capabilities.  Run "cmake --help-policy CMP0156" for policy details.
| Use the cmake_policy command to set the policy and suppress this warning.

| Since the policy is not set, legacy libraries de-duplication strategy will
| be applied.
| This warning is for project developers.  Use -Wno-dev to suppress it.

| CMake Warning (dev) at CMakeLists.txt:58 (add_executable):
| Policy CMP0156 is not set: De-duplicate libraries on link lines based on
| linker capabilities.  Run "cmake --help-policy CMP0156" for policy details.
| Use the cmake_policy command to set the policy and suppress this warning.

| Since the policy is not set, legacy libraries de-duplication strategy will
| be applied.
| This warning is for project developers.  Use -Wno-dev to suppress it.

| CMake Warning (dev) at CMakeLists.txt:116 (add_library):
| Policy CMP0156 is not set: De-duplicate libraries on link lines based on
| linker capabilities.  Run "cmake --help-policy CMP0156" for policy details.
| Use the cmake_policy command to set the policy and suppress this warning.

| Since the policy is not set, legacy libraries de-duplication strategy will
| be applied.
| This warning is for project developers.  Use -Wno-dev to suppress it.

| -- Generating done (0.0s)
| -- Build files have been written to: /xemu/build/subprojects/SPIRV-Reflect/__CMake_build

SPIRV-Reflect| CMake configuration: SUCCEEDED
SPIRV-Reflect| CMake project spirv-reflect  has 3 build targets.
SPIRV-Reflect| Generated Meson AST: /xemu/build/subprojects/SPIRV-Reflect/meson.build
SPIRV-Reflect| Project name: spirv-reflect
SPIRV-Reflect| Project version: undefined
SPIRV-Reflect| C compiler for the host machine: x86_64-w64-mingw32.static-gcc -m64 (gcc 16.1.0 "x86_64-w64-mingw32.static-gcc (GCC) 16.1.0")
SPIRV-Reflect| C linker for the host machine: x86_64-w64-mingw32.static-gcc -m64 ld.bfd 2.46.0.20260210
SPIRV-Reflect| C++ compiler for the host machine: x86_64-w64-mingw32.static-g++ -m64 (gcc 16.1.0 "x86_64-w64-mingw32.static-g++ (GCC) 16.1.0")
SPIRV-Reflect| C++ linker for the host machine: x86_64-w64-mingw32.static-g++ -m64 ld.bfd 2.46.0.20260210
SPIRV-Reflect| C compiler for the build machine: cc (gcc 13.3.0 "cc (Ubuntu 13.3.0-6ubuntu2~24.04.1) 13.3.0")
SPIRV-Reflect| C linker for the build machine: cc ld.bfd 2.42
SPIRV-Reflect| C++ compiler for the build machine: ccache c++ (gcc 13.3.0 "c++ (Ubuntu 13.3.0-6ubuntu2~24.04.1) 13.3.0")
SPIRV-Reflect| C++ linker for the build machine: c++ ld.bfd 2.42
SPIRV-Reflect| Build targets in project: 16
SPIRV-Reflect| Subproject SPIRV-Reflect finished.

Run-time dependency samplerate found: YES 0.2.2

Executing subproject imgui 

imgui| Project name: imgui
imgui| Project version: 1.91.8
imgui| C++ compiler for the host machine: x86_64-w64-mingw32.static-g++ -m64 (gcc 16.1.0 "x86_64-w64-mingw32.static-g++ (GCC) 16.1.0")
imgui| C++ linker for the host machine: x86_64-w64-mingw32.static-g++ -m64 ld.bfd 2.46.0.20260210
imgui| C++ compiler for the build machine: ccache c++ (gcc 13.3.0 "c++ (Ubuntu 13.3.0-6ubuntu2~24.04.1) 13.3.0")
imgui| C++ linker for the build machine: c++ ld.bfd 2.42
imgui| Library d3dcompiler found: YES
imgui| Library d3d9 skipped: feature dx9 disabled
imgui| Library d3d10 skipped: feature dx10 disabled
imgui| Library d3d11 skipped: feature dx11 disabled
imgui| Library d3d12 skipped: feature dx12 disabled
imgui| Dependency appleframeworks (modules: Foundation, AppKit, GameController, Metal) skipped: feature metal disabled
imgui| Run-time dependency gl found: YES 0
imgui| Library dl found: NO
imgui| Dependency sdl2 skipped: feature sdl2_renderer disabled
imgui| Dependency sdl3 skipped: feature sdl3_renderer disabled
imgui| Dependency vulkan skipped: feature vulkan disabled
imgui| Has header "webgpu/webgpu.h" skipped: feature webgpu disabled
imgui| Dependency sdl2 skipped: feature sdl2 disabled
imgui| Dependency sdl3 found: YES 3.4.10 (overridden)
imgui| Dependency allegro-5 skipped: feature allegro5 disabled
imgui| Dependency allegro_primitives-5 skipped: feature allegro5 disabled
imgui| Build targets in project: 17
imgui| Subproject imgui finished.


Executing subproject implot 

implot| Project name: ImGui Plotting Library
implot| Project version: 0.16
implot| C++ compiler for the host machine: x86_64-w64-mingw32.static-g++ -m64 (gcc 16.1.0 "x86_64-w64-mingw32.static-g++ (GCC) 16.1.0")
implot| C++ linker for the host machine: x86_64-w64-mingw32.static-g++ -m64 ld.bfd 2.46.0.20260210
implot| C++ compiler for the build machine: ccache c++ (gcc 13.3.0 "c++ (Ubuntu 13.3.0-6ubuntu2~24.04.1) 13.3.0")
implot| C++ linker for the build machine: c++ ld.bfd 2.42
implot| Build targets in project: 18
implot| Subproject implot finished.


Executing subproject genconfig 

genconfig| Project name: genconfig
genconfig| Project version: 0.1
genconfig| C compiler for the host machine: x86_64-w64-mingw32.static-gcc -m64 (gcc 16.1.0 "x86_64-w64-mingw32.static-gcc (GCC) 16.1.0")
genconfig| C linker for the host machine: x86_64-w64-mingw32.static-gcc -m64 ld.bfd 2.46.0.20260210
genconfig| C compiler for the build machine: cc (gcc 13.3.0 "cc (Ubuntu 13.3.0-6ubuntu2~24.04.1) 13.3.0")
genconfig| C linker for the build machine: cc ld.bfd 2.42
genconfig| Build targets in project: 18
genconfig| Subproject genconfig finished.

Compiler for C++ supports arguments -Wno-unused-variable: YES 

Executing subproject VulkanMemoryAllocator method cmake 


| Configuring the build directory with CMake version 3.31.12
| Running CMake with: -G Ninja -DCMAKE_INSTALL_PREFIX=/qemu -DCMAKE_BUILD_TYPE=Debug
| - build directory:          /xemu/build/subprojects/VulkanMemoryAllocator/__CMake_build
| - source directory:         /xemu/subprojects/VulkanMemoryAllocator
| - toolchain file:           /xemu/build/subprojects/VulkanMemoryAllocator/__CMake_build/CMakeMesonToolchainFile.cmake
| - preload file:             /xemu/build/pyvenv/lib/python3.12/site-packages/mesonbuild/cmake/data/preload.cmake
| - trace args:               --trace-expand --trace-format=json-v1 --no-warn-unused-cli --trace-redirect=cmake_trace.txt
| - disabled policy warnings: [CMP0025, CMP0047, CMP0056, CMP0060, CMP0065, CMP0066, CMP0067, CMP0082, CMP0089, CMP0102]

| Put cmake in trace mode, but with variables expanded.
| Put cmake in trace mode and sets the trace output format.
| Not searching for unused variables given on the command line.
| Put cmake in trace mode and redirect trace output to a file instead of stderr.
| Trace will be written to cmake_trace.txt
| -- The CXX compiler identification is GNU 16.1.0
| -- Detecting CXX compiler ABI info
| -- Detecting CXX compiler ABI info - done
| -- Check for working CXX compiler: /usr/local/mxe/usr/x86_64-pc-linux-gnu/bin/x86_64-w64-mingw32.static-g++ - skipped
| -- Detecting CXX compile features
| -- Detecting CXX compile features - done
| -- Configuring done (0.1s)
| -- Generating done (0.0s)
| -- Build files have been written to: /xemu/build/subprojects/VulkanMemoryAllocator/__CMake_build

VulkanMemoryAllocator| CMake configuration: SUCCEEDED
VulkanMemoryAllocator| CMake project VMA 3.4.0 has 1 build targets.
VulkanMemoryAllocator| Generated Meson AST: /xemu/build/subprojects/VulkanMemoryAllocator/meson.build
VulkanMemoryAllocator| Project name: VMA
VulkanMemoryAllocator| Project version: 3.4.0
VulkanMemoryAllocator| Build targets in project: 18
VulkanMemoryAllocator| Subproject VulkanMemoryAllocator finished.

Has header "sys/epoll.h" : NO 
Has header "linux/magic.h" : NO 
Has header "linux/btrfs.h" : NO 
Has header "libdrm/drm.h" : NO 
Has header "linux/openat2.h" : NO 
Has header "pty.h" : NO 
Has header "sys/disk.h" : NO 
Has header "sys/ioccom.h" : NO 
Has header "sys/kcov.h" : NO 
Has header "afunix.h" : YES 
Checking for function "close_range" : NO 
Checking for function "accept4" : NO 
Checking for function "clock_adjtime" : NO 
Checking for function "dup3" : NO 
Checking for function "fallocate" : NO 
Checking for function "posix_fallocate" : NO 
Checking for function "sched_getcpu" : NO 
Checking for function "posix_memalign" : NO 
Checking for function "_aligned_malloc" : YES 
Checking for function "valloc" : NO 
Checking for function "memalign" : NO 
Checking for function "ppoll" : NO 
Checking for function "preadv" : NO 
Checking for function "pthread_fchdir_np" : NO 
Checking for function "sendfile" : NO 
Checking for function "setns" : NO 
Checking for function "syncfs" : NO 
Checking for function "sync_file_range" : NO 
Checking for function "timerfd_create" : NO 
Checking for function "getloadavg" : NO 
Checking for function "htonll" : NO 
Checking for function "copy_file_range" : NO 
Checking for function "getifaddrs" : NO 
Checking for function "openpty" with dependency -lutil: NO 
Checking for function "strchrnul" : NO 
Checking for function "system" : YES 
Header "sys/inotify.h" has symbol "inotify_init" : NO 
Header "sys/inotify.h" has symbol "inotify_init1" : NO 
Header "linux/blkzoned.h" has symbol "BLKOPENZONE" : NO 
Header "sys/epoll.h" has symbol "epoll_create1" : NO 
Header "linux/falloc.h" has symbol "FALLOC_FL_PUNCH_HOLE" : NO 
Header "linux/falloc.h" has symbol "FALLOC_FL_ZERO_RANGE" : NO 
Has header "linux/fiemap.h" : NO 
Header "sched.h" has symbol "getcpu" : NO 
Checking for function "getrandom" : NO 
Header "sys/prctl.h" has symbol "PR_SET_TIMERSLACK" : NO 
Header "linux/rtnetlink.h" has symbol "IFLA_PROTO_DOWN" : NO 
Header "sys/sysmacros.h" has symbol "makedev" : NO 
Header "getopt.h" has symbol "optreset" : NO 
Header "netinet/in.h" has symbol "IPPROTO_MPTCP" : NO 
Header "netinet/tcp.h" has symbol "TCP_KEEPCNT" : NO 
Checking if "Win32 TCP_KEEPCNT" compiles: YES 
Header "netinet/tcp.h" has symbol "TCP_KEEPIDLE" : NO 
Header "netinet/tcp.h" has symbol "TCP_KEEPALIVE" : NO 
Checking if "Win32 TCP_KEEPIDLE" compiles: YES 
Header "netinet/tcp.h" has symbol "TCP_KEEPINTVL" : NO 
Checking if "Win32 TCP_KEEPINTVL" compiles: YES 
Checking whether type "struct sigevent" has member "sigev_notify_thread_id" : NO 
Checking whether type "struct stat" has member "st_atim" : NO 
Checking whether type "struct blk_zone" has member "capacity" : NO 
Checking for type "struct iovec" : NO 
Checking for type "struct utmpx" : NO 
Header "asm/hwprobe.h" has symbol "RISCV_HWPROBE_EXT_ZBA" : NO 
Header "linux/vm_sockets.h" has symbol "AF_VSOCK" : NO 
Has header "vscoordint.h" : NO 
Checking if "_lock_file and _unlock_file" links: YES 
Checking if "mingw setjmp and longjmp" links: NO 
Checking for size of "void *" : 8 
Program scripts/minikconf.py found: YES (/xemu/build/pyvenv/bin/python3 /xemu/scripts/minikconf.py)
Configuring i386-softmmu-config-target.h using configuration
Configuring i386-softmmu-config-devices.mak with command
Reading depfile: /xemu/build/meson-private/i386-softmmu-config-devices.mak.d
Configuring i386-softmmu-config-devices.h using configuration
Program scripts/make-config-poison.sh found: YES (/xemu/scripts/make-config-poison.sh)
Run-time dependency tomlplusplus found: NO (tried pkgconfig and cmake)
Looking for a fallback subproject for the dependency tomlplusplus

Executing subproject tomlplusplus 

tomlplusplus| Project name: tomlplusplus
tomlplusplus| Project version: 3.4.0
tomlplusplus| C++ compiler for the host machine: x86_64-w64-mingw32.static-g++ -m64 (gcc 16.1.0 "x86_64-w64-mingw32.static-g++ (GCC) 16.1.0")
tomlplusplus| C++ linker for the host machine: x86_64-w64-mingw32.static-g++ -m64 ld.bfd 2.46.0.20260210
tomlplusplus| C++ compiler for the build machine: ccache c++ (gcc 13.3.0 "c++ (Ubuntu 13.3.0-6ubuntu2~24.04.1) 13.3.0")
tomlplusplus| C++ linker for the build machine: c++ ld.bfd 2.42
tomlplusplus| Message: target cpu_family: x86_64
tomlplusplus| Message: target cpu: x86_64
tomlplusplus| Message: target system: windows
tomlplusplus| Message: target endian: little
tomlplusplus| Compiler for C++ supports arguments -ferror-limit=5: NO
tomlplusplus| Compiler for C++ supports arguments -fmax-errors=5: YES
tomlplusplus| Compiler for C++ supports arguments -Wno-unused-command-line-argument: NO
tomlplusplus| Compiler for C++ supports arguments -Wno-reserved-macro-identifier: NO
tomlplusplus| Compiler for C++ supports arguments -Wno-init-list-lifetime: YES
tomlplusplus| Compiler for C++ supports arguments -fchar8_t: YES
tomlplusplus| Compiler for C++ supports arguments /bigobj: NO
tomlplusplus| Compiler for C++ supports arguments /Gy: NO
tomlplusplus| Compiler for C++ supports arguments /GF: NO
tomlplusplus| Compiler for C++ supports arguments /openmp-: NO
tomlplusplus| Compiler for C++ supports arguments /permissive-: NO
tomlplusplus| Compiler for C++ supports arguments /utf-8: NO
tomlplusplus| Compiler for C++ supports arguments /volatile:iso: NO
tomlplusplus| Compiler for C++ supports arguments /Zc:__cplusplus: NO
tomlplusplus| Compiler for C++ supports arguments /Zc:inline: NO
tomlplusplus| Compiler for C++ supports arguments /Zc:externConstexpr: NO
tomlplusplus| Compiler for C++ supports arguments /Zc:preprocessor: NO
tomlplusplus| Compiler for C++ supports arguments /Zc:throwingNew: NO
tomlplusplus| Compiler for C++ supports arguments -D_HAS_EXCEPTIONS=1: YES
tomlplusplus| Compiler for C++ supports arguments -Wno-c++98-compat: NO
tomlplusplus| Compiler for C++ supports arguments -Wno-c++98-compat-pedantic: NO
tomlplusplus| Compiler for C++ supports arguments -Wno-documentation: NO
tomlplusplus| Compiler for C++ supports arguments -Wno-documentation-unknown-command: NO
tomlplusplus| Compiler for C++ supports arguments -Wno-switch-enum: YES
tomlplusplus| Compiler for C++ supports arguments -Wno-covered-switch-default: NO
tomlplusplus| Compiler for C++ supports arguments -Wno-padded: YES
tomlplusplus| Compiler for C++ supports arguments -Wno-float-equal: YES
tomlplusplus| Compiler for C++ supports link arguments /OPT:REF,ICF=3: NO
tomlplusplus| Compiler for C++ supports link arguments /INCREMENTAL:NO: NO
tomlplusplus| Compiler for C++ supports arguments -DTOML_HEADER_ONLY=0: YES
tomlplusplus| Build targets in project: 22
tomlplusplus| Subproject tomlplusplus finished.

Dependency tomlplusplus found: YES 3.4.0 (overridden)
Run-time dependency libxxhash found: NO (tried pkgconfig and cmake)
Looking for a fallback subproject for the dependency libxxhash

Executing subproject xxhash 

xxhash| Project name: xxHash
xxhash| Project version: 0.8.3
xxhash| C compiler for the host machine: x86_64-w64-mingw32.static-gcc -m64 (gcc 16.1.0 "x86_64-w64-mingw32.static-gcc (GCC) 16.1.0")
xxhash| C linker for the host machine: x86_64-w64-mingw32.static-gcc -m64 ld.bfd 2.46.0.20260210
xxhash| C compiler for the build machine: cc (gcc 13.3.0 "cc (Ubuntu 13.3.0-6ubuntu2~24.04.1) 13.3.0")
xxhash| C linker for the build machine: cc ld.bfd 2.42
xxhash| Build targets in project: 24
xxhash| Subproject xxhash finished.

Dependency libxxhash found: YES 0.8.3 (overridden)
Configuring config-host.h using configuration
Program scripts/hxtool found: YES (/xemu/scripts/hxtool)
Program scripts/shaderinclude.py found: YES (/xemu/build/pyvenv/bin/python3 /xemu/scripts/shaderinclude.py)
Program scripts/qapi-gen.py found: YES (/xemu/build/pyvenv/bin/python3 /xemu/scripts/qapi-gen.py)
Program scripts/pack-file.py found: YES (/xemu/scripts/pack-file.py)
Program scripts/qemu-version.sh found: YES (/xemu/scripts/qemu-version.sh)
Run-time dependency nlohmann_json found: NO (tried pkgconfig and cmake)
Looking for a fallback subproject for the dependency nlohmann_json

Executing subproject json 

json| Project name: nlohmann_json
json| Project version: undefined
json| C++ compiler for the host machine: x86_64-w64-mingw32.static-g++ -m64 (gcc 16.1.0 "x86_64-w64-mingw32.static-g++ (GCC) 16.1.0")
json| C++ linker for the host machine: x86_64-w64-mingw32.static-g++ -m64 ld.bfd 2.46.0.20260210
json| C++ compiler for the build machine: ccache c++ (gcc 13.3.0 "c++ (Ubuntu 13.3.0-6ubuntu2~24.04.1) 13.3.0")
json| C++ linker for the build machine: c++ ld.bfd 2.42
json| Build targets in project: 463
json| Subproject json finished.

Dependency nlohmann_json from subproject subprojects/json-3.2.0 found: YES undefined

Executing subproject keycodemapdb 

keycodemapdb| Project name: keycodemapdb
keycodemapdb| Project version: undefined
keycodemapdb| Program tools/keymap-gen found: YES (/xemu/subprojects/keycodemapdb/tools/keymap-gen)
keycodemapdb| Build targets in project: 464
keycodemapdb| Subproject keycodemapdb finished.


Executing subproject nv2a_vsh_cpu method cmake 


| Configuring the build directory with CMake version 3.31.12
| Running CMake with: -G Ninja -DCMAKE_INSTALL_PREFIX=/qemu -DCMAKE_POSITION_INDEPENDENT_CODE=True -DCMAKE_OSX_ARCHITECTURES=x86_64 -Dnv2a_vsh_cpu_UNIT_TEST=OFF -DCMAKE_BUILD_TYPE=Debug
| - build directory:          /xemu/build/subprojects/nv2a_vsh_cpu/__CMake_build
| - source directory:         /xemu/subprojects/nv2a_vsh_cpu
| - toolchain file:           /xemu/build/subprojects/nv2a_vsh_cpu/__CMake_build/CMakeMesonToolchainFile.cmake
| - preload file:             /xemu/build/pyvenv/lib/python3.12/site-packages/mesonbuild/cmake/data/preload.cmake
| - trace args:               --trace-expand --trace-format=json-v1 --no-warn-unused-cli --trace-redirect=cmake_trace.txt
| - disabled policy warnings: [CMP0025, CMP0047, CMP0056, CMP0060, CMP0065, CMP0066, CMP0067, CMP0082, CMP0089, CMP0102]

| Put cmake in trace mode, but with variables expanded.
| Put cmake in trace mode and sets the trace output format.
| Not searching for unused variables given on the command line.
| Put cmake in trace mode and redirect trace output to a file instead of stderr.
| Trace will be written to cmake_trace.txt
| -- The C compiler identification is GNU 16.1.0
| -- The CXX compiler identification is GNU 16.1.0
| CMake Warning (dev) at /usr/local/mxe/usr/x86_64-pc-linux-gnu/share/cmake-3.31/Modules/CMakeFindBinUtils.cmake:225 (find_program):
| Policy CMP0126 is not set: set(CACHE) does not remove a normal variable of
| the same name.  Run "cmake --help-policy CMP0126" for policy details.  Use
| the cmake_policy command to set the policy and suppress this warning.

| For compatibility with older versions of CMake, normal variable
| "CMAKE_TAPI" will be removed from the current scope.
| Call Stack (most recent call first):
| /usr/local/mxe/usr/x86_64-pc-linux-gnu/share/cmake-3.31/Modules/CMakeDetermineCXXCompiler.cmake:207 (include)
| CMakeLists.txt:3 (project)
| This warning is for project developers.  Use -Wno-dev to suppress it.

| -- Detecting C compiler ABI info
| -- Detecting C compiler ABI info - done
| -- Check for working C compiler: /usr/local/mxe/usr/x86_64-pc-linux-gnu/bin/x86_64-w64-mingw32.static-gcc - skipped
| -- Detecting C compile features
| -- Detecting C compile features - done
| -- Detecting CXX compiler ABI info
| -- Detecting CXX compiler ABI info - done
| -- Check for working CXX compiler: /usr/local/mxe/usr/x86_64-pc-linux-gnu/bin/x86_64-w64-mingw32.static-g++ - skipped
| -- Detecting CXX compile features
| -- Detecting CXX compile features - done
| -- Configuring done (0.2s)
| CMake Warning (dev) at CMakeLists.txt:32 (add_library):
| Policy CMP0156 is not set: De-duplicate libraries on link lines based on
| linker capabilities.  Run "cmake --help-policy CMP0156" for policy details.
| Use the cmake_policy command to set the policy and suppress this warning.

| Since the policy is not set, legacy libraries de-duplication strategy will
| be applied.
| This warning is for project developers.  Use -Wno-dev to suppress it.

| CMake Warning (dev) at CMakeLists.txt:44 (add_library):
| Policy CMP0156 is not set: De-duplicate libraries on link lines based on
| linker capabilities.  Run "cmake --help-policy CMP0156" for policy details.
| Use the cmake_policy command to set the policy and suppress this warning.

| Since the policy is not set, legacy libraries de-duplication strategy will
| be applied.
| This warning is for project developers.  Use -Wno-dev to suppress it.

| CMake Warning (dev) at CMakeLists.txt:56 (add_library):
| Policy CMP0156 is not set: De-duplicate libraries on link lines based on
| linker capabilities.  Run "cmake --help-policy CMP0156" for policy details.
| Use the cmake_policy command to set the policy and suppress this warning.

| Since the policy is not set, legacy libraries de-duplication strategy will
| be applied.
| This warning is for project developers.  Use -Wno-dev to suppress it.

| -- Generating done (0.0s)
| -- Build files have been written to: /xemu/build/subprojects/nv2a_vsh_cpu/__CMake_build

nv2a_vsh_cpu| CMake configuration: SUCCEEDED
nv2a_vsh_cpu| CMake project nv2a_vsh_cpu  has 3 build targets.
nv2a_vsh_cpu| Generated Meson AST: /xemu/build/subprojects/nv2a_vsh_cpu/meson.build
nv2a_vsh_cpu| Project name: nv2a_vsh_cpu
nv2a_vsh_cpu| Project version: undefined
nv2a_vsh_cpu| C compiler for the host machine: x86_64-w64-mingw32.static-gcc -m64 (gcc 16.1.0 "x86_64-w64-mingw32.static-gcc (GCC) 16.1.0")
nv2a_vsh_cpu| C linker for the host machine: x86_64-w64-mingw32.static-gcc -m64 ld.bfd 2.46.0.20260210
nv2a_vsh_cpu| C compiler for the build machine: cc (gcc 13.3.0 "cc (Ubuntu 13.3.0-6ubuntu2~24.04.1) 13.3.0")
nv2a_vsh_cpu| C linker for the build machine: cc ld.bfd 2.42
nv2a_vsh_cpu| Build targets in project: 498
nv2a_vsh_cpu| Subproject nv2a_vsh_cpu finished.

Run-time dependency dsp56300-emu-ffi found: NO (tried pkgconfig and cmake)
Looking for a fallback subproject for the dependency dsp56300-emu-ffi

Executing subproject dsp56300 

dsp56300| Project name: dsp56300
dsp56300| Project version: 0.1.3
dsp56300| Build targets in project: 499
dsp56300| Subproject dsp56300 finished.

Dependency dsp56300-emu-ffi found: YES 0.1.3 (overridden)
Program scripts/decodetree.py found: YES (/xemu/build/pyvenv/bin/python3 /xemu/scripts/decodetree.py)
Program ../scripts/modules/module_block.py found: YES (/xemu/build/pyvenv/bin/python3 /xemu/block/../scripts/modules/module_block.py)
Program ../scripts/block-coroutine-wrapper.py found: YES (/xemu/build/pyvenv/bin/python3 /xemu/block/../scripts/block-coroutine-wrapper.py)
Program scripts/modinfo-collect.py found: YES (/xemu/build/pyvenv/bin/python3 /xemu/scripts/modinfo-collect.py)
Program scripts/modinfo-generate.py found: YES (/xemu/build/pyvenv/bin/python3 /xemu/scripts/modinfo-generate.py)
Program x86_64-w64-mingw32.static-nm found: YES
Program scripts/undefsym.py found: YES (/xemu/build/pyvenv/bin/python3 /xemu/scripts/undefsym.py)
Program scripts/feature_to_c.py found: YES (/xemu/build/pyvenv/bin/python3 /xemu/scripts/feature_to_c.py)
Program scripts/rust/rust_root_crate.sh found: YES (/xemu/scripts/rust/rust_root_crate.sh)
Configuring 50-edk2-i386-secure.json using configuration
Configuring 50-edk2-x86_64-secure.json using configuration
Configuring 60-edk2-aarch64.json using configuration
Configuring 60-edk2-arm.json using configuration
Configuring 60-edk2-i386.json using configuration
Configuring 60-edk2-x86_64.json using configuration
Configuring 60-edk2-loongarch64.json using configuration
Configuring 60-edk2-riscv64.json using configuration
Program dtc found: NO
Program qemu-keymap found: NO
Program /xemu/build/pyvenv/bin/sphinx-build skipped: feature docs disabled
Program /xemu/scripts/decodetree.py found: YES (/xemu/build/pyvenv/bin/python3 /xemu/scripts/decodetree.py)
Program diff found: YES (/usr/bin/diff)
Program dbus-daemon found: YES (/usr/bin/dbus-daemon)
Run-time dependency sysprof-capture-4 found: NO (tried pkgconfig)
Run-time dependency glib-2.0 found: YES 2.83.2
Program initrd-stress.sh found: YES (/xemu/tests/migration-stress/initrd-stress.sh)
Program scripts/nsis.py found: YES (/xemu/build/pyvenv/bin/python3 /xemu/scripts/nsis.py)
Build targets in project: 678

qemu 10.2.0

  Build environment
    Build directory                 : /xemu/build
    Source path                     : /xemu
    Download dependencies           : YES

  Directories
    Build directory                 : /xemu/build
    Source path                     : /xemu
    Download dependencies           : YES
    Install prefix                  : /qemu
    BIOS directory                  : share/
    firmware path                   : share/qemu-firmware
    binary directory                : /qemu/.
    library directory               : /qemu/lib
    module directory                : lib/
    libexec directory               : /qemu/libexec
    include directory               : /qemu/include
    config directory                : /qemu/etc
    local state directory           : queried at runtime
    Doc directory                   : /qemu/share/doc

  Host binaries
    python                          : /xemu/build/pyvenv/bin/python3 (version: 3.12)
    sphinx-build                    : NO
    gdb                             : 
    iasl                            : NO
    genisoimage                     : 
    smbd                            : NO

  Configurable features
    Documentation                   : NO
    system-mode emulation           : YES
    user-mode emulation             : NO
    block layer                     : YES
    Install blobs                   : YES
    module support                  : NO
    fuzzing support                 : NO
    Audio drivers                   : dsound sdl
    Trace backends                  : log
    QOM debugging                   : YES
    Relocatable install             : YES
    vhost-kernel support            : NO
    vhost-net support               : NO
    vhost-user support              : NO
    vhost-user-crypto support       : NO
    vhost-user-blk server support   : NO
    vhost-vdpa support              : NO
    build guest agent               : NO

  Compilation
    host CPU                        : x86_64
    host endianness                 : little
    C compiler                      : x86_64-w64-mingw32.static-gcc -m64
    Host C compiler                 : cc
    C++ compiler                    : x86_64-w64-mingw32.static-g++ -m64
    Objective-C compiler            : NO
    Rust support                    : NO
    CFLAGS                          : -DXBOX=1 -Wno-error -g -O2
    CXXFLAGS                        : -DXBOX=1 -Wno-error -g -O2
    LDFLAGS                         : -DXBOX=1 -Wno-error
    QEMU_CFLAGS                     : -mcx16 -msse2 -D_GNU_SOURCE -D_FILE_OFFSET_BITS=64 -D_LARGEFILE_SOURCE -fno-strict-aliasing -fno-common -fwrapv -fno-pie -no-pie -ftrivial-auto-var-init=zero -fzero-call-used-regs=used-gpr -DLIBRETRO=1 -DCURL_STATICLIB -DLIBSLIRP_STATIC -DEPOXY_PUBLIC=extern -DGLIB_STATIC_COMPILATION -DGIO_STATIC_COMPILATION -DGMODULE_STATIC_COMPILATION -DGOBJECT_STATIC_COMPILATION
    QEMU_CXXFLAGS                   : -mcx16 -msse2 -D_GNU_SOURCE -D_FILE_OFFSET_BITS=64 -D_LARGEFILE_SOURCE -fno-strict-aliasing -fno-common -fwrapv -fno-pie -no-pie -ftrivial-auto-var-init=zero -fzero-call-used-regs=used-gpr -D__STDC_LIMIT_MACROS -D__STDC_CONSTANT_MACROS -D__STDC_FORMAT_MACROS -DLIBRETRO=1 -DCURL_STATICLIB -DLIBSLIRP_STATIC -DEPOXY_PUBLIC=extern -DGLIB_STATIC_COMPILATION -DGIO_STATIC_COMPILATION -DGMODULE_STATIC_COMPILATION -DGOBJECT_STATIC_COMPILATION
    QEMU_LDFLAGS                    : -static -Wl,--no-seh -Wl,--nxcompat -Wl,--dynamicbase -Wl,--high-entropy-va
    link-time optimization (LTO)    : NO
    PIE                             : NO
    static build                    : YES
    malloc trim support             : NO
    membarrier                      : NO
    debug graph lock                : NO
    debug stack usage               : NO
    mutex debugging                 : NO
    memory allocator                : system
    avx2 optimization               : YES
    avx512bw optimization           : YES
    gcov                            : NO
    thread sanitizer                : NO
    CFI support                     : NO
    strip binaries                  : NO
    sparse                          : NO
    mingw32 support                 : YES

  Targets and accelerators
    KVM support                     : NO
    HVF support                     : NO
    WHPX support                    : NO
    NVMM support                    : NO
    MSHV support                    : NO
    Xen support                     : NO
    Xen emulation                   : NO
    TCG support                     : YES
    TCG backend                     : native (x86_64)
    TCG plugins                     : NO
    TCG debug enabled               : NO
    target list                     : i386-softmmu
    default devices                 : YES
    out of process emulation        : NO
    vfio-user server                : NO

  Block layer support
    coroutine backend               : windows
    coroutine pool                  : YES
    Block whitelist (rw)            : 
    Block whitelist (ro)            : 
    Use block whitelist in tools    : NO
    VirtFS (9P) support             : NO
    replication support             : NO
    bochs support                   : NO
    cloop support                   : NO
    dmg support                     : NO
    qcow v1 support                 : NO
    vdi support                     : NO
    vhdx support                    : NO
    vmdk support                    : NO
    vpc support                     : NO
    vvfat support                   : NO
    qed support                     : NO
    parallels support               : NO
    FUSE exports                    : NO
    VDUSE block exports             : NO

  Crypto
    TLS priority                    : NORMAL
    GNUTLS support                  : NO
    libgcrypt                       : NO
    nettle                          : NO
    SM4 ALG support                 : NO
    SM3 ALG support                 : NO
    AF_ALG support                  : NO
    rng-none                        : NO
    Linux keyring                   : NO
    Linux keyutils                  : NO

  User interface
    D-Bus display                   : NO
    SDL support                     : YES
    SDL image support               : NO
    GTK support                     : NO
    pixman                          : NO
    VTE support                     : NO
    PNG support                     : NO
    VNC support                     : NO
    spice protocol support          : NO
    curses support                  : NO
    brlapi support                  : NO

  Graphics backends
    VirGL support                   : NO
    Rutabaga support                : NO

  Audio backends
    DirectSound support             : YES
    PipeWire support                : NO
    JACK support                    : NO

  Network backends
    AF_XDP support                  : NO
    passt support                   : NO
    slirp support                   : YES 4.7.0
    vde support                     : NO
    netmap support                  : NO
    l2tpv3 support                  : NO

  Dependencies
    libtasn1                        : NO
    PAM                             : NO
    iconv support                   : NO
    blkio support                   : NO
    curl support                    : YES 8.18.0
    Multipath support               : NO
    Linux AIO support               : NO
    Linux io_uring support          : NO
    ATTR/XATTR support              : NO
    RDMA support                    : NO
    fdt support                     : NO
    libcap-ng support               : NO
    bpf support                     : NO
    rbd support                     : NO
    smartcard support               : NO
    U2F support                     : NO
    libusb                          : YES 1.0.27
    usb net redir                   : NO
    OpenGL support (epoxy)          : YES
    Vulkan support                  : YES
    GBM                             : NO
    libiscsi support                : NO
    libnfs support                  : NO
    seccomp support                 : NO
    GlusterFS support               : NO
    hv-balloon support              : NO
    TPM support                     : NO
    IGVM support                    : NO
    libssh support                  : NO
    lzo support                     : NO
    snappy support                  : NO
    bzip2 support                   : NO
    lzfse support                   : NO
    zstd support                    : NO
    Query Processing Library support: NO
    UADK Library support            : NO
    qatzip support                  : NO
    NUMA host support               : NO
    capstone                        : NO
    libpmem support                 : NO
    libdaxctl support               : NO
    libcbor support                 : NO
    libudev                         : NO
    FUSE lseek                      : NO
    selinux                         : NO
    vtune                           : NO
    libdw                           : NO
    valgrind                        : NO

  Subprojects
    SPIRV-Reflect                   : YES
    VulkanMemoryAllocator           : YES
    dsp56300                        : YES
    genconfig                       : YES
    glslang                         : YES
    imgui                           : YES
    implot                          : YES
    json                            : YES
    keycodemapdb                    : YES
    nv2a_vsh_cpu                    : YES
    sdl3                            : YES
    tomlplusplus                    : YES
    volk                            : YES
    xxhash                          : YES

  User defined options
    Cross files                     : config-meson.cross
                                      /xemu/configs/meson/windows.txt
    Native files                    : config-meson.native
    auto_features                   : disabled
    b_pie                           : false
    docs                            : disabled
    libretro                        : true
    prefer_static                   : true

Found ninja-1.13.2 at /usr/local/mxe/usr/x86_64-pc-linux-gnu/bin/ninja
Running postconf script '/xemu/build/pyvenv/bin/python3 /xemu/scripts/symlink-install-tree.py'
+ make -j24 qemu-system-i386w.exe
+ tee build.log
changing dir to build for make "qemu-system-i386w.exe"...
make[1]: Entering directory '/xemu/build'
ninja: warning: Ignoring jobserver: Pipe-based protocol is not supported! [rRw -j24 --jobserver-auth=4,5]
ninja: no work to do.
/xemu/build/pyvenv/bin/meson introspect --targets --tests --benchmarks | /xemu/build/pyvenv/bin/python3 -B scripts/mtest2make.py > Makefile.mtest
make[1]: *** No rule to make target 'qemu-system-i386w.exe'.  Stop.
make[1]: Leaving directory '/xemu/build'
make: *** [GNUmakefile:6: build] Error 2

real	0m0.853s
user	0m0.918s
sys	0m0.096s
ninja: Entering directory `build'
[1/1823] Generating trace/trace-authz.c with a custom command
[2/1823] Generating trace/trace-root.c with a custom command
[3/1823] Generating trace/trace-qom.c with a custom command
[4/1823] Generating trace/trace-qom.h with a custom command
[5/1823] Generating trace/trace-crypto.h with a custom command
[6/1823] Generating trace/trace-root.h with a custom command
[7/1823] Generating trace/trace-crypto.c with a custom command
[8/1823] Generating trace/trace-qapi.c with a custom command
[9/1823] Generating trace/trace-monitor.h with a custom command
[10/1823] Generating trace/trace-gdbstub.c with a custom command
[11/1823] Generating trace/trace-qapi.h with a custom command
[12/1823] Generating trace/trace-util.c with a custom command
[13/1823] Generating trace/trace-gdbstub.h with a custom command
[14/1823] Generating trace/trace-util.h with a custom command
[15/1823] Generating trace/trace-block.h with a custom command
[16/1823] Generating trace/trace-monitor.c with a custom command
[17/1823] Generating trace/trace-authz.h with a custom command
[18/1823] Generating qemu-img-cmds.h with a custom command (wrapped by meson to capture output)
[19/1823] Generating config-poison.h with a custom command (wrapped by meson to capture output)
[20/1823] Generating hmp-commands-info.h with a custom command (wrapped by meson to capture output)
[21/1823] Generating trace/trace-chardev.h with a custom command
[22/1823] Generating trace/trace-chardev.c with a custom command
[23/1823] Generating trace/trace-io.c with a custom command
[24/1823] Generating trace/trace-scsi.c with a custom command
[25/1823] Generating trace/trace-block.c with a custom command
[26/1823] Generating trace/trace-scsi.h with a custom command
[27/1823] Generating trace/trace-io.h with a custom command
[28/1823] Generating trace/trace-accel_hvf.h with a custom command
[29/1823] Generating trace/trace-accel_hvf.c with a custom command
[30/1823] Generating trace/trace-accel_kvm.h with a custom command
[31/1823] Generating trace/trace-nbd.h with a custom command
[32/1823] Generating trace/trace-nbd.c with a custom command
[33/1823] Generating trace/trace-accel_mshv.c with a custom command
[34/1823] Generating trace/trace-audio.h with a custom command
[35/1823] Generating xemu-config.h with a custom command
[36/1823] Generating hmp-commands.h with a custom command (wrapped by meson to capture output)
[37/1823] Generating trace/trace-accel_mshv.h with a custom command
[38/1823] Generating trace/trace-backends.h with a custom command
[39/1823] Generating trace/trace-accel_kvm.c with a custom command
[40/1823] Generating xemu-version-macro.h with a custom command (wrapped by meson to capture output)
[41/1823] Generating trace/trace-audio.c with a custom command
[42/1823] Generating trace/trace-ebpf.c with a custom command
[43/1823] Generating trace/trace-backends_tpm.c with a custom command
[44/1823] Generating trace/trace-ebpf.h with a custom command
[45/1823] Generating trace/trace-backends_tpm.h with a custom command
[46/1823] Generating trace/trace-backends.c with a custom command
[47/1823] Generating trace/trace-hw_9pfs.c with a custom command
[48/1823] Generating trace/trace-hw_acpi.c with a custom command
[49/1823] Generating trace/trace-hw_alpha.c with a custom command
[50/1823] Generating trace/trace-hw_9pfs.h with a custom command
[51/1823] Generating trace/trace-hw_adc.c with a custom command
[52/1823] Generating trace/trace-hw_adc.h with a custom command
[53/1823] Generating trace/trace-hw_arm.h with a custom command
[54/1823] Generating trace/trace-hw_alpha.h with a custom command
[55/1823] Generating trace/trace-hw_acpi.h with a custom command
[56/1823] Generating trace/trace-hw_block.h with a custom command
[57/1823] Generating trace/trace-hw_block.c with a custom command
[58/1823] Generating trace/trace-hw_arm.c with a custom command
[59/1823] Generating trace/trace-hw_char.c with a custom command
[60/1823] Generating trace/trace-hw_audio.h with a custom command
[61/1823] Generating trace/trace-hw_dma.h with a custom command
[62/1823] Generating trace/trace-hw_fsi.c with a custom command
[63/1823] Generating trace/trace-hw_char.h with a custom command
[64/1823] Generating trace/trace-hw_dma.c with a custom command
[65/1823] Generating trace/trace-hw_fsi.h with a custom command
[66/1823] Generating trace/trace-hw_hyperv.h with a custom command
[67/1823] Generating trace/trace-hw_hyperv.c with a custom command
[68/1823] Generating trace/trace-hw_audio.c with a custom command
[69/1823] Generating trace/trace-hw_display.c with a custom command
[70/1823] Generating trace/trace-hw_i2c.h with a custom command
[71/1823] Generating trace/trace-hw_i386_xen.h with a custom command
[72/1823] Generating trace/trace-hw_i386.c with a custom command
[73/1823] Generating trace/trace-hw_display.h with a custom command
[74/1823] Generating trace/trace-hw_i386_xen.c with a custom command
[75/1823] Generating trace/trace-hw_i2c.c with a custom command
[76/1823] Generating trace/trace-hw_i386.h with a custom command
[77/1823] Generating qemu-options.def with a custom command (wrapped by meson to capture output)
[78/1823] Generating trace/trace-hw_i386_kvm.h with a custom command
[79/1823] Generating trace/trace-hw_i386_kvm.c with a custom command
[80/1823] Generating trace/trace-hw_input.c with a custom command
[81/1823] Generating trace/trace-hw_isa.h with a custom command
[82/1823] Generating trace/trace-hw_mem.h with a custom command
[83/1823] Generating trace/trace-hw_input.h with a custom command
[84/1823] Generating trace/trace-hw_isa.c with a custom command
[85/1823] Generating trace/trace-hw_mips.h with a custom command
[86/1823] Generating trace/trace-hw_mips.c with a custom command
[87/1823] Generating trace/trace-hw_ide.c with a custom command
[88/1823] Generating trace/trace-hw_mem.c with a custom command
[89/1823] Generating trace/trace-hw_ide.h with a custom command
[90/1823] Generating trace/trace-hw_misc_macio.h with a custom command
[91/1823] Generating trace/trace-hw_misc_macio.c with a custom command
[92/1823] Generating trace/trace-hw_intc.h with a custom command
[93/1823] Generating trace/trace-hw_misc.c with a custom command
[94/1823] Generating trace/trace-hw_intc.c with a custom command
[95/1823] Generating trace/trace-hw_nubus.h with a custom command
[96/1823] Generating trace/trace-hw_nubus.c with a custom command
[97/1823] Generating trace/trace-hw_net_can.c with a custom command
[98/1823] Generating trace/trace-hw_net_can.h with a custom command
[99/1823] Generating trace/trace-hw_nvram.h with a custom command
[100/1823] Generating trace/trace-hw_misc.h with a custom command
[101/1823] Generating trace/trace-hw_nvram.c with a custom command
[102/1823] Generating trace/trace-hw_pci.c with a custom command
[103/1823] Generating trace/trace-hw_pci.h with a custom command
[104/1823] Generating trace/trace-hw_nvme.c with a custom command
[105/1823] Generating trace/trace-hw_pci_host.h with a custom command
[106/1823] Generating trace/trace-hw_rtc.h with a custom command
[107/1823] Generating trace/trace-hw_nvme.h with a custom command
[108/1823] Generating trace/trace-hw_riscv.h with a custom command
[109/1823] Generating trace/trace-hw_net.h with a custom command
[110/1823] Generating trace/trace-hw_net.c with a custom command
[111/1823] Generating trace/trace-hw_s390x.h with a custom command
[112/1823] Generating trace/trace-hw_s390x.c with a custom command
[113/1823] Generating trace/trace-hw_ppc.c with a custom command
[114/1823] Generating trace/trace-hw_riscv.c with a custom command
[115/1823] Generating trace/trace-hw_sd.h with a custom command
[116/1823] Generating trace/trace-hw_pci_host.c with a custom command
[117/1823] Generating trace/trace-hw_sensor.c with a custom command
[118/1823] Generating trace/trace-hw_sh4.c with a custom command
[119/1823] Generating trace/trace-hw_ppc.h with a custom command
[120/1823] Generating trace/trace-hw_sensor.h with a custom command
[121/1823] Generating trace/trace-hw_rtc.c with a custom command
[122/1823] Generating trace/trace-hw_sd.c with a custom command
[123/1823] Generating trace/trace-hw_sh4.h with a custom command
[124/1823] Generating trace/trace-hw_sparc.c with a custom command
[125/1823] Generating trace/trace-hw_sparc64.h with a custom command
[126/1823] Generating trace/trace-hw_sparc.h with a custom command
[127/1823] Generating trace/trace-hw_scsi.c with a custom command
[128/1823] Generating trace/trace-hw_sparc64.c with a custom command
[129/1823] Generating trace/trace-hw_ssi.c with a custom command
[130/1823] Generating trace/trace-hw_ssi.h with a custom command
[131/1823] Generating trace/trace-hw_tpm.h with a custom command
[132/1823] Generating trace/trace-hw_timer.c with a custom command
[133/1823] Generating trace/trace-hw_uefi.h with a custom command
[134/1823] Generating trace/trace-hw_timer.h with a custom command
[135/1823] Generating trace/trace-hw_tpm.c with a custom command
[136/1823] Generating trace/trace-hw_uefi.c with a custom command
[137/1823] Generating trace/trace-hw_ufs.h with a custom command
[138/1823] Generating trace/trace-hw_vfio_user.h with a custom command
[139/1823] Generating trace/trace-hw_vmapple.h with a custom command
[140/1823] Generating trace/trace-hw_vfio.c with a custom command
[141/1823] Generating trace/trace-hw_virtio.c with a custom command
[142/1823] Generating trace/trace-hw_scsi.h with a custom command
[143/1823] Generating trace/trace-hw_watchdog.h with a custom command
[144/1823] Generating trace/trace-hw_ufs.c with a custom command
[145/1823] Generating trace/trace-hw_vfio_user.c with a custom command
[146/1823] Generating trace/trace-hw_usb.c with a custom command
[147/1823] Generating trace/trace-hw_watchdog.c with a custom command
[148/1823] Generating trace/trace-hw_vfio.h with a custom command
[149/1823] Generating trace/trace-hw_usb.h with a custom command
[150/1823] Generating trace/trace-hw_vmapple.c with a custom command
[151/1823] Generating trace/trace-hw_xen.h with a custom command
[152/1823] Generating trace/trace-hw_gpio.c with a custom command
[153/1823] Generating trace/trace-hw_virtio.h with a custom command
[154/1823] Generating trace/trace-hw_gpio.h with a custom command
[155/1823] Generating trace/trace-net.h with a custom command
[156/1823] Generating trace/trace-net.c with a custom command
[157/1823] Generating trace/trace-replay.h with a custom command
[158/1823] Generating trace/trace-hw_xen.c with a custom command
[159/1823] Generating trace/trace-replay.c with a custom command
[160/1823] Generating trace/trace-system.c with a custom command
[161/1823] Generating trace/trace-migration.c with a custom command
[162/1823] Generating trace/trace-ui.c with a custom command
[163/1823] Generating trace/trace-system.h with a custom command
[164/1823] Generating trace/trace-hw_remote.h with a custom command
[165/1823] Generating trace/trace-ui.h with a custom command
[166/1823] Generating trace/trace-hw_remote.c with a custom command
[167/1823] Generating trace/trace-hw_xbox_nv2a.c with a custom command
[168/1823] Generating trace/trace-hw_xbox_mcpx_apu_dsp.h with a custom command
[169/1823] Generating trace/trace-hw_xbox_mcpx_apu.h with a custom command
[170/1823] Generating trace/trace-migration.h with a custom command
[171/1823] Generating trace/trace-hw_xbox_mcpx_apu_dsp.c with a custom command
[172/1823] Generating trace/trace-hw_xbox_mcpx_nvnet.h with a custom command
[173/1823] Generating trace/trace-hw_xbox_mcpx_nvnet.c with a custom command
[174/1823] Generating trace/trace-accel_tcg.c with a custom command
[175/1823] Generating trace/trace-hw_xbox_nv2a.h with a custom command
[176/1823] Generating trace/trace-hw_xbox_mcpx_apu.c with a custom command
[177/1823] Generating trace/trace-target_arm.h with a custom command
[178/1823] Generating trace/trace-hw_core.h with a custom command
[179/1823] Generating trace/trace-hw_core.c with a custom command
[180/1823] Generating trace/trace-target_arm_hvf.c with a custom command
[181/1823] Generating trace/trace-accel_tcg.h with a custom command
[182/1823] Generating trace/trace-target_arm.c with a custom command
[183/1823] Generating trace/trace-target_arm_hvf.h with a custom command
[184/1823] Generating trace/trace-target_hppa.c with a custom command
[185/1823] Generating trace/trace-target_i386.h with a custom command
[186/1823] Generating trace/trace-target_i386_kvm.c with a custom command
[187/1823] Generating trace/trace-target_hppa.h with a custom command
[188/1823] Generating trace/trace-target_i386_kvm.h with a custom command
[189/1823] Generating trace/trace-target_loongarch.c with a custom command
[190/1823] Generating trace/trace-target_loongarch.h with a custom command
[191/1823] Generating trace/trace-target_mips_tcg.c with a custom command
[192/1823] Generating trace/trace-target_mips_tcg.h with a custom command
[193/1823] Generating trace/trace-target_ppc.h with a custom command
[194/1823] Generating trace/trace-target_i386.c with a custom command
[195/1823] Generating trace/trace-target_ppc.c with a custom command
[196/1823] Generating trace/trace-target_riscv.h with a custom command
[197/1823] Generating trace/trace-target_riscv.c with a custom command
[198/1823] Generating trace/trace-target_s390x.h with a custom command
[199/1823] Generating trace/trace-target_s390x_kvm.c with a custom command
[200/1823] Generating trace/trace-target_s390x.c with a custom command
[201/1823] Generating trace/trace-target_sparc.h with a custom command
[202/1823] Generating trace/trace-target_sparc.c with a custom command
[203/1823] Generating trace/trace-target_s390x_kvm.h with a custom command
[204/1823] Generating data/controller_mask.png.[ch] with a custom command
[205/1823] Generating ui/shader/texture-blit-vert.h with a custom command (wrapped by meson to capture output)
[206/1823] Generating ui/shader/texture-blit-flip-vert.h with a custom command (wrapped by meson to capture output)
[207/1823] Generating data/xmu_mask.png.[ch] with a custom command
[208/1823] Generating ui/shader/texture-blit-frag.h with a custom command (wrapped by meson to capture output)
[209/1823] Generating ui/input-keymap-qcode-to-linux.c.inc with a custom command (wrapped by meson to capture output)
[210/1823] Generating ui/input-keymap-qcode-to-qnum.c.inc with a custom command (wrapped by meson to capture output)
[211/1823] Generating ui/input-keymap-qcode-to-sun.c.inc with a custom command (wrapped by meson to capture output)
[212/1823] Generating ui/input-keymap-qcode-to-atset3.c.inc with a custom command (wrapped by meson to capture output)
[213/1823] Generating data/controller_mask_s.png.[ch] with a custom command
[214/1823] Generating ui/input-keymap-linux-to-qcode.c.inc with a custom command (wrapped by meson to capture output)
[215/1823] Generating ui/input-keymap-qcode-to-atset1.c.inc with a custom command (wrapped by meson to capture output)
[216/1823] Generating data/logo_sdf.png.[ch] with a custom command
[217/1823] Generating ui/input-keymap-osx-to-qcode.c.inc with a custom command (wrapped by meson to capture output)
[218/1823] Generating ui/shader/xemu-logo-frag.h with a custom command (wrapped by meson to capture output)
[219/1823] Generating data/xemu_64x64.png.[ch] with a custom command
[220/1823] Generating data/abxy.ttf.[ch] with a custom command
[221/1823] Generating ui/input-keymap-qnum-to-qcode.c.inc with a custom command (wrapped by meson to capture output)
[222/1823] Generating ui/input-keymap-xorgevdev-to-qcode.c.inc with a custom command (wrapped by meson to capture output)
[223/1823] Generating ui/input-keymap-xorgkbd-to-qcode.c.inc with a custom command (wrapped by meson to capture output)
[224/1823] Generating ui/input-keymap-qcode-to-atset2.c.inc with a custom command (wrapped by meson to capture output)
[225/1823] Generating ui/input-keymap-xorgxquartz-to-qcode.c.inc with a custom command (wrapped by meson to capture output)
[226/1823] Generating ui/input-keymap-win32-to-qcode.c.inc with a custom command (wrapped by meson to capture output)
[227/1823] Generating data/font_awesome_6_1_1_solid.min.otf.[ch] with a custom command
[228/1823] Generating ui/input-keymap-usb-to-qcode.c.inc with a custom command (wrapped by meson to capture output)
[229/1823] Generating ui/input-keymap-xorgxwin-to-qcode.c.inc with a custom command (wrapped by meson to capture output)
[230/1823] Generating ui/input-keymap-atset1-to-qcode.c.inc with a custom command (wrapped by meson to capture output)
[231/1823] Generating data/RobotoCondensed-Regular.ttf.[ch] with a custom command
[232/1823] Generating data/Roboto-Medium.ttf.[ch] with a custom command
[233/1823] Generating ui/input-keymap-x11-to-qcode.c.inc with a custom command (wrapped by meson to capture output)
[234/1823] Generating qapi/shared QAPI source files with a custom command
[235/1823] Compiling C object subprojects/SDL3-3.4.10/libSDL3_static.a.p/src_SDL.c.obj
[236/1823] Compiling C object subprojects/SDL3-3.4.10/libSDL3_static.a.p/src_SDL_assert.c.obj
[237/1823] Compiling C object subprojects/SDL3-3.4.10/libSDL3_static.a.p/src_SDL_error.c.obj
[238/1823] Compiling C object subprojects/SDL3-3.4.10/libSDL3_static.a.p/src_SDL_guid.c.obj
[239/1823] Compiling C object subprojects/SDL3-3.4.10/libSDL3_static.a.p/src_SDL_hashtable.c.obj
[240/1823] Compiling C object subprojects/SDL3-3.4.10/libSDL3_static.a.p/src_SDL_hints.c.obj
[241/1823] Compiling C object subprojects/SDL3-3.4.10/libSDL3_static.a.p/src_SDL_list.c.obj
[242/1823] Compiling C object subprojects/SDL3-3.4.10/libSDL3_static.a.p/src_SDL_log.c.obj
[243/1823] Compiling C object subprojects/SDL3-3.4.10/libSDL3_static.a.p/src_SDL_properties.c.obj
[244/1823] Compiling C object subprojects/SDL3-3.4.10/libSDL3_static.a.p/src_SDL_utils.c.obj
[245/1823] Compiling C object subprojects/SDL3-3.4.10/libSDL3_static.a.p/src_atomic_SDL_atomic.c.obj
[246/1823] Compiling C object subprojects/SDL3-3.4.10/libSDL3_static.a.p/src_atomic_SDL_spinlock.c.obj
[247/1823] Compiling C object subprojects/SDL3-3.4.10/libSDL3_static.a.p/src_audio_SDL_audiodev.c.obj
[248/1823] Compiling C object subprojects/SDL3-3.4.10/libSDL3_static.a.p/src_audio_SDL_audioqueue.c.obj
[249/1823] Compiling C object subprojects/SDL3-3.4.10/libSDL3_static.a.p/src_audio_SDL_audioresample.c.obj
[250/1823] Compiling C object subprojects/SDL3-3.4.10/libSDL3_static.a.p/src_audio_SDL_audiotypecvt.c.obj
[251/1823] Compiling C object subprojects/SDL3-3.4.10/libSDL3_static.a.p/src_audio_SDL_mixer.c.obj
[252/1823] Compiling C object subprojects/SDL3-3.4.10/libSDL3_static.a.p/src_audio_SDL_wave.c.obj
[253/1823] Compiling C object subprojects/SDL3-3.4.10/libSDL3_static.a.p/src_core_SDL_core_unsupported.c.obj
[254/1823] Compiling C object subprojects/SDL3-3.4.10/libSDL3_static.a.p/src_cpuinfo_SDL_cpuinfo.c.obj
[255/1823] Generating trace/trace-qapi_commands_block_export_trace_events.h with a custom command
[256/1823] Generating trace/trace-qapi_commands_authz_trace_events.h with a custom command
[257/1823] Generating trace/trace-qapi_commands_authz_trace_events.c with a custom command
[258/1823] Generating trace/trace-qapi_commands_block_trace_events.c with a custom command
[259/1823] Generating trace/trace-qapi_commands_block_core_trace_events.c with a custom command
[260/1823] Generating trace/trace-qapi_commands_common_trace_events.c with a custom command
[261/1823] Generating trace/trace-qapi_commands_block_trace_events.h with a custom command
[262/1823] Generating trace/trace-qapi_commands_block_core_trace_events.h with a custom command
[263/1823] Generating trace/trace-qapi_commands_block_export_trace_events.c with a custom command
[264/1823] Generating trace/trace-qapi_commands_char_trace_events.h with a custom command
[265/1823] Generating trace/trace-qapi_commands_char_trace_events.c with a custom command
[266/1823] Generating trace/trace-qapi_commands_common_trace_events.h with a custom command
[267/1823] Generating trace/trace-qapi_commands_compat_trace_events.h with a custom command
[268/1823] Generating trace/trace-qapi_commands_compat_trace_events.c with a custom command
[269/1823] Generating trace/trace-qapi_commands_control_trace_events.h with a custom command
[270/1823] Generating trace/trace-qapi_commands_control_trace_events.c with a custom command
[271/1823] Generating trace/trace-qapi_commands_crypto_trace_events.h with a custom command
[272/1823] Generating trace/trace-qapi_commands_cxl_trace_events.h with a custom command
[273/1823] Generating trace/trace-qapi_commands_cxl_trace_events.c with a custom command
[274/1823] Generating trace/trace-qapi_commands_crypto_trace_events.c with a custom command
[275/1823] Generating trace/trace-qapi_commands_dump_trace_events.h with a custom command
[276/1823] Generating trace/trace-qapi_commands_dump_trace_events.c with a custom command
[277/1823] Generating trace/trace-qapi_commands_ebpf_trace_events.h with a custom command
[278/1823] Generating trace/trace-qapi_commands_ebpf_trace_events.c with a custom command
[279/1823] Generating trace/trace-qapi_commands_error_trace_events.h with a custom command
[280/1823] Generating trace/trace-qapi_commands_error_trace_events.c with a custom command
[281/1823] Generating trace/trace-qapi_commands_introspect_trace_events.h with a custom command
[282/1823] Generating trace/trace-qapi_commands_introspect_trace_events.c with a custom command
[283/1823] Generating trace/trace-qapi_commands_machine_common_trace_events.h with a custom command
[284/1823] Generating trace/trace-qapi_commands_job_trace_events.h with a custom command
[285/1823] Generating trace/trace-qapi_commands_job_trace_events.c with a custom command
[286/1823] Generating trace/trace-qapi_commands_machine_common_trace_events.c with a custom command
[287/1823] Generating trace/trace-qapi_commands_machine_trace_events.h with a custom command
[288/1823] Generating trace/trace-qapi_commands_machine_trace_events.c with a custom command
[289/1823] Generating trace/trace-qapi_commands_machine_s390x_trace_events.h with a custom command
[290/1823] Generating trace/trace-qapi_commands_machine_s390x_trace_events.c with a custom command
[291/1823] Generating trace/trace-qapi_commands_migration_trace_events.h with a custom command
[292/1823] Generating trace/trace-qapi_commands_migration_trace_events.c with a custom command
[293/1823] Compiling C object subprojects/SDL3-3.4.10/libSDL3_static.a.p/src_camera_SDL_camera.c.obj
[294/1823] Generating trace/trace-qapi_commands_misc_trace_events.h with a custom command
[295/1823] Generating trace/trace-qapi_commands_misc_trace_events.c with a custom command
[296/1823] Generating trace/trace-qapi_commands_net_trace_events.h with a custom command
[297/1823] Generating trace/trace-qapi_commands_net_trace_events.c with a custom command
[298/1823] Generating trace/trace-qapi_commands_pragma_trace_events.h with a custom command
[299/1823] Generating trace/trace-qapi_commands_pragma_trace_events.c with a custom command
[300/1823] Generating trace/trace-qapi_commands_qom_trace_events.h with a custom command
[301/1823] Generating trace/trace-qapi_commands_qom_trace_events.c with a custom command
[302/1823] Generating trace/trace-qapi_commands_replay_trace_events.h with a custom command
[303/1823] Generating trace/trace-qapi_commands_replay_trace_events.c with a custom command
[304/1823] Generating trace/trace-qapi_commands_run_state_trace_events.h with a custom command
[305/1823] Generating trace/trace-qapi_commands_run_state_trace_events.c with a custom command
[306/1823] Generating trace/trace-qapi_commands_sockets_trace_events.h with a custom command
[307/1823] Generating trace/trace-qapi_commands_sockets_trace_events.c with a custom command
[308/1823] Generating trace/trace-qapi_commands_stats_trace_events.h with a custom command
[309/1823] Generating trace/trace-qapi_commands_stats_trace_events.c with a custom command
[310/1823] Generating trace/trace-qapi_commands_trace_trace_events.h with a custom command
[311/1823] Generating trace/trace-qapi_commands_trace_trace_events.c with a custom command
[312/1823] Generating trace/trace-qapi_commands_transaction_trace_events.h with a custom command
[313/1823] Generating trace/trace-qapi_commands_transaction_trace_events.c with a custom command
[314/1823] Generating trace/trace-qapi_commands_vfio_trace_events.h with a custom command
[315/1823] Generating trace/trace-qapi_commands_vfio_trace_events.c with a custom command
[316/1823] Generating trace/trace-qapi_commands_virtio_trace_events.h with a custom command
[317/1823] Generating trace/trace-qapi_commands_virtio_trace_events.c with a custom command
[318/1823] Generating trace/trace-qapi_commands_yank_trace_events.h with a custom command
[319/1823] Generating trace/trace-qapi_commands_yank_trace_events.c with a custom command
[320/1823] Generating trace/trace-qapi_commands_accelerator_trace_events.h with a custom command
[321/1823] Generating trace/trace-qapi_commands_accelerator_trace_events.c with a custom command
[322/1823] Generating trace/trace-qapi_commands_acpi_trace_events.h with a custom command
[323/1823] Generating trace/trace-qapi_commands_acpi_trace_events.c with a custom command
[324/1823] Generating trace/trace-qapi_commands_acpi_hest_trace_events.h with a custom command
[325/1823] Generating trace/trace-qapi_commands_acpi_hest_trace_events.c with a custom command
[326/1823] Generating trace/trace-qapi_commands_audio_trace_events.h with a custom command
[327/1823] Generating trace/trace-qapi_commands_cryptodev_trace_events.h with a custom command
[328/1823] Generating trace/trace-qapi_commands_qdev_trace_events.c with a custom command
[329/1823] Generating trace/trace-qapi_commands_audio_trace_events.c with a custom command
[330/1823] Generating trace/trace-qapi_commands_cryptodev_trace_events.c with a custom command
[331/1823] Generating trace/trace-qapi_commands_qdev_trace_events.h with a custom command
[332/1823] Generating trace/trace-qapi_commands_pci_trace_events.h with a custom command
[333/1823] Generating trace/trace-qapi_commands_pci_trace_events.c with a custom command
[334/1823] Generating trace/trace-qapi_commands_rocker_trace_events.h with a custom command
[335/1823] Generating trace/trace-qapi_commands_rocker_trace_events.c with a custom command
[336/1823] Generating trace/trace-qapi_commands_misc_arm_trace_events.h with a custom command
[337/1823] Generating trace/trace-qapi_commands_misc_arm_trace_events.c with a custom command
[338/1823] Generating trace/trace-qapi_commands_misc_i386_trace_events.h with a custom command
[339/1823] Generating trace/trace-qapi_commands_misc_i386_trace_events.c with a custom command
[340/1823] Generating trace/trace-qapi_commands_tpm_trace_events.h with a custom command
[341/1823] Generating trace/trace-qapi_commands_uefi_trace_events.h with a custom command
[342/1823] Compiling C object subprojects/SDL3-3.4.10/libSDL3_static.a.p/src_audio_SDL_audio.c.obj
[343/1823] Generating trace/trace-qapi_commands_tpm_trace_events.c with a custom command
[344/1823] Generating trace/trace-qapi_commands_uefi_trace_events.c with a custom command
[345/1823] Generating trace/trace-qapi_commands_ui_trace_events.h with a custom command
[346/1823] Generating trace/trace-qapi_commands_ui_trace_events.c with a custom command
[347/1823] Compiling C object subprojects/SDL3-3.4.10/libSDL3_static.a.p/src_audio_SDL_audiocvt.c.obj
[348/1823] Compiling C object subprojects/SDL3-3.4.10/libSDL3_static.a.p/src_events_SDL_clipboardevents.c.obj
[349/1823] Compiling C object subprojects/SDL3-3.4.10/libSDL3_static.a.p/src_events_SDL_categories.c.obj
[350/1823] Compiling C object subprojects/SDL3-3.4.10/libSDL3_static.a.p/src_events_SDL_scancode_tables.c.obj
[351/1823] Compiling C object subprojects/SDL3-3.4.10/libSDL3_static.a.p/src_events_SDL_dropevents.c.obj
[352/1823] Compiling C object subprojects/SDL3-3.4.10/libSDL3_static.a.p/src_events_SDL_keysym_to_scancode.c.obj
[353/1823] Compiling C object subprojects/SDL3-3.4.10/libSDL3_static.a.p/src_events_SDL_eventwatch.c.obj
[354/1823] Compiling C object subprojects/SDL3-3.4.10/libSDL3_static.a.p/src_events_SDL_displayevents.c.obj
[355/1823] Compiling C object subprojects/SDL3-3.4.10/libSDL3_static.a.p/src_events_SDL_windowevents.c.obj
[356/1823] Compiling C object subprojects/SDL3-3.4.10/libSDL3_static.a.p/src_events_SDL_keysym_to_keycode.c.obj
[357/1823] Compiling C object subprojects/SDL3-3.4.10/libSDL3_static.a.p/src_events_imKStoUCS.c.obj
[358/1823] Compiling C object subprojects/SDL3-3.4.10/libSDL3_static.a.p/src_events_SDL_quit.c.obj
[359/1823] Compiling C object subprojects/SDL3-3.4.10/libSDL3_static.a.p/src_io_SDL_asyncio.c.obj
[360/1823] Compiling C object subprojects/SDL3-3.4.10/libSDL3_static.a.p/src_events_SDL_touch.c.obj
[361/1823] Compiling C object subprojects/SDL3-3.4.10/libSDL3_static.a.p/src_events_SDL_pen.c.obj
[362/1823] Compiling C object subprojects/SDL3-3.4.10/libSDL3_static.a.p/src_haptic_SDL_haptic.c.obj
[363/1823] Compiling C object subprojects/SDL3-3.4.10/libSDL3_static.a.p/src_events_SDL_keymap.c.obj
[364/1823] Compiling C object subprojects/SDL3-3.4.10/libSDL3_static.a.p/src_filesystem_SDL_filesystem.c.obj
[365/1823] Compiling C object subprojects/SDL3-3.4.10/libSDL3_static.a.p/src_io_generic_SDL_asyncio_generic.c.obj
[366/1823] Compiling C object subprojects/SDL3-3.4.10/libSDL3_static.a.p/src_events_SDL_keyboard.c.obj
[367/1823] Compiling C object subprojects/SDL3-3.4.10/libSDL3_static.a.p/src_io_SDL_iostream.c.obj
[368/1823] Compiling C object subprojects/SDL3-3.4.10/libSDL3_static.a.p/src_events_SDL_mouse.c.obj
[369/1823] Compiling C object subprojects/SDL3-3.4.10/libSDL3_static.a.p/src_main_SDL_runapp.c.obj
[370/1823] Compiling C object subprojects/SDL3-3.4.10/libSDL3_static.a.p/src_joystick_controller_type.c.obj
[371/1823] Compiling C object subprojects/SDL3-3.4.10/libSDL3_static.a.p/src_misc_SDL_libusb.c.obj
[372/1823] Compiling C object subprojects/SDL3-3.4.10/libSDL3_static.a.p/src_main_SDL_main_callbacks.c.obj
[373/1823] Compiling C object subprojects/SDL3-3.4.10/libSDL3_static.a.p/src_misc_SDL_url.c.obj
[374/1823] Compiling C object subprojects/SDL3-3.4.10/libSDL3_static.a.p/src_power_SDL_power.c.obj
[375/1823] Compiling C object subprojects/SDL3-3.4.10/libSDL3_static.a.p/src_events_SDL_events.c.obj
[376/1823] Compiling C object subprojects/SDL3-3.4.10/libSDL3_static.a.p/src_locale_SDL_locale.c.obj
[377/1823] Compiling C object subprojects/SDL3-3.4.10/libSDL3_static.a.p/src_render_direct3d_SDL_shaders_d3d.c.obj
[378/1823] Compiling C object subprojects/SDL3-3.4.10/libSDL3_static.a.p/src_render_SDL_render_unsupported.c.obj
[379/1823] Compiling C object subprojects/SDL3-3.4.10/libSDL3_static.a.p/src_joystick_SDL_steam_virtual_gamepad.c.obj
[380/1823] Compiling C object subprojects/SDL3-3.4.10/libSDL3_static.a.p/src_render_direct3d11_SDL_render_d3d11.c.obj
[381/1823] Compiling C object subprojects/SDL3-3.4.10/libSDL3_static.a.p/src_render_direct3d_SDL_render_d3d.c.obj
[382/1823] Compiling C object subprojects/SDL3-3.4.10/libSDL3_static.a.p/src_render_direct3d11_SDL_shaders_d3d11.c.obj
[383/1823] Compiling C object subprojects/SDL3-3.4.10/libSDL3_static.a.p/src_render_SDL_yuv_sw.c.obj
[384/1823] Compiling C object subprojects/SDL3-3.4.10/libSDL3_static.a.p/src_render_direct3d12_SDL_render_d3d12.c.obj
[385/1823] Compiling C object subprojects/SDL3-3.4.10/libSDL3_static.a.p/src_gpu_SDL_gpu.c.obj
[386/1823] Compiling C object subprojects/SDL3-3.4.10/libSDL3_static.a.p/src_render_direct3d12_SDL_shaders_d3d12.c.obj
[387/1823] Compiling C object subprojects/SDL3-3.4.10/libSDL3_static.a.p/src_render_gpu_SDL_pipeline_gpu.c.obj
[388/1823] Compiling C object subprojects/SDL3-3.4.10/libSDL3_static.a.p/src_render_gpu_SDL_render_gpu.c.obj
[389/1823] Compiling C object subprojects/SDL3-3.4.10/libSDL3_static.a.p/src_render_gpu_SDL_shaders_gpu.c.obj
[390/1823] Compiling C object subprojects/SDL3-3.4.10/libSDL3_static.a.p/src_render_ngage_SDL_render_ngage.c.obj
[391/1823] Compiling C object subprojects/SDL3-3.4.10/libSDL3_static.a.p/src_render_opengles2_SDL_render_gles2.c.obj
[392/1823] Compiling C object subprojects/SDL3-3.4.10/libSDL3_static.a.p/src_render_ps2_SDL_render_ps2.c.obj
[393/1823] Compiling C object subprojects/SDL3-3.4.10/libSDL3_static.a.p/src_render_opengl_SDL_render_gl.c.obj
[394/1823] Compiling C object subprojects/SDL3-3.4.10/libSDL3_static.a.p/src_render_psp_SDL_render_psp.c.obj
[395/1823] Compiling C object subprojects/SDL3-3.4.10/libSDL3_static.a.p/src_render_opengles2_SDL_shaders_gles2.c.obj
[396/1823] Compiling C object subprojects/SDL3-3.4.10/libSDL3_static.a.p/src_render_opengl_SDL_shaders_gl.c.obj
[397/1823] Compiling C object subprojects/SDL3-3.4.10/libSDL3_static.a.p/src_render_software_SDL_blendfillrect.c.obj
[398/1823] Compiling C object subprojects/SDL3-3.4.10/libSDL3_static.a.p/src_hidapi_SDL_hidapi.c.obj
[399/1823] Compiling C object subprojects/SDL3-3.4.10/libSDL3_static.a.p/src_render_software_SDL_blendpoint.c.obj
[400/1823] Compiling C object subprojects/SDL3-3.4.10/libSDL3_static.a.p/src_render_software_SDL_render_sw.c.obj
[401/1823] Compiling C object subprojects/SDL3-3.4.10/libSDL3_static.a.p/src_render_software_SDL_drawline.c.obj
[402/1823] Compiling C object subprojects/SDL3-3.4.10/libSDL3_static.a.p/src_render_software_SDL_blendline.c.obj
[403/1823] Compiling C object subprojects/SDL3-3.4.10/libSDL3_static.a.p/src_render_software_SDL_triangle.c.obj
[404/1823] Compiling C object subprojects/SDL3-3.4.10/libSDL3_static.a.p/src_render_vitagxm_SDL_render_vita_gxm.c.obj
[405/1823] Compiling C object subprojects/SDL3-3.4.10/libSDL3_static.a.p/src_render_software_SDL_drawpoint.c.obj
[406/1823] Compiling C object subprojects/SDL3-3.4.10/libSDL3_static.a.p/src_joystick_SDL_gamepad.c.obj
[407/1823] Compiling C object subprojects/SDL3-3.4.10/libSDL3_static.a.p/src_render_vitagxm_SDL_render_vita_gxm_memory.c.obj
[408/1823] Compiling C object subprojects/SDL3-3.4.10/libSDL3_static.a.p/src_render_vitagxm_SDL_render_vita_gxm_tools.c.obj
[409/1823] Compiling C object subprojects/SDL3-3.4.10/libSDL3_static.a.p/src_render_vulkan_SDL_render_vulkan.c.obj
[410/1823] Compiling C object subprojects/SDL3-3.4.10/libSDL3_static.a.p/src_render_vulkan_SDL_shaders_vulkan.c.obj
[411/1823] Compiling C object subprojects/SDL3-3.4.10/libSDL3_static.a.p/src_joystick_SDL_joystick.c.obj
[412/1823] Compiling C object subprojects/SDL3-3.4.10/libSDL3_static.a.p/src_stdlib_SDL_crc16.c.obj
[413/1823] Compiling C object subprojects/SDL3-3.4.10/libSDL3_static.a.p/src_stdlib_SDL_crc32.c.obj
[414/1823] Compiling C object subprojects/SDL3-3.4.10/libSDL3_static.a.p/src_stdlib_SDL_memset.c.obj
[415/1823] Compiling C object subprojects/SDL3-3.4.10/libSDL3_static.a.p/src_stdlib_SDL_memmove.c.obj
[416/1823] Compiling C object subprojects/SDL3-3.4.10/libSDL3_static.a.p/src_stdlib_SDL_memcpy.c.obj
[417/1823] Compiling C object subprojects/SDL3-3.4.10/libSDL3_static.a.p/src_stdlib_SDL_murmur3.c.obj
[418/1823] Compiling C object subprojects/SDL3-3.4.10/libSDL3_static.a.p/src_stdlib_SDL_malloc.c.obj
[419/1823] Compiling C object subprojects/SDL3-3.4.10/libSDL3_static.a.p/src_stdlib_SDL_random.c.obj
[420/1823] Compiling C object subprojects/SDL3-3.4.10/libSDL3_static.a.p/src_stdlib_SDL_mslibc.c.obj
[421/1823] Compiling C object subprojects/SDL3-3.4.10/libSDL3_static.a.p/src_sensor_SDL_sensor.c.obj
[422/1823] Compiling C object subprojects/SDL3-3.4.10/libSDL3_static.a.p/src_stdlib_SDL_getenv.c.obj
[423/1823] Compiling C object subprojects/SDL3-3.4.10/libSDL3_static.a.p/src_stdlib_SDL_strtokr.c.obj
[424/1823] Compiling C object subprojects/SDL3-3.4.10/libSDL3_static.a.p/src_stdlib_SDL_stdlib.c.obj
[425/1823] Compiling C object subprojects/SDL3-3.4.10/libSDL3_static.a.p/src_stdlib_SDL_iconv.c.obj
[426/1823] Compiling C object subprojects/SDL3-3.4.10/libSDL3_static.a.p/src_storage_SDL_storage.c.obj
[427/1823] Compiling C object subprojects/SDL3-3.4.10/libSDL3_static.a.p/src_stdlib_SDL_qsort.c.obj
[428/1823] Compiling C object subprojects/SDL3-3.4.10/libSDL3_static.a.p/src_video_SDL_blit.c.obj
[429/1823] Compiling C object subprojects/SDL3-3.4.10/libSDL3_static.a.p/src_time_SDL_time.c.obj
[430/1823] Compiling C object subprojects/SDL3-3.4.10/libSDL3_static.a.p/src_thread_SDL_thread.c.obj
[431/1823] Compiling C object subprojects/SDL3-3.4.10/libSDL3_static.a.p/src_stdlib_SDL_string.c.obj
[432/1823] Compiling C object subprojects/SDL3-3.4.10/libSDL3_static.a.p/src_render_SDL_render.c.obj
[433/1823] Compiling C object subprojects/SDL3-3.4.10/libSDL3_static.a.p/src_video_SDL_blit_copy.c.obj
[434/1823] Compiling C object subprojects/SDL3-3.4.10/libSDL3_static.a.p/src_timer_SDL_timer.c.obj
[435/1823] Compiling C object subprojects/SDL3-3.4.10/libSDL3_static.a.p/src_video_SDL_clipboard.c.obj
[436/1823] Compiling C object subprojects/SDL3-3.4.10/libSDL3_static.a.p/src_video_SDL_bmp.c.obj
[437/1823] Compiling C object subprojects/SDL3-3.4.10/libSDL3_static.a.p/src_video_SDL_fillrect.c.obj
[438/1823] Compiling C object subprojects/SDL3-3.4.10/libSDL3_static.a.p/src_video_SDL_rect.c.obj
[439/1823] Compiling C object subprojects/SDL3-3.4.10/libSDL3_static.a.p/src_video_SDL_video_unsupported.c.obj
[440/1823] Compiling C object subprojects/SDL3-3.4.10/libSDL3_static.a.p/src_video_SDL_pixels.c.obj
[441/1823] Compiling C object subprojects/SDL3-3.4.10/libSDL3_static.a.p/src_video_SDL_rotate.c.obj
[442/1823] Compiling C object subprojects/SDL3-3.4.10/libSDL3_static.a.p/src_video_SDL_egl.c.obj
[443/1823] Compiling C object subprojects/SDL3-3.4.10/libSDL3_static.a.p/src_video_SDL_blit_slow.c.obj
[444/1823] Compiling C object subprojects/SDL3-3.4.10/libSDL3_static.a.p/src_video_yuv2rgb_yuv_rgb_lsx.c.obj
[445/1823] Compiling C object subprojects/SDL3-3.4.10/libSDL3_static.a.p/src_video_SDL_RLEaccel.c.obj
[446/1823] Compiling C object subprojects/SDL3-3.4.10/libSDL3_static.a.p/src_video_SDL_stretch.c.obj
[447/1823] Compiling C object subprojects/SDL3-3.4.10/libSDL3_static.a.p/src_video_SDL_blit_1.c.obj
[448/1823] Compiling C object subprojects/SDL3-3.4.10/libSDL3_static.a.p/src_libm_e_atan2.c.obj
[449/1823] Compiling C object subprojects/SDL3-3.4.10/libSDL3_static.a.p/src_video_SDL_vulkan_utils.c.obj
[450/1823] Compiling C object subprojects/SDL3-3.4.10/libSDL3_static.a.p/src_libm_e_exp.c.obj
[451/1823] Compiling C object subprojects/SDL3-3.4.10/libSDL3_static.a.p/src_libm_e_fmod.c.obj
[452/1823] Compiling C object subprojects/SDL3-3.4.10/libSDL3_static.a.p/src_libm_e_log10.c.obj
[453/1823] Compiling C object subprojects/SDL3-3.4.10/libSDL3_static.a.p/src_libm_e_log.c.obj
[454/1823] Compiling C object subprojects/SDL3-3.4.10/libSDL3_static.a.p/src_libm_e_sqrt.c.obj
[455/1823] Compiling C object subprojects/SDL3-3.4.10/libSDL3_static.a.p/src_libm_e_rem_pio2.c.obj
[456/1823] Compiling C object subprojects/SDL3-3.4.10/libSDL3_static.a.p/src_libm_e_pow.c.obj
[457/1823] Compiling C object subprojects/SDL3-3.4.10/libSDL3_static.a.p/src_libm_k_cos.c.obj
[458/1823] Compiling C object subprojects/SDL3-3.4.10/libSDL3_static.a.p/src_video_SDL_blit_0.c.obj
[459/1823] Compiling C object subprojects/SDL3-3.4.10/libSDL3_static.a.p/src_libm_k_tan.c.obj
[460/1823] Compiling C object subprojects/SDL3-3.4.10/libSDL3_static.a.p/src_libm_k_sin.c.obj
[461/1823] Compiling C object subprojects/SDL3-3.4.10/libSDL3_static.a.p/src_libm_k_rem_pio2.c.obj
[462/1823] Compiling C object subprojects/SDL3-3.4.10/libSDL3_static.a.p/src_libm_s_atan.c.obj
[463/1823] Compiling C object subprojects/SDL3-3.4.10/libSDL3_static.a.p/src_libm_s_copysign.c.obj
[464/1823] Compiling C object subprojects/SDL3-3.4.10/libSDL3_static.a.p/src_libm_s_cos.c.obj
[465/1823] Compiling C object subprojects/SDL3-3.4.10/libSDL3_static.a.p/src_video_SDL_blit_N.c.obj
[466/1823] Compiling C object subprojects/SDL3-3.4.10/libSDL3_static.a.p/src_libm_s_fabs.c.obj
[467/1823] Compiling C object subprojects/SDL3-3.4.10/libSDL3_static.a.p/src_libm_s_floor.c.obj
[468/1823] Compiling C object subprojects/SDL3-3.4.10/libSDL3_static.a.p/src_libm_s_isinf.c.obj
[469/1823] Compiling C object subprojects/SDL3-3.4.10/libSDL3_static.a.p/src_video_SDL_surface.c.obj
[470/1823] Compiling C object subprojects/SDL3-3.4.10/libSDL3_static.a.p/src_libm_s_isnan.c.obj
[471/1823] Compiling C object subprojects/SDL3-3.4.10/libSDL3_static.a.p/src_libm_s_isinff.c.obj
[472/1823] Compiling C object subprojects/SDL3-3.4.10/libSDL3_static.a.p/src_libm_s_isnanf.c.obj
[473/1823] Compiling C object subprojects/SDL3-3.4.10/libSDL3_static.a.p/src_libm_s_scalbn.c.obj
[474/1823] Compiling C object subprojects/SDL3-3.4.10/libSDL3_static.a.p/src_libm_s_modf.c.obj
[475/1823] Compiling C object subprojects/SDL3-3.4.10/libSDL3_static.a.p/src_libm_s_sin.c.obj
[476/1823] Compiling C object subprojects/SDL3-3.4.10/libSDL3_static.a.p/src_libm_s_tan.c.obj
[477/1823] Compiling C object subprojects/SDL3-3.4.10/libSDL3_static.a.p/src_video_SDL_yuv.c.obj
[478/1823] Compiling C object subprojects/SDL3-3.4.10/libSDL3_static.a.p/src_audio_dummy_SDL_dummyaudio.c.obj
[479/1823] Compiling C object subprojects/SDL3-3.4.10/libSDL3_static.a.p/src_video_SDL_blit_A.c.obj
[480/1823] Compiling C object subprojects/SDL3-3.4.10/libSDL3_static.a.p/src_core_windows_SDL_hid.c.obj
[481/1823] Compiling C object subprojects/SDL3-3.4.10/libSDL3_static.a.p/src_video_yuv2rgb_yuv_rgb_std.c.obj
[482/1823] Compiling C object subprojects/SDL3-3.4.10/libSDL3_static.a.p/src_core_windows_pch.c.obj
[483/1823] Compiling C object subprojects/SDL3-3.4.10/libSDL3_static.a.p/src_dynapi_SDL_dynapi.c.obj
[484/1823] Compiling C object subprojects/SDL3-3.4.10/libSDL3_static.a.p/src_io_windows_SDL_asyncio_windows_ioring.c.obj
[485/1823] Compiling C object subprojects/SDL3-3.4.10/libSDL3_static.a.p/src_main_windows_SDL_sysmain_runapp.c.obj
[486/1823] Compiling C object subprojects/SDL3-3.4.10/libSDL3_static.a.p/src_core_windows_SDL_xinput.c.obj
[487/1823] Compiling C object subprojects/SDL3-3.4.10/libSDL3_static.a.p/src_misc_windows_SDL_sysurl.c.obj
[488/1823] Compiling C object subprojects/SDL3-3.4.10/libSDL3_static.a.p/src_video_yuv2rgb_yuv_rgb_sse.c.obj
[489/1823] Compiling C object subprojects/SDL3-3.4.10/libSDL3_static.a.p/src_core_windows_SDL_windows.c.obj
[490/1823] Compiling C object subprojects/SDL3-3.4.10/libSDL3_static.a.p/src_core_windows_SDL_immdevice.c.obj
[491/1823] Compiling C object subprojects/SDL3-3.4.10/libSDL3_static.a.p/src_video_SDL_video.c.obj
[492/1823] Compiling C object subprojects/SDL3-3.4.10/libSDL3_static.a.p/src_audio_directsound_SDL_directsound.c.obj
[493/1823] Compiling C object subprojects/SDL3-3.4.10/libSDL3_static.a.p/src_video_windows_SDL_windowsclipboard.c.obj
[494/1823] Compiling C object subprojects/SDL3-3.4.10/libSDL3_static.a.p/src_thread_generic_SDL_syscond.c.obj
[495/1823] Compiling C object subprojects/SDL3-3.4.10/libSDL3_static.a.p/src_thread_generic_SDL_sysrwlock.c.obj
[496/1823] Compiling C object subprojects/SDL3-3.4.10/libSDL3_static.a.p/src_audio_wasapi_SDL_wasapi.c.obj
[497/1823] Compiling C object subprojects/SDL3-3.4.10/libSDL3_static.a.p/src_video_windows_SDL_windowsframebuffer.c.obj
[498/1823] Compiling C object subprojects/SDL3-3.4.10/libSDL3_static.a.p/src_video_windows_SDL_windowsmessagebox.c.obj
[499/1823] Compiling C object subprojects/SDL3-3.4.10/libSDL3_static.a.p/src_video_windows_SDL_windowsopengles.c.obj
[500/1823] Compiling C object subprojects/SDL3-3.4.10/libSDL3_static.a.p/src_video_windows_SDL_windowsshape.c.obj
[501/1823] Compiling C object subprojects/SDL3-3.4.10/libSDL3_static.a.p/src_thread_windows_SDL_syscond_cv.c.obj
[502/1823] Compiling C object subprojects/SDL3-3.4.10/libSDL3_static.a.p/src_video_windows_SDL_windowsmodes.c.obj
[503/1823] Compiling C object subprojects/SDL3-3.4.10/libSDL3_static.a.p/src_video_windows_SDL_windowsrawinput.c.obj
[504/1823] Compiling C object subprojects/SDL3-3.4.10/libSDL3_static.a.p/src_video_windows_SDL_windowskeyboard.c.obj
[505/1823] Compiling C object subprojects/SDL3-3.4.10/libSDL3_static.a.p/src_thread_windows_SDL_sysrwlock_srw.c.obj
[506/1823] Compiling C object subprojects/SDL3-3.4.10/libSDL3_static.a.p/src_thread_windows_SDL_sysmutex.c.obj
[507/1823] Compiling C object subprojects/SDL3-3.4.10/libSDL3_static.a.p/src_video_SDL_stb.c.obj
[508/1823] Compiling C object subprojects/SDL3-3.4.10/libSDL3_static.a.p/src_video_windows_SDL_windowsopengl.c.obj
[509/1823] Compiling C object subprojects/SDL3-3.4.10/libSDL3_static.a.p/src_video_windows_SDL_windowsvulkan.c.obj
[510/1823] Compiling C object subprojects/SDL3-3.4.10/libSDL3_static.a.p/src_thread_windows_SDL_syssem.c.obj
[511/1823] Compiling C object subprojects/SDL3-3.4.10/libSDL3_static.a.p/src_video_windows_SDL_windowsmouse.c.obj
[512/1823] Compiling C object subprojects/SDL3-3.4.10/libSDL3_static.a.p/src_storage_generic_SDL_genericstorage.c.obj
[513/1823] Compiling C object subprojects/SDL3-3.4.10/libSDL3_static.a.p/src_thread_windows_SDL_systhread.c.obj
[514/1823] Compiling C object subprojects/SDL3-3.4.10/libSDL3_static.a.p/src_locale_windows_SDL_syslocale.c.obj
[515/1823] Compiling C object subprojects/SDL3-3.4.10/libSDL3_static.a.p/src_storage_steam_SDL_steamstorage.c.obj
[516/1823] Compiling C object subprojects/SDL3-3.4.10/libSDL3_static.a.p/src_video_windows_SDL_windowsvideo.c.obj
[517/1823] Compiling C object subprojects/SDL3-3.4.10/libSDL3_static.a.p/src_filesystem_windows_SDL_sysfsops.c.obj
[518/1823] Compiling C object subprojects/SDL3-3.4.10/libSDL3_static.a.p/src_thread_windows_SDL_systls.c.obj
[519/1823] Compiling C object subprojects/SDL3-3.4.10/libSDL3_static.a.p/src_video_windows_SDL_windowsevents.c.obj
[520/1823] Compiling C object subprojects/SDL3-3.4.10/libSDL3_static.a.p/src_joystick_hidapi_SDL_hidapi_combined.c.obj
[521/1823] Compiling C object subprojects/SDL3-3.4.10/libSDL3_static.a.p/src_time_windows_SDL_systime.c.obj
[522/1823] Compiling C object subprojects/SDL3-3.4.10/libSDL3_static.a.p/src_loadso_windows_SDL_sysloadso.c.obj
[523/1823] Compiling C object subprojects/SDL3-3.4.10/libSDL3_static.a.p/src_joystick_hidapi_SDL_hidapi_8bitdo.c.obj
[524/1823] Compiling C object subprojects/SDL3-3.4.10/libSDL3_static.a.p/src_timer_windows_SDL_systimer.c.obj
[525/1823] Compiling C object subprojects/SDL3-3.4.10/libSDL3_static.a.p/src_joystick_hidapi_SDL_hidapi_flydigi.c.obj
[526/1823] Compiling C object subprojects/SDL3-3.4.10/libSDL3_static.a.p/src_joystick_hidapi_SDL_hidapi_gamecube.c.obj
[527/1823] Compiling C object subprojects/SDL3-3.4.10/libSDL3_static.a.p/src_joystick_hidapi_SDL_hidapi_luna.c.obj
[528/1823] Compiling C object subprojects/SDL3-3.4.10/libSDL3_static.a.p/src_joystick_hidapi_SDL_hidapi_rumble.c.obj
[529/1823] Compiling C object subprojects/SDL3-3.4.10/libSDL3_static.a.p/src_filesystem_windows_SDL_sysfilesystem.c.obj
[530/1823] Compiling C object subprojects/SDL3-3.4.10/libSDL3_static.a.p/src_joystick_hidapi_SDL_hidapi_ps3.c.obj
[531/1823] Compiling C object subprojects/SDL3-3.4.10/libSDL3_static.a.p/src_joystick_hidapi_SDL_hidapi_lg4ff.c.obj
[532/1823] Compiling C object subprojects/SDL3-3.4.10/libSDL3_static.a.p/src_joystick_hidapi_SDL_hidapi_stadia.c.obj
[533/1823] Compiling C object subprojects/SDL3-3.4.10/libSDL3_static.a.p/src_video_windows_SDL_windowswindow.c.obj
[534/1823] Compiling C object subprojects/SDL3-3.4.10/libSDL3_static.a.p/src_joystick_hidapi_SDL_hidapi_shield.c.obj
[535/1823] Compiling C object subprojects/SDL3-3.4.10/libSDL3_static.a.p/src_joystick_hidapi_SDL_hidapi_ps4.c.obj
[536/1823] Compiling C object subprojects/SDL3-3.4.10/libSDL3_static.a.p/src_joystick_hidapi_SDL_hidapi_steam_hori.c.obj
[537/1823] Compiling C object subprojects/SDL3-3.4.10/libSDL3_static.a.p/src_joystick_hidapi_SDL_hidapi_ps5.c.obj
[538/1823] Compiling C object subprojects/SDL3-3.4.10/libSDL3_static.a.p/src_joystick_hidapi_SDL_hidapi_sinput.c.obj
[539/1823] Compiling C object subprojects/SDL3-3.4.10/libSDL3_static.a.p/src_joystick_hidapi_SDL_hidapi_steamdeck.c.obj
[540/1823] Compiling C object subprojects/SDL3-3.4.10/libSDL3_static.a.p/src_joystick_hidapi_SDL_hidapi_switch2.c.obj
[541/1823] Compiling C object subprojects/SDL3-3.4.10/libSDL3_static.a.p/src_joystick_hidapi_SDL_hidapi_gip.c.obj
[542/1823] Compiling C object subprojects/SDL3-3.4.10/libSDL3_static.a.p/src_joystick_hidapi_SDL_hidapi_steam.c.obj
[543/1823] Compiling C object subprojects/SDL3-3.4.10/libSDL3_static.a.p/src_joystick_hidapi_SDL_hidapi_steam_triton.c.obj
[544/1823] Compiling C object subprojects/SDL3-3.4.10/libSDL3_static.a.p/src_joystick_hidapi_SDL_hidapi_xbox360w.c.obj
[545/1823] Compiling C object subprojects/SDL3-3.4.10/libSDL3_static.a.p/src_joystick_hidapi_SDL_hidapi_xbox360.c.obj
[546/1823] Compiling C object subprojects/SDL3-3.4.10/libSDL3_static.a.p/src_joystick_hidapi_SDL_hidapi_zuiki.c.obj
[547/1823] Compiling C object subprojects/SDL3-3.4.10/libSDL3_static.a.p/src_joystick_hidapi_SDL_report_descriptor.c.obj
[548/1823] Compiling C object subprojects/SDL3-3.4.10/libSDL3_static.a.p/src_haptic_hidapi_SDL_hidapihaptic.c.obj
[549/1823] Compiling C object subprojects/SDL3-3.4.10/libSDL3_static.a.p/src_joystick_hidapi_SDL_hidapi_wii.c.obj
[550/1823] Compiling C object subprojects/SDL3-3.4.10/libSDL3_static.a.p/src_joystick_hidapi_SDL_hidapi_xboxone.c.obj
[551/1823] Compiling C object subprojects/SDL3-3.4.10/libSDL3_static.a.p/src_dialog_SDL_dialog.c.obj
[552/1823] Compiling C object subprojects/SDL3-3.4.10/libSDL3_static.a.p/src_joystick_hidapi_SDL_hidapi_switch.c.obj
[553/1823] Compiling C object subprojects/SDL3-3.4.10/libSDL3_static.a.p/src_video_offscreen_SDL_offscreenframebuffer.c.obj
[554/1823] Compiling C object subprojects/SDL3-3.4.10/libSDL3_static.a.p/src_video_offscreen_SDL_offscreenevents.c.obj
[555/1823] Compiling C object subprojects/SDL3-3.4.10/libSDL3_static.a.p/src_dialog_SDL_dialog_utils.c.obj
[556/1823] Compiling C object subprojects/SDL3-3.4.10/libSDL3_static.a.p/src_haptic_hidapi_SDL_hidapihaptic_lg4ff.c.obj
[557/1823] Compiling C object subprojects/SDL3-3.4.10/libSDL3_static.a.p/src_process_SDL_process.c.obj
[558/1823] Compiling C++ object subprojects/glslang/libGenericCodeGen.a.p/glslang_stub.cpp.obj
[559/1823] Generating qemu-version.h with a custom command (wrapped by meson to capture output)
[560/1823] Compiling C object subprojects/SDL3-3.4.10/libSDL3_static.a.p/src_tray_SDL_tray_utils.c.obj
[561/1823] Compiling C object subprojects/SDL3-3.4.10/libSDL3_static.a.p/src_video_offscreen_SDL_offscreenvideo.c.obj
[562/1823] Compiling C object subprojects/SDL3-3.4.10/libSDL3_static.a.p/src_joystick_hidapi_SDL_hidapijoystick.c.obj
[563/1823] Compiling C object subprojects/SDL3-3.4.10/libSDL3_static.a.p/src_joystick_windows_SDL_xinputjoystick.c.obj
[564/1823] Compiling C object subprojects/SDL3-3.4.10/libSDL3_static.a.p/src_process_windows_SDL_windowsprocess.c.obj
[565/1823] Compiling C object subprojects/SDL3-3.4.10/libSDL3_static.a.p/src_joystick_windows_SDL_dinputjoystick.c.obj
[566/1823] Compiling C object subprojects/SDL3-3.4.10/libSDL3_static.a.p/src_haptic_dummy_SDL_syshaptic.c.obj
[567/1823] Compiling C object subprojects/SDL3-3.4.10/libSDL3_static.a.p/src_video_offscreen_SDL_offscreenwindow.c.obj
[568/1823] Compiling C object subprojects/SDL3-3.4.10/libSDL3_static.a.p/src_joystick_windows_SDL_windowsjoystick.c.obj
[569/1823] Compiling C object subprojects/SDL3-3.4.10/libSDL3_static.a.p/src_video_offscreen_SDL_offscreenopengles.c.obj
[570/1823] Compiling C object subprojects/SDL3-3.4.10/libSDL3_static.a.p/src_sensor_dummy_SDL_dummysensor.c.obj
[571/1823] Compiling C object subprojects/SDL3-3.4.10/libSDL3_static.a.p/src_camera_dummy_SDL_camera_dummy.c.obj
[572/1823] Compiling C object subprojects/SDL3-3.4.10/libSDL3_static.a.p/src_tray_dummy_SDL_tray.c.obj
[573/1823] Compiling C object subprojects/SDL3-3.4.10/libSDL3_static.a.p/src_video_offscreen_SDL_offscreenvulkan.c.obj
[574/1823] Compiling C object subprojects/SDL3-3.4.10/libSDL3_static.a.p/src_main_generic_SDL_sysmain_callbacks.c.obj
[575/1823] Compiling C object subprojects/SDL3-3.4.10/libSDL3_static.a.p/src_dialog_windows_SDL_windowsdialog.c.obj
[576/1823] Compiling C object subprojects/SDL3-3.4.10/libSDL3_static.a.p/src_video_SDL_blit_auto.c.obj
[577/1823] Compiling C object subprojects/SDL3-3.4.10/libSDL3_static.a.p/src_joystick_windows_SDL_windows_gaming_input.c.obj
[578/1823] Compiling C object libqemuutil.a.p/meson-generated_.._qapi_qapi-emit-events.c.obj
[579/1823] Compiling C++ object subprojects/SDL3-3.4.10/libSDL3_static.a.p/src_core_windows_pch_cpp.cpp.obj
[580/1823] Compiling C object libqemuutil.a.p/meson-generated_.._qapi_qapi-types.c.obj
[581/1823] Compiling C++ object subprojects/glslang/libglslang.a.p/glslang_GenericCodeGen_CodeGen.cpp.obj
[582/1823] Compiling C object libqemuutil.a.p/meson-generated_.._qapi_qapi-types-authz.c.obj
[583/1823] Compiling C object libqemuutil.a.p/meson-generated_.._qapi_qapi-events.c.obj
[584/1823] Compiling C++ object subprojects/glslang/libglslang.a.p/glslang_GenericCodeGen_Link.cpp.obj
[585/1823] Compiling C object libqemuutil.a.p/meson-generated_.._qapi_qapi-builtin-types.c.obj
[586/1823] Compiling C object libqemuutil.a.p/meson-generated_.._qapi_qapi-events-authz.c.obj
[587/1823] Compiling C++ object subprojects/SDL3-3.4.10/libSDL3_static.a.p/src_core_windows_SDL_gameinput.cpp.obj
[588/1823] Compiling C object libqemuutil.a.p/meson-generated_.._qapi_qapi-commands.c.obj
[589/1823] Compiling C object subprojects/SDL3-3.4.10/libSDL3_static.a.p/src_joystick_windows_SDL_rawinputjoystick.c.obj
[590/1823] Compiling C object libqemuutil.a.p/meson-generated_.._qapi_qapi-visit-authz.c.obj
[591/1823] Compiling C object libqemuutil.a.p/meson-generated_.._qapi_qapi-init-commands.c.obj
[592/1823] Compiling C object libqemuutil.a.p/meson-generated_.._qapi_qapi-builtin-visit.c.obj
[593/1823] Compiling C object libqemuutil.a.p/meson-generated_.._qapi_qapi-visit.c.obj
[594/1823] Compiling C object libqemuutil.a.p/meson-generated_.._qapi_qapi-commands-authz.c.obj
[595/1823] Compiling C object libqemuutil.a.p/meson-generated_.._qapi_qapi-introspect.c.obj
[596/1823] Compiling C object libqemuutil.a.p/meson-generated_.._qapi_qapi-events-block.c.obj
[597/1823] Compiling C object libqemuutil.a.p/meson-generated_.._qapi_qapi-visit-block.c.obj
[598/1823] Compiling C object libqemuutil.a.p/meson-generated_.._qapi_qapi-types-block.c.obj
[599/1823] Compiling C object libqemuutil.a.p/meson-generated_.._qapi_qapi-commands-block.c.obj
[600/1823] Compiling C object libqemuutil.a.p/meson-generated_.._qapi_qapi-types-block-export.c.obj
[601/1823] Compiling C object libqemuutil.a.p/meson-generated_.._qapi_qapi-events-char.c.obj
[602/1823] Compiling C++ object subprojects/SDL3-3.4.10/libSDL3_static.a.p/src_video_windows_SDL_windowsgameinput.cpp.obj
[603/1823] Compiling C object libqemuutil.a.p/meson-generated_.._qapi_qapi-types-common.c.obj
[604/1823] Compiling C object libqemuutil.a.p/meson-generated_.._qapi_qapi-commands-common.c.obj
[605/1823] Compiling C object libqemuutil.a.p/meson-generated_.._qapi_qapi-events-block-core.c.obj
[606/1823] Compiling C object libqemuutil.a.p/meson-generated_.._qapi_qapi-visit-block-export.c.obj
[607/1823] Compiling C object libqemuutil.a.p/meson-generated_.._qapi_qapi-visit-common.c.obj
[608/1823] Compiling C object libqemuutil.a.p/meson-generated_.._qapi_qapi-visit-compat.c.obj
[609/1823] Compiling C object libqemuutil.a.p/meson-generated_.._qapi_qapi-events-block-export.c.obj
[610/1823] Compiling C object libqemuutil.a.p/meson-generated_.._qapi_qapi-events-common.c.obj
[611/1823] Compiling C object libqemuutil.a.p/meson-generated_.._qapi_qapi-events-compat.c.obj
[612/1823] Compiling C object libqemuutil.a.p/meson-generated_.._qapi_qapi-types-compat.c.obj
[613/1823] Compiling C object libqemuutil.a.p/meson-generated_.._qapi_qapi-types-char.c.obj
[614/1823] Compiling C object libqemuutil.a.p/meson-generated_.._qapi_qapi-types-block-core.c.obj
[615/1823] Compiling C object libqemuutil.a.p/meson-generated_.._qapi_qapi-commands-block-export.c.obj
[616/1823] Compiling C object libqemuutil.a.p/meson-generated_.._qapi_qapi-commands-char.c.obj
[617/1823] Compiling C object libqemuutil.a.p/meson-generated_.._qapi_qapi-events-control.c.obj
[618/1823] Compiling C object libqemuutil.a.p/meson-generated_.._qapi_qapi-visit-char.c.obj
[619/1823] Compiling C object libqemuutil.a.p/meson-generated_.._qapi_qapi-commands-compat.c.obj
[620/1823] Compiling C object libqemuutil.a.p/meson-generated_.._qapi_qapi-types-control.c.obj
[621/1823] Compiling C object libqemuutil.a.p/meson-generated_.._qapi_qapi-visit-control.c.obj
[622/1823] Compiling C object libqemuutil.a.p/meson-generated_.._qapi_qapi-commands-block-core.c.obj
[623/1823] Compiling C object libqemuutil.a.p/meson-generated_.._qapi_qapi-commands-control.c.obj
[624/1823] Compiling C object libqemuutil.a.p/meson-generated_.._qapi_qapi-events-cxl.c.obj
[625/1823] Compiling C object libqemuutil.a.p/meson-generated_.._qapi_qapi-commands-crypto.c.obj
[626/1823] Compiling C object libqemuutil.a.p/meson-generated_.._qapi_qapi-types-crypto.c.obj
[627/1823] Compiling C object libqemuutil.a.p/meson-generated_.._qapi_qapi-events-crypto.c.obj
[628/1823] Compiling C object libqemuutil.a.p/meson-generated_.._qapi_qapi-types-dump.c.obj
[629/1823] Compiling C++ object subprojects/glslang/libglslang.a.p/glslang_CInterface_glslang_c_interface.cpp.obj
[630/1823] Compiling C object libqemuutil.a.p/meson-generated_.._qapi_qapi-types-cxl.c.obj
[631/1823] Compiling C object libqemuutil.a.p/meson-generated_.._qapi_qapi-visit-ebpf.c.obj
[632/1823] Compiling C object libqemuutil.a.p/meson-generated_.._qapi_qapi-commands-cxl.c.obj
[633/1823] Compiling C object libqemuutil.a.p/meson-generated_.._qapi_qapi-events-ebpf.c.obj
[634/1823] Compiling C object libqemuutil.a.p/meson-generated_.._qapi_qapi-visit-cxl.c.obj
[635/1823] Compiling C object libqemuutil.a.p/meson-generated_.._qapi_qapi-types-ebpf.c.obj
[636/1823] Compiling C object libqemuutil.a.p/meson-generated_.._qapi_qapi-events-dump.c.obj
[637/1823] Compiling C object libqemuutil.a.p/meson-generated_.._qapi_qapi-visit-dump.c.obj
[638/1823] Compiling C object libqemuutil.a.p/meson-generated_.._qapi_qapi-commands-ebpf.c.obj
[639/1823] Compiling C object libqemuutil.a.p/meson-generated_.._qapi_qapi-types-error.c.obj
[640/1823] Compiling C object libqemuutil.a.p/meson-generated_.._qapi_qapi-visit-crypto.c.obj
[641/1823] Compiling C object libqemuutil.a.p/meson-generated_.._qapi_qapi-events-error.c.obj
[642/1823] Compiling C object libqemuutil.a.p/meson-generated_.._qapi_qapi-commands-dump.c.obj
[643/1823] Compiling C object libqemuutil.a.p/meson-generated_.._qapi_qapi-commands-error.c.obj
[644/1823] Compiling C object libqemuutil.a.p/meson-generated_.._qapi_qapi-visit-error.c.obj
[645/1823] Compiling C object libqemuutil.a.p/meson-generated_.._qapi_qapi-types-introspect.c.obj
[646/1823] Compiling C object libqemuutil.a.p/meson-generated_.._qapi_qapi-visit-introspect.c.obj
[647/1823] Compiling C object libqemuutil.a.p/meson-generated_.._qapi_qapi-events-introspect.c.obj
[648/1823] Compiling C object libqemuutil.a.p/meson-generated_.._qapi_qapi-visit-job.c.obj
[649/1823] Compiling C object libqemuutil.a.p/meson-generated_.._qapi_qapi-types-job.c.obj
[650/1823] Compiling C object libqemuutil.a.p/meson-generated_.._qapi_qapi-events-job.c.obj
[651/1823] Compiling C object libqemuutil.a.p/meson-generated_.._qapi_qapi-events-machine-common.c.obj
[652/1823] Compiling C object libqemuutil.a.p/meson-generated_.._qapi_qapi-commands-introspect.c.obj
[653/1823] Compiling C object libqemuutil.a.p/meson-generated_.._qapi_qapi-types-machine-common.c.obj
[654/1823] Compiling C object libqemuutil.a.p/meson-generated_.._qapi_qapi-commands-machine-common.c.obj
[655/1823] Compiling C object libqemuutil.a.p/meson-generated_.._qapi_qapi-visit-machine-common.c.obj
[656/1823] Compiling C object libqemuutil.a.p/meson-generated_.._qapi_qapi-types-machine-s390x.c.obj
[657/1823] Compiling C object libqemuutil.a.p/meson-generated_.._qapi_qapi-commands-machine-s390x.c.obj
[658/1823] Compiling C object libqemuutil.a.p/meson-generated_.._qapi_qapi-visit-machine-s390x.c.obj
[659/1823] Compiling C object libqemuutil.a.p/meson-generated_.._qapi_qapi-commands-job.c.obj
[660/1823] Compiling C object libqemuutil.a.p/meson-generated_.._qapi_qapi-events-machine-s390x.c.obj
[661/1823] Compiling C object libqemuutil.a.p/meson-generated_.._qapi_qapi-types-machine.c.obj
[662/1823] Compiling C object libqemuutil.a.p/meson-generated_.._qapi_qapi-types-migration.c.obj
[663/1823] Compiling C object libqemuutil.a.p/meson-generated_.._qapi_qapi-events-machine.c.obj
[664/1823] Compiling C object libqemuutil.a.p/meson-generated_.._qapi_qapi-events-migration.c.obj
[665/1823] Compiling C object libqemuutil.a.p/meson-generated_.._qapi_qapi-types-misc.c.obj
[666/1823] Compiling C object libqemuutil.a.p/meson-generated_.._qapi_qapi-commands-machine.c.obj
[667/1823] Compiling C object libqemuutil.a.p/meson-generated_.._qapi_qapi-events-misc.c.obj
[668/1823] Compiling C object libqemuutil.a.p/meson-generated_.._qapi_qapi-visit-misc.c.obj
[669/1823] Compiling C object libqemuutil.a.p/meson-generated_.._qapi_qapi-types-pragma.c.obj
[670/1823] Compiling C object libqemuutil.a.p/meson-generated_.._qapi_qapi-events-net.c.obj
[671/1823] Compiling C object libqemuutil.a.p/meson-generated_.._qapi_qapi-types-net.c.obj
[672/1823] Compiling C object libqemuutil.a.p/meson-generated_.._qapi_qapi-visit-block-core.c.obj
[673/1823] Compiling C object libqemuutil.a.p/meson-generated_.._qapi_qapi-commands-migration.c.obj
[674/1823] Compiling C object libqemuutil.a.p/meson-generated_.._qapi_qapi-visit-migration.c.obj
[675/1823] Compiling C object libqemuutil.a.p/meson-generated_.._qapi_qapi-visit-pragma.c.obj
[676/1823] Compiling C object libqemuutil.a.p/meson-generated_.._qapi_qapi-commands-pragma.c.obj
[677/1823] Compiling C object libqemuutil.a.p/meson-generated_.._qapi_qapi-events-pragma.c.obj
[678/1823] Compiling C object libqemuutil.a.p/meson-generated_.._qapi_qapi-commands-misc.c.obj
[679/1823] Compiling C object libqemuutil.a.p/meson-generated_.._qapi_qapi-commands-net.c.obj
[680/1823] Compiling C object libqemuutil.a.p/meson-generated_.._qapi_qapi-visit-machine.c.obj
[681/1823] Compiling C object libqemuutil.a.p/meson-generated_.._qapi_qapi-events-qom.c.obj
[682/1823] Compiling C object libqemuutil.a.p/meson-generated_.._qapi_qapi-events-replay.c.obj
[683/1823] Compiling C object libqemuutil.a.p/meson-generated_.._qapi_qapi-visit-replay.c.obj
[684/1823] Compiling C object libqemuutil.a.p/meson-generated_.._qapi_qapi-types-qom.c.obj
[685/1823] Compiling C object libqemuutil.a.p/meson-generated_.._qapi_qapi-commands-replay.c.obj
[686/1823] Compiling C object libqemuutil.a.p/meson-generated_.._qapi_qapi-visit-net.c.obj
[687/1823] Compiling C object libqemuutil.a.p/meson-generated_.._qapi_qapi-types-replay.c.obj
[688/1823] Compiling C object libqemuutil.a.p/meson-generated_.._qapi_qapi-types-run-state.c.obj
[689/1823] Compiling C object libqemuutil.a.p/meson-generated_.._qapi_qapi-commands-qom.c.obj
[690/1823] Compiling C object libqemuutil.a.p/meson-generated_.._qapi_qapi-commands-run-state.c.obj
[691/1823] Compiling C object libqemuutil.a.p/meson-generated_.._qapi_qapi-visit-run-state.c.obj
[692/1823] Compiling C object libqemuutil.a.p/meson-generated_.._qapi_qapi-types-sockets.c.obj
[693/1823] Compiling C object libqemuutil.a.p/meson-generated_.._qapi_qapi-events-sockets.c.obj
[694/1823] Compiling C object libqemuutil.a.p/meson-generated_.._qapi_qapi-events-run-state.c.obj
[695/1823] Compiling C object libqemuutil.a.p/meson-generated_.._qapi_qapi-commands-sockets.c.obj
[696/1823] Compiling C object libqemuutil.a.p/meson-generated_.._qapi_qapi-visit-qom.c.obj
[697/1823] Compiling C object libqemuutil.a.p/meson-generated_.._qapi_qapi-types-trace.c.obj
[698/1823] Compiling C object libqemuutil.a.p/meson-generated_.._qapi_qapi-events-trace.c.obj
[699/1823] Compiling C object libqemuutil.a.p/meson-generated_.._qapi_qapi-visit-sockets.c.obj
[700/1823] Compiling C object libqemuutil.a.p/meson-generated_.._qapi_qapi-types-stats.c.obj
[701/1823] Compiling C object libqemuutil.a.p/meson-generated_.._qapi_qapi-events-stats.c.obj
[702/1823] Compiling C object libqemuutil.a.p/meson-generated_.._qapi_qapi-commands-trace.c.obj
[703/1823] Compiling C object libqemuutil.a.p/meson-generated_.._qapi_qapi-commands-stats.c.obj
[704/1823] Compiling C object libqemuutil.a.p/meson-generated_.._qapi_qapi-visit-stats.c.obj
[705/1823] Compiling C object libqemuutil.a.p/meson-generated_.._qapi_qapi-visit-trace.c.obj
[706/1823] Compiling C object libqemuutil.a.p/meson-generated_.._qapi_qapi-types-vfio.c.obj
[707/1823] Compiling C object libqemuutil.a.p/meson-generated_.._qapi_qapi-visit-transaction.c.obj
[708/1823] Compiling C object libqemuutil.a.p/meson-generated_.._qapi_qapi-events-vfio.c.obj
[709/1823] Compiling C object libqemuutil.a.p/meson-generated_.._qapi_qapi-visit-vfio.c.obj
[710/1823] Compiling C object libqemuutil.a.p/meson-generated_.._qapi_qapi-types-transaction.c.obj
[711/1823] Compiling C object libqemuutil.a.p/meson-generated_.._qapi_qapi-events-transaction.c.obj
[712/1823] Compiling C object libqemuutil.a.p/meson-generated_.._qapi_qapi-commands-transaction.c.obj
[713/1823] Compiling C object libqemuutil.a.p/meson-generated_.._qapi_qapi-events-virtio.c.obj
[714/1823] Compiling C object libqemuutil.a.p/meson-generated_.._qapi_qapi-commands-vfio.c.obj
[715/1823] Compiling C object libqemuutil.a.p/meson-generated_.._qapi_qapi-types-virtio.c.obj
[716/1823] Compiling C object libqemuutil.a.p/meson-generated_.._qapi_qapi-events-yank.c.obj
[717/1823] Compiling C object libqemuutil.a.p/meson-generated_.._qapi_qapi-visit-yank.c.obj
[718/1823] Compiling C object libqemuutil.a.p/meson-generated_.._qapi_qapi-commands-yank.c.obj
[719/1823] Compiling C object libqemuutil.a.p/meson-generated_.._qapi_qapi-types-accelerator.c.obj
[720/1823] Compiling C object libqemuutil.a.p/meson-generated_.._qapi_qapi-events-accelerator.c.obj
[721/1823] Compiling C object libqemuutil.a.p/meson-generated_.._qapi_qapi-commands-virtio.c.obj
[722/1823] Compiling C object libqemuutil.a.p/meson-generated_.._qapi_qapi-visit-virtio.c.obj
[723/1823] Compiling C object libqemuutil.a.p/meson-generated_.._qapi_qapi-types-yank.c.obj
[724/1823] Compiling C object libqemuutil.a.p/meson-generated_.._qapi_qapi-events-acpi.c.obj
[725/1823] Compiling C object libqemuutil.a.p/meson-generated_.._qapi_qapi-visit-acpi-hest.c.obj
[726/1823] Compiling C object libqemuutil.a.p/meson-generated_.._qapi_qapi-visit-accelerator.c.obj
[727/1823] Compiling C object libqemuutil.a.p/meson-generated_.._qapi_qapi-visit-acpi.c.obj
[728/1823] Compiling C object libqemuutil.a.p/meson-generated_.._qapi_qapi-commands-accelerator.c.obj
[729/1823] Compiling C object libqemuutil.a.p/meson-generated_.._qapi_qapi-types-acpi.c.obj
[730/1823] Compiling C object libqemuutil.a.p/meson-generated_.._qapi_qapi-types-acpi-hest.c.obj
[731/1823] Compiling C object libqemuutil.a.p/meson-generated_.._qapi_qapi-commands-acpi.c.obj
[732/1823] Compiling C object libqemuutil.a.p/meson-generated_.._qapi_qapi-events-acpi-hest.c.obj
[733/1823] Compiling C object libqemuutil.a.p/meson-generated_.._qapi_qapi-commands-acpi-hest.c.obj
[734/1823] Compiling C object libqemuutil.a.p/meson-generated_.._qapi_qapi-events-audio.c.obj
[735/1823] Compiling C object libqemuutil.a.p/meson-generated_.._qapi_qapi-commands-audio.c.obj
[736/1823] Compiling C object libqemuutil.a.p/meson-generated_.._qapi_qapi-types-cryptodev.c.obj
[737/1823] Compiling C object libqemuutil.a.p/meson-generated_.._qapi_qapi-events-cryptodev.c.obj
[738/1823] Compiling C object libqemuutil.a.p/meson-generated_.._qapi_qapi-types-audio.c.obj
[739/1823] Compiling C object libqemuutil.a.p/meson-generated_.._qapi_qapi-commands-cryptodev.c.obj
[740/1823] Compiling C object libqemuutil.a.p/meson-generated_.._qapi_qapi-visit-audio.c.obj
[741/1823] Compiling C object libqemuutil.a.p/meson-generated_.._qapi_qapi-visit-cryptodev.c.obj
[742/1823] Compiling C object libqemuutil.a.p/meson-generated_.._qapi_qapi-types-qdev.c.obj
[743/1823] Compiling C object libqemuutil.a.p/meson-generated_.._qapi_qapi-commands-qdev.c.obj
[744/1823] Compiling C object libqemuutil.a.p/meson-generated_.._qapi_qapi-commands-pci.c.obj
[745/1823] Compiling C object libqemuutil.a.p/meson-generated_.._qapi_qapi-events-pci.c.obj
[746/1823] Compiling C object libqemuutil.a.p/meson-generated_.._qapi_qapi-types-pci.c.obj
[747/1823] Compiling C object libqemuutil.a.p/meson-generated_.._qapi_qapi-events-qdev.c.obj
[748/1823] Compiling C object libqemuutil.a.p/meson-generated_.._qapi_qapi-visit-qdev.c.obj
[749/1823] Compiling C object libqemuutil.a.p/meson-generated_.._qapi_qapi-events-rocker.c.obj
[750/1823] Compiling C object libqemuutil.a.p/meson-generated_.._qapi_qapi-types-rocker.c.obj
[751/1823] Compiling C object libqemuutil.a.p/meson-generated_.._qapi_qapi-types-misc-arm.c.obj
[752/1823] Compiling C object libqemuutil.a.p/meson-generated_.._qapi_qapi-visit-pci.c.obj
[753/1823] Compiling C object libqemuutil.a.p/meson-generated_.._qapi_qapi-visit-misc-arm.c.obj
[754/1823] Compiling C object libqemuutil.a.p/meson-generated_.._qapi_qapi-commands-misc-arm.c.obj
[755/1823] Compiling C object libqemuutil.a.p/meson-generated_.._qapi_qapi-commands-rocker.c.obj
[756/1823] Compiling C object libqemuutil.a.p/meson-generated_.._qapi_qapi-visit-rocker.c.obj
[757/1823] Compiling C object libqemuutil.a.p/meson-generated_.._qapi_qapi-events-misc-i386.c.obj
[758/1823] Compiling C object libqemuutil.a.p/meson-generated_.._qapi_qapi-types-tpm.c.obj
[759/1823] Compiling C object libqemuutil.a.p/meson-generated_.._qapi_qapi-events-misc-arm.c.obj
[760/1823] Compiling C object libqemuutil.a.p/meson-generated_.._qapi_qapi-visit-tpm.c.obj
[761/1823] Compiling C object libqemuutil.a.p/meson-generated_.._qapi_qapi-types-misc-i386.c.obj
[762/1823] Compiling C object libqemuutil.a.p/meson-generated_.._qapi_qapi-events-tpm.c.obj
[763/1823] Compiling C object libqemuutil.a.p/meson-generated_.._qapi_qapi-visit-misc-i386.c.obj
[764/1823] Compiling C object libqemuutil.a.p/meson-generated_.._qapi_qapi-commands-tpm.c.obj
[765/1823] Compiling C object libqemuutil.a.p/meson-generated_.._qapi_qapi-commands-misc-i386.c.obj
[766/1823] Compiling C object libqemuutil.a.p/meson-generated_.._qapi_qapi-types-uefi.c.obj
[767/1823] Compiling C object libqemuutil.a.p/meson-generated_.._qapi_qapi-visit-uefi.c.obj
[768/1823] Compiling C object libqemuutil.a.p/meson-generated_.._qapi_qapi-events-uefi.c.obj
[769/1823] Compiling C object libqemuutil.a.p/meson-generated_.._qapi_qapi-commands-uefi.c.obj
[770/1823] Compiling C object libqemuutil.a.p/meson-generated_.._trace_trace-crypto.c.obj
[771/1823] Compiling C object libqemuutil.a.p/meson-generated_.._qapi_qapi-events-ui.c.obj
[772/1823] Compiling C object libqemuutil.a.p/meson-generated_.._trace_trace-root.c.obj
[773/1823] Compiling C object libqemuutil.a.p/meson-generated_.._trace_trace-monitor.c.obj
[774/1823] Compiling C object libqemuutil.a.p/meson-generated_.._trace_trace-qom.c.obj
[775/1823] Compiling C object libqemuutil.a.p/meson-generated_.._trace_trace-qapi.c.obj
[776/1823] Compiling C object libqemuutil.a.p/meson-generated_.._trace_trace-block.c.obj
[777/1823] Compiling C object libqemuutil.a.p/meson-generated_.._trace_trace-gdbstub.c.obj
[778/1823] Compiling C object libqemuutil.a.p/meson-generated_.._qapi_qapi-types-ui.c.obj
[779/1823] Compiling C object libqemuutil.a.p/meson-generated_.._qapi_qapi-commands-ui.c.obj
[780/1823] Compiling C object libqemuutil.a.p/meson-generated_.._trace_trace-util.c.obj
[781/1823] Compiling C object libqemuutil.a.p/meson-generated_.._trace_trace-chardev.c.obj
[782/1823] Compiling C object libqemuutil.a.p/meson-generated_.._trace_trace-authz.c.obj
[783/1823] Compiling C object libqemuutil.a.p/meson-generated_.._trace_trace-scsi.c.obj
[784/1823] Compiling C object libqemuutil.a.p/meson-generated_.._trace_trace-accel_kvm.c.obj
[785/1823] Compiling C object libqemuutil.a.p/meson-generated_.._trace_trace-nbd.c.obj
[786/1823] Compiling C object libqemuutil.a.p/meson-generated_.._trace_trace-io.c.obj
[787/1823] Compiling C object libqemuutil.a.p/meson-generated_.._qapi_qapi-visit-ui.c.obj
[788/1823] Compiling C object libqemuutil.a.p/meson-generated_.._trace_trace-accel_hvf.c.obj
[789/1823] Compiling C object libqemuutil.a.p/meson-generated_.._trace_trace-audio.c.obj
[790/1823] Compiling C object libqemuutil.a.p/meson-generated_.._trace_trace-backends.c.obj
[791/1823] Compiling C object libqemuutil.a.p/meson-generated_.._trace_trace-accel_mshv.c.obj
[792/1823] Compiling C object libqemuutil.a.p/meson-generated_.._trace_trace-backends_tpm.c.obj
[793/1823] Compiling C object libqemuutil.a.p/meson-generated_.._trace_trace-hw_9pfs.c.obj
[794/1823] Compiling C object libqemuutil.a.p/meson-generated_.._trace_trace-ebpf.c.obj
[795/1823] Compiling C object libqemuutil.a.p/meson-generated_.._trace_trace-hw_adc.c.obj
[796/1823] Compiling C object libqemuutil.a.p/meson-generated_.._trace_trace-hw_acpi.c.obj
[797/1823] Compiling C object libqemuutil.a.p/meson-generated_.._trace_trace-hw_arm.c.obj
[798/1823] Compiling C object libqemuutil.a.p/meson-generated_.._trace_trace-hw_audio.c.obj
[799/1823] Compiling C object libqemuutil.a.p/meson-generated_.._trace_trace-hw_block.c.obj
[800/1823] Compiling C object libqemuutil.a.p/meson-generated_.._trace_trace-hw_alpha.c.obj
[801/1823] Compiling C object libqemuutil.a.p/meson-generated_.._trace_trace-hw_char.c.obj
[802/1823] Compiling C object libqemuutil.a.p/meson-generated_.._trace_trace-hw_fsi.c.obj
[803/1823] Compiling C object libqemuutil.a.p/meson-generated_.._trace_trace-hw_display.c.obj
[804/1823] Compiling C object libqemuutil.a.p/meson-generated_.._trace_trace-hw_hyperv.c.obj
[805/1823] Compiling C object libqemuutil.a.p/meson-generated_.._trace_trace-hw_dma.c.obj
[806/1823] Compiling C object libqemuutil.a.p/meson-generated_.._trace_trace-hw_i2c.c.obj
[807/1823] Compiling C object libqemuutil.a.p/meson-generated_.._trace_trace-hw_i386.c.obj
[808/1823] Compiling C object libqemuutil.a.p/meson-generated_.._trace_trace-hw_i386_xen.c.obj
[809/1823] Compiling C object libqemuutil.a.p/meson-generated_.._trace_trace-hw_i386_kvm.c.obj
[810/1823] Compiling C object libqemuutil.a.p/meson-generated_.._trace_trace-hw_isa.c.obj
[811/1823] Compiling C object libqemuutil.a.p/meson-generated_.._trace_trace-hw_mips.c.obj
[812/1823] Compiling C object libqemuutil.a.p/meson-generated_.._trace_trace-hw_input.c.obj
[813/1823] Compiling C object libqemuutil.a.p/meson-generated_.._trace_trace-hw_mem.c.obj
[814/1823] Compiling C object libqemuutil.a.p/meson-generated_.._trace_trace-hw_intc.c.obj
[815/1823] Compiling C object libqemuutil.a.p/meson-generated_.._trace_trace-hw_misc_macio.c.obj
[816/1823] Compiling C object libqemuutil.a.p/meson-generated_.._trace_trace-hw_ide.c.obj
[817/1823] Compiling C object libqemuutil.a.p/meson-generated_.._trace_trace-hw_net_can.c.obj
[818/1823] Compiling C object libqemuutil.a.p/meson-generated_.._trace_trace-hw_nvme.c.obj
[819/1823] Compiling C object libqemuutil.a.p/meson-generated_.._trace_trace-hw_misc.c.obj
[820/1823] Compiling C object libqemuutil.a.p/meson-generated_.._trace_trace-hw_net.c.obj
[821/1823] Compiling C object libqemuutil.a.p/meson-generated_.._trace_trace-hw_pci.c.obj
[822/1823] Compiling C object libqemuutil.a.p/meson-generated_.._trace_trace-hw_nvram.c.obj
[823/1823] Compiling C object libqemuutil.a.p/meson-generated_.._trace_trace-hw_riscv.c.obj
[824/1823] Compiling C object libqemuutil.a.p/meson-generated_.._trace_trace-hw_rtc.c.obj
[825/1823] Compiling C object libqemuutil.a.p/meson-generated_.._trace_trace-hw_pci_host.c.obj
[826/1823] Compiling C object libqemuutil.a.p/meson-generated_.._trace_trace-hw_nubus.c.obj
[827/1823] Compiling C object libqemuutil.a.p/meson-generated_.._trace_trace-hw_ppc.c.obj
[828/1823] Compiling C object libqemuutil.a.p/meson-generated_.._trace_trace-hw_s390x.c.obj
[829/1823] Compiling C object libqemuutil.a.p/meson-generated_.._trace_trace-hw_scsi.c.obj
[830/1823] Compiling C object libqemuutil.a.p/meson-generated_.._trace_trace-hw_sh4.c.obj
[831/1823] Compiling C object libqemuutil.a.p/meson-generated_.._trace_trace-hw_sd.c.obj
[832/1823] Compiling C object libqemuutil.a.p/meson-generated_.._trace_trace-hw_sensor.c.obj
[833/1823] Compiling C object libqemuutil.a.p/meson-generated_.._trace_trace-hw_sparc.c.obj
[834/1823] Compiling C object libqemuutil.a.p/meson-generated_.._trace_trace-hw_tpm.c.obj
[835/1823] Compiling C object libqemuutil.a.p/meson-generated_.._trace_trace-hw_sparc64.c.obj
[836/1823] Compiling C object libqemuutil.a.p/meson-generated_.._trace_trace-hw_ssi.c.obj
[837/1823] Compiling C object libqemuutil.a.p/meson-generated_.._trace_trace-hw_timer.c.obj
[838/1823] Compiling C object libqemuutil.a.p/meson-generated_.._trace_trace-hw_vfio.c.obj
[839/1823] Compiling C object libqemuutil.a.p/meson-generated_.._trace_trace-hw_usb.c.obj
[840/1823] Compiling C object libqemuutil.a.p/meson-generated_.._trace_trace-hw_uefi.c.obj
[841/1823] Compiling C object libqemuutil.a.p/meson-generated_.._trace_trace-hw_ufs.c.obj
[842/1823] Compiling C object libqemuutil.a.p/meson-generated_.._trace_trace-hw_virtio.c.obj
[843/1823] Compiling C object libqemuutil.a.p/meson-generated_.._trace_trace-hw_vfio_user.c.obj
[844/1823] Compiling C object libqemuutil.a.p/meson-generated_.._trace_trace-hw_xen.c.obj
[845/1823] Compiling C object libqemuutil.a.p/meson-generated_.._trace_trace-hw_vmapple.c.obj
[846/1823] Compiling C object libqemuutil.a.p/meson-generated_.._trace_trace-ui.c.obj
[847/1823] Compiling C object libqemuutil.a.p/meson-generated_.._trace_trace-net.c.obj
[848/1823] Compiling C object libqemuutil.a.p/meson-generated_.._trace_trace-system.c.obj
[849/1823] Compiling C object libqemuutil.a.p/meson-generated_.._trace_trace-hw_gpio.c.obj
[850/1823] Compiling C object libqemuutil.a.p/meson-generated_.._trace_trace-replay.c.obj
[851/1823] Compiling C object libqemuutil.a.p/meson-generated_.._trace_trace-hw_watchdog.c.obj
[852/1823] Compiling C object libqemuutil.a.p/meson-generated_.._trace_trace-migration.c.obj
[853/1823] Compiling C object libqemuutil.a.p/meson-generated_.._trace_trace-hw_xbox_mcpx_apu_dsp.c.obj
[854/1823] Compiling C object libqemuutil.a.p/meson-generated_.._trace_trace-hw_xbox_nv2a.c.obj
[855/1823] Compiling C object libqemuutil.a.p/meson-generated_.._trace_trace-hw_xbox_mcpx_apu.c.obj
[856/1823] Compiling C object libqemuutil.a.p/meson-generated_.._trace_trace-hw_remote.c.obj
[857/1823] Compiling C object libqemuutil.a.p/meson-generated_.._trace_trace-accel_tcg.c.obj
[858/1823] Compiling C object libqemuutil.a.p/meson-generated_.._trace_trace-hw_xbox_mcpx_nvnet.c.obj
[859/1823] Compiling C object libqemuutil.a.p/meson-generated_.._trace_trace-hw_core.c.obj
[860/1823] Compiling C object libqemuutil.a.p/meson-generated_.._trace_trace-target_hppa.c.obj
[861/1823] Compiling C object libqemuutil.a.p/meson-generated_.._trace_trace-target_i386_kvm.c.obj
[862/1823] Compiling C object libqemuutil.a.p/meson-generated_.._trace_trace-target_loongarch.c.obj
[863/1823] Compiling C object libqemuutil.a.p/meson-generated_.._trace_trace-target_arm.c.obj
[864/1823] Compiling C object libqemuutil.a.p/meson-generated_.._trace_trace-target_arm_hvf.c.obj
[865/1823] Compiling C object libqemuutil.a.p/meson-generated_.._trace_trace-target_riscv.c.obj
[866/1823] Compiling C object libqemuutil.a.p/meson-generated_.._trace_trace-target_i386.c.obj
[867/1823] Compiling C object libqemuutil.a.p/meson-generated_.._trace_trace-target_mips_tcg.c.obj
[868/1823] Compiling C object libqemuutil.a.p/meson-generated_.._trace_trace-target_ppc.c.obj
[869/1823] Compiling C object libqemuutil.a.p/meson-generated_.._trace_trace-target_sparc.c.obj
[870/1823] Compiling C object libqemuutil.a.p/meson-generated_.._trace_trace-target_s390x_kvm.c.obj
[871/1823] Compiling C object libqemuutil.a.p/meson-generated_.._trace_trace-target_s390x.c.obj
[872/1823] Compiling C object libqemuutil.a.p/meson-generated_.._trace_trace-qapi_commands_block_trace_events.c.obj
[873/1823] Compiling C object libqemuutil.a.p/meson-generated_.._trace_trace-qapi_commands_block_core_trace_events.c.obj
[874/1823] Compiling C object libqemuutil.a.p/meson-generated_.._trace_trace-qapi_commands_block_export_trace_events.c.obj
[875/1823] Compiling C object libqemuutil.a.p/meson-generated_.._trace_trace-qapi_commands_common_trace_events.c.obj
[876/1823] Compiling C object libqemuutil.a.p/meson-generated_.._trace_trace-qapi_commands_char_trace_events.c.obj
[877/1823] Compiling C object libqemuutil.a.p/meson-generated_.._trace_trace-qapi_commands_authz_trace_events.c.obj
[878/1823] Compiling C object libqemuutil.a.p/meson-generated_.._trace_trace-qapi_commands_crypto_trace_events.c.obj
[879/1823] Compiling C object libqemuutil.a.p/meson-generated_.._trace_trace-qapi_commands_compat_trace_events.c.obj
[880/1823] Compiling C object libqemuutil.a.p/meson-generated_.._trace_trace-qapi_commands_control_trace_events.c.obj
[881/1823] Compiling C object libqemuutil.a.p/meson-generated_.._trace_trace-qapi_commands_cxl_trace_events.c.obj
[882/1823] Compiling C object libqemuutil.a.p/meson-generated_.._trace_trace-qapi_commands_introspect_trace_events.c.obj
[883/1823] Compiling C object libqemuutil.a.p/meson-generated_.._trace_trace-qapi_commands_error_trace_events.c.obj
[884/1823] Compiling C object libqemuutil.a.p/meson-generated_.._trace_trace-qapi_commands_ebpf_trace_events.c.obj
[885/1823] Compiling C object libqemuutil.a.p/meson-generated_.._trace_trace-qapi_commands_dump_trace_events.c.obj
[886/1823] Compiling C object libqemuutil.a.p/meson-generated_.._trace_trace-qapi_commands_machine_s390x_trace_events.c.obj
[887/1823] Compiling C object libqemuutil.a.p/meson-generated_.._trace_trace-qapi_commands_machine_trace_events.c.obj
[888/1823] Compiling C object libqemuutil.a.p/meson-generated_.._trace_trace-qapi_commands_job_trace_events.c.obj
[889/1823] Compiling C object libqemuutil.a.p/meson-generated_.._trace_trace-qapi_commands_machine_common_trace_events.c.obj
[890/1823] Compiling C object libqemuutil.a.p/meson-generated_.._trace_trace-qapi_commands_migration_trace_events.c.obj
[891/1823] Compiling C object libqemuutil.a.p/meson-generated_.._trace_trace-qapi_commands_net_trace_events.c.obj
[892/1823] Compiling C object libqemuutil.a.p/meson-generated_.._trace_trace-qapi_commands_qom_trace_events.c.obj
[893/1823] Compiling C object libqemuutil.a.p/meson-generated_.._trace_trace-qapi_commands_replay_trace_events.c.obj
[894/1823] Compiling C object libqemuutil.a.p/meson-generated_.._trace_trace-qapi_commands_misc_trace_events.c.obj
[895/1823] Compiling C object libqemuutil.a.p/meson-generated_.._trace_trace-qapi_commands_stats_trace_events.c.obj
[896/1823] Compiling C object libqemuutil.a.p/meson-generated_.._trace_trace-qapi_commands_pragma_trace_events.c.obj
[897/1823] Compiling C object libqemuutil.a.p/meson-generated_.._trace_trace-qapi_commands_trace_trace_events.c.obj
[898/1823] Compiling C object libqemuutil.a.p/meson-generated_.._trace_trace-qapi_commands_sockets_trace_events.c.obj
[899/1823] Compiling C object libqemuutil.a.p/meson-generated_.._trace_trace-qapi_commands_transaction_trace_events.c.obj
[900/1823] Compiling C object libqemuutil.a.p/meson-generated_.._trace_trace-qapi_commands_vfio_trace_events.c.obj
[901/1823] Compiling C object libqemuutil.a.p/meson-generated_.._trace_trace-qapi_commands_run_state_trace_events.c.obj
[902/1823] Compiling C object libqemuutil.a.p/meson-generated_.._trace_trace-qapi_commands_virtio_trace_events.c.obj
[903/1823] Compiling C object libqemuutil.a.p/meson-generated_.._trace_trace-qapi_commands_yank_trace_events.c.obj
[904/1823] Compiling C object libqemuutil.a.p/meson-generated_.._trace_trace-qapi_commands_accelerator_trace_events.c.obj
[905/1823] Compiling C object libqemuutil.a.p/meson-generated_.._trace_trace-qapi_commands_acpi_trace_events.c.obj
[906/1823] Compiling C object libqemuutil.a.p/meson-generated_.._trace_trace-qapi_commands_acpi_hest_trace_events.c.obj
[907/1823] Compiling C object libqemuutil.a.p/meson-generated_.._trace_trace-qapi_commands_cryptodev_trace_events.c.obj
[908/1823] Compiling C object libqemuutil.a.p/meson-generated_.._trace_trace-qapi_commands_audio_trace_events.c.obj
[909/1823] Compiling C object libqemuutil.a.p/meson-generated_.._trace_trace-qapi_commands_qdev_trace_events.c.obj
[910/1823] Compiling C object libqemuutil.a.p/meson-generated_.._trace_trace-qapi_commands_misc_arm_trace_events.c.obj
[911/1823] Compiling C object libqemuutil.a.p/meson-generated_.._trace_trace-qapi_commands_tpm_trace_events.c.obj
[912/1823] Compiling C object libqemuutil.a.p/meson-generated_.._trace_trace-qapi_commands_pci_trace_events.c.obj
[913/1823] Compiling C object libqemuutil.a.p/meson-generated_.._trace_trace-qapi_commands_uefi_trace_events.c.obj
[914/1823] Compiling C object libqemuutil.a.p/meson-generated_.._trace_trace-qapi_commands_rocker_trace_events.c.obj
[915/1823] Compiling C object libqemuutil.a.p/meson-generated_.._trace_trace-qapi_commands_misc_i386_trace_events.c.obj
[916/1823] Compiling C object libqemuutil.a.p/qapi_qapi-util.c.obj
[917/1823] Compiling C object libqemuutil.a.p/qapi_qapi-clone-visitor.c.obj
[918/1823] Compiling C object libqemuutil.a.p/meson-generated_.._trace_trace-qapi_commands_ui_trace_events.c.obj
[919/1823] Compiling C object libqemuutil.a.p/qapi_qapi-dealloc-visitor.c.obj
[920/1823] Compiling C object libqemuutil.a.p/qapi_qapi-forward-visitor.c.obj
[921/1823] Compiling C object libqemuutil.a.p/qapi_string-input-visitor.c.obj
[922/1823] Compiling C object libqemuutil.a.p/qapi_qobject-output-visitor.c.obj
[923/1823] Compiling C object libqemuutil.a.p/qapi_opts-visitor.c.obj
[924/1823] Compiling C object libqemuutil.a.p/qapi_qapi-visit-core.c.obj
[925/1823] Compiling C object libqemuutil.a.p/qapi_qobject-input-visitor.c.obj
[926/1823] Compiling C object libqemuutil.a.p/qapi_qmp-dispatch.c.obj
[927/1823] Compiling C object libqemuutil.a.p/qapi_qapi-type-helpers.c.obj
[928/1823] Compiling C object libqemuutil.a.p/qapi_qmp-event.c.obj
[929/1823] Compiling C object libqemuutil.a.p/qapi_qmp-registry.c.obj
[930/1823] Compiling C object libqemuutil.a.p/qobject_qnull.c.obj
[931/1823] Compiling C object libqemuutil.a.p/qapi_string-output-visitor.c.obj
[932/1823] Compiling C object libqemuutil.a.p/qobject_qstring.c.obj
[933/1823] Compiling C object libqemuutil.a.p/qobject_qlit.c.obj
[934/1823] Compiling C object libqemuutil.a.p/qobject_qnum.c.obj
[935/1823] Compiling C object libqemuutil.a.p/qobject_qobject.c.obj
[936/1823] Compiling C object libqemuutil.a.p/qobject_qbool.c.obj
[937/1823] Compiling C object libqemuutil.a.p/qobject_qjson.c.obj
[938/1823] Compiling C object libqemuutil.a.p/qobject_qlist.c.obj
[939/1823] Compiling C object libqemuutil.a.p/qobject_qdict.c.obj
[940/1823] Compiling C object libqemuutil.a.p/qobject_json-streamer.c.obj
[941/1823] Compiling C object libqemuutil.a.p/qobject_json-writer.c.obj
[942/1823] Compiling C object libqemuutil.a.p/qobject_json-lexer.c.obj
[943/1823] Compiling C object libqemuutil.a.p/qobject_json-parser.c.obj
[944/1823] Compiling C object libqemuutil.a.p/qobject_block-qdict.c.obj
[945/1823] Compiling C object libqemuutil.a.p/util_defer-call.c.obj
[946/1823] Compiling C object libqemuutil.a.p/util_osdep.c.obj
[947/1823] Compiling C object libqemuutil.a.p/util_unicode.c.obj
[948/1823] Compiling C object libqemuutil.a.p/util_qemu-timer-common.c.obj
[949/1823] Compiling C object libqemuutil.a.p/util_thread-context.c.obj
[950/1823] Compiling C object libqemuutil.a.p/util_event_notifier-win32.c.obj
[951/1823] Compiling C object libqemuutil.a.p/util_path.c.obj
[952/1823] Compiling C object libqemuutil.a.p/util_module.c.obj
[953/1823] Compiling C object libqemuutil.a.p/util_cutils.c.obj
[954/1823] Compiling C object libqemuutil.a.p/util_event.c.obj
[955/1823] Compiling C object libqemuutil.a.p/util_qemu-thread-win32.c.obj
[956/1823] Compiling C object libqemuutil.a.p/util_aio-win32.c.obj
[957/1823] Compiling C object libqemuutil.a.p/util_oslib-win32.c.obj
[958/1823] Compiling C object libqemuutil.a.p/util_envlist.c.obj
[959/1823] Compiling C object libqemuutil.a.p/util_host-utils.c.obj
[960/1823] Compiling C object libqemuutil.a.p/util_bitops.c.obj
[961/1823] Compiling C object libqemuutil.a.p/util_error.c.obj
[962/1823] Compiling C object libqemuutil.a.p/util_cacheflush.c.obj
[963/1823] Compiling C object libqemuutil.a.p/util_fifo8.c.obj
[964/1823] Compiling C object libqemuutil.a.p/util_qemu-print.c.obj
[965/1823] Compiling C object libqemuutil.a.p/util_notify.c.obj
[966/1823] Compiling C object libqemuutil.a.p/util_error-report.c.obj
[967/1823] Compiling C object libqemuutil.a.p/util_id.c.obj
[968/1823] Compiling C object libqemuutil.a.p/util_fast-hash.c.obj
[969/1823] Compiling C object libqemuutil.a.p/util_bitmap.c.obj
[970/1823] Compiling C object libqemuutil.a.p/util_qemu-config.c.obj
[971/1823] Compiling C object libqemuutil.a.p/util_qemu-progress.c.obj
[972/1823] Compiling C object libqemuutil.a.p/util_getauxval.c.obj
[973/1823] Compiling C object libqemuutil.a.p/util_crc32c.c.obj
[974/1823] Compiling C object libqemuutil.a.p/util_keyval.c.obj
[975/1823] Compiling C object libqemuutil.a.p/util_range.c.obj
[976/1823] Compiling C object libqemuutil.a.p/util_stats64.c.obj
[977/1823] Compiling C object libqemuutil.a.p/util_qdist.c.obj
[978/1823] Compiling C object libqemuutil.a.p/util_uuid.c.obj
[979/1823] Compiling C object libqemuutil.a.p/util_log.c.obj
[980/1823] Compiling C object libqemuutil.a.p/util_qsp.c.obj
[981/1823] Compiling C object libqemuutil.a.p/util_systemd.c.obj
[982/1823] Compiling C object libqemuutil.a.p/util_qemu-option.c.obj
[983/1823] Compiling C object libqemuutil.a.p/util_transactions.c.obj
[984/1823] Compiling C object libqemuutil.a.p/util_reserved-region.c.obj
In file included from /xemu/include/exec/cpu-common.h:13,
                 from /xemu/include/system/memory.h:17,
                 from /xemu/include/qemu/reserved-region.h:23,
                 from ../util/reserved-region.c:22:
/xemu/include/hw/core/cpu.h:647:17: warning: redundant redeclaration of 'TlsGetValue' [-Wredundant-decls]
  647 | void *__stdcall TlsGetValue(unsigned long);
      |                 ^~~~~~~~~~~
In file included from /usr/local/mxe/usr/x86_64-w64-mingw32.static/include/winbase.h:29,
                 from /usr/local/mxe/usr/x86_64-w64-mingw32.static/include/windows.h:70,
                 from /usr/local/mxe/usr/x86_64-w64-mingw32.static/include/winsock2.h:23,
                 from /xemu/include/system/os-win32.h:29,
                 from /xemu/include/qemu/osdep.h:178,
                 from ../util/reserved-region.c:20:
/usr/local/mxe/usr/x86_64-w64-mingw32.static/include/processthreadsapi.h:323:28: note: previous declaration of 'TlsGetValue' with type 'void *(DWORD)' {aka 'void *(long unsigned int)'}
  323 |   WINBASEAPI LPVOID WINAPI TlsGetValue (DWORD dwTlsIndex);
      |                            ^~~~~~~~~~~
/xemu/include/hw/core/cpu.h:647:17: warning: 'TlsGetValue' redeclared without dllimport attribute: previous dllimport ignored [-Wattributes]
  647 | void *__stdcall TlsGetValue(unsigned long);
      |                 ^~~~~~~~~~~
/xemu/include/hw/core/cpu.h:648:15: warning: redundant redeclaration of 'TlsSetValue' [-Wredundant-decls]
  648 | int __stdcall TlsSetValue(unsigned long, void *);
      |               ^~~~~~~~~~~
/usr/local/mxe/usr/x86_64-w64-mingw32.static/include/processthreadsapi.h:324:29: note: previous declaration of 'TlsSetValue' with type 'WINBOOL(DWORD,  void *)' {aka 'int(long unsigned int,  void *)'}
  324 |   WINBASEAPI WINBOOL WINAPI TlsSetValue (DWORD dwTlsIndex, LPVOID lpTlsValue);
      |                             ^~~~~~~~~~~
/xemu/include/hw/core/cpu.h:648:15: warning: 'TlsSetValue' redeclared without dllimport attribute: previous dllimport ignored [-Wattributes]
  648 | int __stdcall TlsSetValue(unsigned long, void *);
      |               ^~~~~~~~~~~
[985/1823] Compiling C object libqemuutil.a.p/util_rcu.c.obj
[986/1823] Compiling C object libqemuutil.a.p/util_guest-random.c.obj
[987/1823] Compiling C object libqemuutil.a.p/util_qht.c.obj
[988/1823] Compiling C object libqemuutil.a.p/util_memalign.c.obj
[989/1823] Compiling C object libqemuutil.a.p/util_int128.c.obj
[990/1823] Compiling C object libqemuutil.a.p/util_aiocb.c.obj
[991/1823] Compiling C object libqemuutil.a.p/util_crc-ccitt.c.obj
[992/1823] Compiling C object libqemuutil.a.p/util_interval-tree.c.obj
[993/1823] Compiling C object libqemuutil.a.p/util_lockcnt.c.obj
[994/1823] Compiling C object libqemuutil.a.p/util_base64.c.obj
[995/1823] Compiling C object libqemuutil.a.p/util_async.c.obj
[996/1823] Compiling C object libqemuutil.a.p/util_qemu-coroutine.c.obj
[997/1823] Compiling C object libqemuutil.a.p/util_main-loop.c.obj
[998/1823] Compiling C object libqemuutil.a.p/util_qemu-coroutine-io.c.obj
[999/1823] Compiling C object libqemuutil.a.p/util_rc4.c.obj
[1000/1823] Compiling C object libqemuutil.a.p/util_coroutine-windows.c.obj
[1001/1823] Compiling C object libqemuutil.a.p/util_aio-wait.c.obj
[1002/1823] Compiling C object libqemuutil.a.p/util_bufferiszero.c.obj
[1003/1823] Compiling C object libqemuutil.a.p/util_qemu-coroutine-lock.c.obj
[1004/1823] Compiling C object libqemuutil.a.p/util_buffer.c.obj
[1005/1823] Compiling C object libqemuutil.a.p/util_hexdump.c.obj
[1006/1823] Compiling C object libqemuutil.a.p/util_thread-pool.c.obj
[1007/1823] Compiling C object libqemuutil.a.p/util_iova-tree.c.obj
In file included from /xemu/include/exec/cpu-common.h:13,
                 from /xemu/include/system/memory.h:17,
                 from /xemu/include/qemu/iova-tree.h:26,
                 from ../util/iova-tree.c:13:
/xemu/include/hw/core/cpu.h:647:17: warning: redundant redeclaration of 'TlsGetValue' [-Wredundant-decls]
  647 | void *__stdcall TlsGetValue(unsigned long);
      |                 ^~~~~~~~~~~
In file included from /usr/local/mxe/usr/x86_64-w64-mingw32.static/include/winbase.h:29,
                 from /usr/local/mxe/usr/x86_64-w64-mingw32.static/include/windows.h:70,
                 from /usr/local/mxe/usr/x86_64-w64-mingw32.static/include/winsock2.h:23,
                 from /xemu/include/system/os-win32.h:29,
                 from /xemu/include/qemu/osdep.h:178,
                 from ../util/iova-tree.c:12:
/usr/local/mxe/usr/x86_64-w64-mingw32.static/include/processthreadsapi.h:323:28: note: previous declaration of 'TlsGetValue' with type 'void *(DWORD)' {aka 'void *(long unsigned int)'}
  323 |   WINBASEAPI LPVOID WINAPI TlsGetValue (DWORD dwTlsIndex);
      |                            ^~~~~~~~~~~
/xemu/include/hw/core/cpu.h:647:17: warning: 'TlsGetValue' redeclared without dllimport attribute: previous dllimport ignored [-Wattributes]
  647 | void *__stdcall TlsGetValue(unsigned long);
      |                 ^~~~~~~~~~~
/xemu/include/hw/core/cpu.h:648:15: warning: redundant redeclaration of 'TlsSetValue' [-Wredundant-decls]
  648 | int __stdcall TlsSetValue(unsigned long, void *);
      |               ^~~~~~~~~~~
/usr/local/mxe/usr/x86_64-w64-mingw32.static/include/processthreadsapi.h:324:29: note: previous declaration of 'TlsSetValue' with type 'WINBOOL(DWORD,  void *)' {aka 'int(long unsigned int,  void *)'}
  324 |   WINBASEAPI WINBOOL WINAPI TlsSetValue (DWORD dwTlsIndex, LPVOID lpTlsValue);
      |                             ^~~~~~~~~~~
/xemu/include/hw/core/cpu.h:648:15: warning: 'TlsSetValue' redeclared without dllimport attribute: previous dllimport ignored [-Wattributes]
  648 | int __stdcall TlsSetValue(unsigned long, void *);
      |               ^~~~~~~~~~~
[1008/1823] Compiling C object libqemuutil.a.p/util_qemu-co-shared-resource.c.obj
[1009/1823] Compiling C object libqemuutil.a.p/util_nvdimm-utils.c.obj
In file included from /xemu/include/exec/cpu-common.h:13,
                 from /xemu/include/system/memory.h:17,
                 from /xemu/include/hw/mem/pc-dimm.h:19,
                 from /xemu/include/hw/mem/nvdimm.h:26,
                 from ../util/nvdimm-utils.c:3:
/xemu/include/hw/core/cpu.h:647:17: warning: redundant redeclaration of 'TlsGetValue' [-Wredundant-decls]
  647 | void *__stdcall TlsGetValue(unsigned long);
      |                 ^~~~~~~~~~~
In file included from /usr/local/mxe/usr/x86_64-w64-mingw32.static/include/winbase.h:29,
                 from /usr/local/mxe/usr/x86_64-w64-mingw32.static/include/windows.h:70,
                 from /usr/local/mxe/usr/x86_64-w64-mingw32.static/include/winsock2.h:23,
                 from /xemu/include/system/os-win32.h:29,
                 from /xemu/include/qemu/osdep.h:178,
                 from ../util/nvdimm-utils.c:1:
/usr/local/mxe/usr/x86_64-w64-mingw32.static/include/processthreadsapi.h:323:28: note: previous declaration of 'TlsGetValue' with type 'void *(DWORD)' {aka 'void *(long unsigned int)'}
  323 |   WINBASEAPI LPVOID WINAPI TlsGetValue (DWORD dwTlsIndex);
      |                            ^~~~~~~~~~~
/xemu/include/hw/core/cpu.h:647:17: warning: 'TlsGetValue' redeclared without dllimport attribute: previous dllimport ignored [-Wattributes]
  647 | void *__stdcall TlsGetValue(unsigned long);
      |                 ^~~~~~~~~~~
/xemu/include/hw/core/cpu.h:648:15: warning: redundant redeclaration of 'TlsSetValue' [-Wredundant-decls]
  648 | int __stdcall TlsSetValue(unsigned long, void *);
      |               ^~~~~~~~~~~
/usr/local/mxe/usr/x86_64-w64-mingw32.static/include/processthreadsapi.h:324:29: note: previous declaration of 'TlsSetValue' with type 'WINBOOL(DWORD,  void *)' {aka 'int(long unsigned int,  void *)'}
  324 |   WINBASEAPI WINBOOL WINAPI TlsSetValue (DWORD dwTlsIndex, LPVOID lpTlsValue);
      |                             ^~~~~~~~~~~
/xemu/include/hw/core/cpu.h:648:15: warning: 'TlsSetValue' redeclared without dllimport attribute: previous dllimport ignored [-Wattributes]
  648 | int __stdcall TlsSetValue(unsigned long, void *);
      |               ^~~~~~~~~~~
[1010/1823] Compiling C object libqemuutil.a.p/util_block-helpers.c.obj
[1011/1823] Compiling C object libqemuutil.a.p/util_qemu-coroutine-sleep.c.obj
[1012/1823] Compiling C object libqemuutil.a.p/util_hbitmap.c.obj
[1013/1823] Compiling C object libqemuutil.a.p/util_qemu-co-timeout.c.obj
[1014/1823] Compiling C object libqemuutil.a.p/util_qemu-timer.c.obj
[1015/1823] Compiling C object libqemuutil.a.p/util_filemonitor-stub.c.obj
[1016/1823] Compiling C object libqemuutil.a.p/util_qemu-sockets.c.obj
[1017/1823] Compiling C object libqemuutil.a.p/util_iov.c.obj
[1018/1823] Compiling C object libqemuutil.a.p/util_timed-average.c.obj
[1019/1823] Compiling C object libqemuutil.a.p/util_throttle.c.obj
[1020/1823] Compiling C object libqemuutil.a.p/util_readline.c.obj
[1021/1823] Compiling C object libqemuutil.a.p/util_cpuinfo-i386.c.obj
[1022/1823] Compiling C object libqemuutil.a.p/util_yank.c.obj
[1023/1823] Compiling C object libqemuutil.a.p/util_sha1.c.obj
[1024/1823] Compiling C object libqemuutil.a.p/crypto_sm4.c.obj
[1025/1823] Compiling C object libqemuutil.a.p/crypto_clmul.c.obj
[1026/1823] Compiling C object libqemuutil.a.p/crypto_init.c.obj
[1027/1823] Compiling C object libqemuutil.a.p/crypto_random-platform.c.obj
[1028/1823] Compiling C object libqemuutil.a.p/stubs_cpu-get-clock.c.obj
[1029/1823] Compiling C object libqemuutil.a.p/trace_control.c.obj
[1030/1823] Compiling C object libqemuutil.a.p/util_http.c.obj
[1031/1823] Compiling C object libqemuutil.a.p/stubs_iothread-lock.c.obj
[1032/1823] Compiling C object libqemuutil.a.p/stubs_error-printf.c.obj
[1033/1823] Compiling C object libqemuutil.a.p/stubs_replay-mode.c.obj
[1034/1823] Compiling C object libqemuutil.a.p/stubs_is-daemonized.c.obj
[1035/1823] Compiling C object libqemuutil.a.p/stubs_fdset.c.obj
[1036/1823] Compiling C object libqemuutil.a.p/crypto_aes.c.obj
[1037/1823] Compiling C object libqemuutil.a.p/trace_qmp.c.obj
[1038/1823] Compiling C object libqemuutil.a.p/stubs_trace-control.c.obj
[1039/1823] Compiling C object libqemuutil.a.p/stubs_monitor-core.c.obj
[1040/1823] Compiling C object libqemuutil.a.p/stubs_blk-commit-all.c.obj
[1041/1823] Compiling C object libqemuutil.a.p/stubs_blk-exp-close-all.c.obj
[1042/1823] Compiling C object libqemuutil.a.p/stubs_get-vm-name.c.obj
[1043/1823] Compiling C object libqemuutil.a.p/stubs_change-state-handler.c.obj
[1044/1823] Compiling C object libqemuutil.a.p/stubs_bdrv-next-monitor-owned.c.obj
[1045/1823] Compiling C object libqemuutil.a.p/stubs_blockdev-close-all-bdrv-states.c.obj
[1046/1823] Compiling C object libqemuutil.a.p/stubs_migr-blocker.c.obj
[1047/1823] Compiling C object libqemuutil.a.p/stubs_iothread-lock-block.c.obj
[1048/1823] Compiling C object libqemuutil.a.p/stubs_physmem.c.obj
In file included from /xemu/include/exec/cpu-common.h:13,
                 from ../stubs/physmem.c:2:
/xemu/include/hw/core/cpu.h:647:17: warning: redundant redeclaration of 'TlsGetValue' [-Wredundant-decls]
  647 | void *__stdcall TlsGetValue(unsigned long);
      |                 ^~~~~~~~~~~
In file included from /usr/local/mxe/usr/x86_64-w64-mingw32.static/include/winbase.h:29,
                 from /usr/local/mxe/usr/x86_64-w64-mingw32.static/include/windows.h:70,
                 from /usr/local/mxe/usr/x86_64-w64-mingw32.static/include/winsock2.h:23,
                 from /xemu/include/system/os-win32.h:29,
                 from /xemu/include/qemu/osdep.h:178,
                 from ../stubs/physmem.c:1:
/usr/local/mxe/usr/x86_64-w64-mingw32.static/include/processthreadsapi.h:323:28: note: previous declaration of 'TlsGetValue' with type 'void *(DWORD)' {aka 'void *(long unsigned int)'}
  323 |   WINBASEAPI LPVOID WINAPI TlsGetValue (DWORD dwTlsIndex);
      |                            ^~~~~~~~~~~
/xemu/include/hw/core/cpu.h:647:17: warning: 'TlsGetValue' redeclared without dllimport attribute: previous dllimport ignored [-Wattributes]
  647 | void *__stdcall TlsGetValue(unsigned long);
      |                 ^~~~~~~~~~~
/xemu/include/hw/core/cpu.h:648:15: warning: redundant redeclaration of 'TlsSetValue' [-Wredundant-decls]
  648 | int __stdcall TlsSetValue(unsigned long, void *);
      |               ^~~~~~~~~~~
/usr/local/mxe/usr/x86_64-w64-mingw32.static/include/processthreadsapi.h:324:29: note: previous declaration of 'TlsSetValue' with type 'WINBOOL(DWORD,  void *)' {aka 'int(long unsigned int,  void *)'}
  324 |   WINBASEAPI WINBOOL WINAPI TlsSetValue (DWORD dwTlsIndex, LPVOID lpTlsValue);
      |                             ^~~~~~~~~~~
/xemu/include/hw/core/cpu.h:648:15: warning: 'TlsSetValue' redeclared without dllimport attribute: previous dllimport ignored [-Wattributes]
  648 | int __stdcall TlsSetValue(unsigned long, void *);
      |               ^~~~~~~~~~~
[1049/1823] Compiling C object libqemuutil.a.p/util_miniz_miniz.c.obj
../util/miniz/miniz.c: In function 'tdefl_compressor_alloc':
../util/miniz/miniz.c:2190:19: warning: old-style function definition [-Wold-style-definition]
 2190 | tdefl_compressor *tdefl_compressor_alloc()
      |                   ^~~~~~~~~~~~~~~~~~~~~~
../util/miniz/miniz.c: In function 'tinfl_decompressor_alloc':
../util/miniz/miniz.c:2931:21: warning: old-style function definition [-Wold-style-definition]
 2931 | tinfl_decompressor *tinfl_decompressor_alloc()
      |                     ^~~~~~~~~~~~~~~~~~~~~~~~
[1050/1823] Compiling C object libqemuutil.a.p/stubs_ram-block.c.obj
In file included from /xemu/include/exec/cpu-common.h:13,
                 from ../stubs/ram-block.c:3:
/xemu/include/hw/core/cpu.h:647:17: warning: redundant redeclaration of 'TlsGetValue' [-Wredundant-decls]
  647 | void *__stdcall TlsGetValue(unsigned long);
      |                 ^~~~~~~~~~~
In file included from /usr/local/mxe/usr/x86_64-w64-mingw32.static/include/winbase.h:29,
                 from /usr/local/mxe/usr/x86_64-w64-mingw32.static/include/windows.h:70,
                 from /usr/local/mxe/usr/x86_64-w64-mingw32.static/include/winsock2.h:23,
                 from /xemu/include/system/os-win32.h:29,
                 from /xemu/include/qemu/osdep.h:178,
                 from ../stubs/ram-block.c:1:
/usr/local/mxe/usr/x86_64-w64-mingw32.static/include/processthreadsapi.h:323:28: note: previous declaration of 'TlsGetValue' with type 'void *(DWORD)' {aka 'void *(long unsigned int)'}
  323 |   WINBASEAPI LPVOID WINAPI TlsGetValue (DWORD dwTlsIndex);
      |                            ^~~~~~~~~~~
/xemu/include/hw/core/cpu.h:647:17: warning: 'TlsGetValue' redeclared without dllimport attribute: previous dllimport ignored [-Wattributes]
  647 | void *__stdcall TlsGetValue(unsigned long);
      |                 ^~~~~~~~~~~
/xemu/include/hw/core/cpu.h:648:15: warning: redundant redeclaration of 'TlsSetValue' [-Wredundant-decls]
  648 | int __stdcall TlsSetValue(unsigned long, void *);
      |               ^~~~~~~~~~~
/usr/local/mxe/usr/x86_64-w64-mingw32.static/include/processthreadsapi.h:324:29: note: previous declaration of 'TlsSetValue' with type 'WINBOOL(DWORD,  void *)' {aka 'int(long unsigned int,  void *)'}
  324 |   WINBASEAPI WINBOOL WINAPI TlsSetValue (DWORD dwTlsIndex, LPVOID lpTlsValue);
      |                             ^~~~~~~~~~~
/xemu/include/hw/core/cpu.h:648:15: warning: 'TlsSetValue' redeclared without dllimport attribute: previous dllimport ignored [-Wattributes]
  648 | int __stdcall TlsSetValue(unsigned long, void *);
      |               ^~~~~~~~~~~
[1051/1823] Compiling C object libqemuutil.a.p/stubs_icount.c.obj
[1052/1823] Compiling C object libqemuutil.a.p/stubs_runstate-check.c.obj
[1053/1823] Compiling C object libqemuutil.a.p/stubs_graph-lock.c.obj
[1054/1823] Compiling C object libqemuutil.a.p/stubs_replay-tools.c.obj
[1055/1823] Compiling C object libqemuutil.a.p/stubs_uuid.c.obj
[1056/1823] Compiling C object libqemuutil.a.p/stubs_vm-stop.c.obj
[1057/1823] Compiling C object libqemuutil.a.p/stubs_qemu-timer-notify-cb.c.obj
[1058/1823] Compiling C object libqemuutil.a.p/stubs_qmp-quit.c.obj
[1059/1823] Compiling C object libqemuutil.a.p/stubs_monitor-internal.c.obj
[1060/1823] Compiling C object libqemuutil.a.p/stubs_cpus-virtual-clock.c.obj
[1061/1823] Compiling C object libqemuutil.a.p/stubs_qmp-command-available.c.obj
[1062/1823] Compiling C object libqemuutil.a.p/stubs_qtest.c.obj
[1063/1823] Compiling C object libqemuutil.a.p/stubs_vmstate.c.obj
[1064/1823] Compiling C object libqemuutil.a.p/stubs_dump.c.obj
[1065/1823] Compiling C object libqemuutil.a.p/stubs_igvm.c.obj
[1066/1823] Compiling C object libqemuutil.a.p/stubs_target-monitor-defs.c.obj
[1067/1823] Compiling C object libqemuutil.a.p/stubs_fw_cfg.c.obj
In file included from /xemu/include/exec/cpu-common.h:13,
                 from /xemu/include/system/memory.h:17,
                 from /xemu/include/hw/sysbus.h:7,
                 from /xemu/include/hw/nvram/fw_cfg.h:6,
                 from ../stubs/fw_cfg.c:16:
/xemu/include/hw/core/cpu.h:647:17: warning: redundant redeclaration of 'TlsGetValue' [-Wredundant-decls]
  647 | void *__stdcall TlsGetValue(unsigned long);
      |                 ^~~~~~~~~~~
In file included from /usr/local/mxe/usr/x86_64-w64-mingw32.static/include/winbase.h:29,
                 from /usr/local/mxe/usr/x86_64-w64-mingw32.static/include/windows.h:70,
                 from /usr/local/mxe/usr/x86_64-w64-mingw32.static/include/winsock2.h:23,
                 from /xemu/include/system/os-win32.h:29,
                 from /xemu/include/qemu/osdep.h:178,
                 from ../stubs/fw_cfg.c:15:
/usr/local/mxe/usr/x86_64-w64-mingw32.static/include/processthreadsapi.h:323:28: note: previous declaration of 'TlsGetValue' with type 'void *(DWORD)' {aka 'void *(long unsigned int)'}
  323 |   WINBASEAPI LPVOID WINAPI TlsGetValue (DWORD dwTlsIndex);
      |                            ^~~~~~~~~~~
/xemu/include/hw/core/cpu.h:647:17: warning: 'TlsGetValue' redeclared without dllimport attribute: previous dllimport ignored [-Wattributes]
  647 | void *__stdcall TlsGetValue(unsigned long);
      |                 ^~~~~~~~~~~
/xemu/include/hw/core/cpu.h:648:15: warning: redundant redeclaration of 'TlsSetValue' [-Wredundant-decls]
  648 | int __stdcall TlsSetValue(unsigned long, void *);
      |               ^~~~~~~~~~~
/usr/local/mxe/usr/x86_64-w64-mingw32.static/include/processthreadsapi.h:324:29: note: previous declaration of 'TlsSetValue' with type 'WINBOOL(DWORD,  void *)' {aka 'int(long unsigned int,  void *)'}
  324 |   WINBASEAPI WINBOOL WINAPI TlsSetValue (DWORD dwTlsIndex, LPVOID lpTlsValue);
      |                             ^~~~~~~~~~~
/xemu/include/hw/core/cpu.h:648:15: warning: 'TlsSetValue' redeclared without dllimport attribute: previous dllimport ignored [-Wattributes]
  648 | int __stdcall TlsSetValue(unsigned long, void *);
      |               ^~~~~~~~~~~
[1068/1823] Compiling C object libqemuutil.a.p/stubs_target-get-monitor-def.c.obj
[1069/1823] Compiling C object libqemuutil.a.p/stubs_cmos.c.obj
[1070/1823] Compiling C object libqemuutil.a.p/stubs_monitor-arm-gic.c.obj
[1071/1823] Compiling C object libqemuutil.a.p/stubs_monitor-i386-rtc.c.obj
[1072/1823] Compiling C object libqemuutil.a.p/stubs_monitor-i386-sev.c.obj
[1073/1823] Compiling C object libqemuutil.a.p/stubs_win32-kbd-hook.c.obj
[1074/1823] Compiling C object libqemuutil.a.p/stubs_monitor-i386-xen.c.obj
[1075/1823] Compiling C object libqemuutil.a.p/stubs_monitor-i386-sgx.c.obj
[1076/1823] Compiling C object libqemuutil.a.p/stubs_xen-hw-stub.c.obj
In file included from /xemu/include/exec/cpu-common.h:13,
                 from /xemu/include/system/memory.h:17,
                 from /xemu/include/hw/boards.h:6,
                 from /xemu/include/hw/i386/pc.h:7,
                 from /xemu/include/hw/xen/xen-x86.h:11,
                 from ../stubs/xen-hw-stub.c:11:
/xemu/include/hw/core/cpu.h:647:17: warning: redundant redeclaration of 'TlsGetValue' [-Wredundant-decls]
  647 | void *__stdcall TlsGetValue(unsigned long);
      |                 ^~~~~~~~~~~
In file included from /usr/local/mxe/usr/x86_64-w64-mingw32.static/include/winbase.h:29,
                 from /usr/local/mxe/usr/x86_64-w64-mingw32.static/include/windows.h:70,
                 from /usr/local/mxe/usr/x86_64-w64-mingw32.static/include/winsock2.h:23,
                 from /xemu/include/system/os-win32.h:29,
                 from /xemu/include/qemu/osdep.h:178,
                 from ../stubs/xen-hw-stub.c:9:
/usr/local/mxe/usr/x86_64-w64-mingw32.static/include/processthreadsapi.h:323:28: note: previous declaration of 'TlsGetValue' with type 'void *(DWORD)' {aka 'void *(long unsigned int)'}
  323 |   WINBASEAPI LPVOID WINAPI TlsGetValue (DWORD dwTlsIndex);
      |                            ^~~~~~~~~~~
/xemu/include/hw/core/cpu.h:647:17: warning: 'TlsGetValue' redeclared without dllimport attribute: previous dllimport ignored [-Wattributes]
  647 | void *__stdcall TlsGetValue(unsigned long);
      |                 ^~~~~~~~~~~
/xemu/include/hw/core/cpu.h:648:15: warning: redundant redeclaration of 'TlsSetValue' [-Wredundant-decls]
  648 | int __stdcall TlsSetValue(unsigned long, void *);
      |               ^~~~~~~~~~~
/usr/local/mxe/usr/x86_64-w64-mingw32.static/include/processthreadsapi.h:324:29: note: previous declaration of 'TlsSetValue' with type 'WINBOOL(DWORD,  void *)' {aka 'int(long unsigned int,  void *)'}
  324 |   WINBASEAPI WINBOOL WINAPI TlsSetValue (DWORD dwTlsIndex, LPVOID lpTlsValue);
      |                             ^~~~~~~~~~~
/xemu/include/hw/core/cpu.h:648:15: warning: 'TlsSetValue' redeclared without dllimport attribute: previous dllimport ignored [-Wattributes]
  648 | int __stdcall TlsSetValue(unsigned long, void *);
      |               ^~~~~~~~~~~
[1077/1823] Compiling C object libqemuutil.a.p/stubs_monitor-cpu.c.obj
[1078/1823] Compiling C object libqemuutil.a.p/stubs_monitor-cpu-s390x.c.obj
[1079/1823] Compiling C object libqemuutil.a.p/stubs_monitor-cpu-s390x-kvm.c.obj
[1080/1823] Compiling C object libqemuutil.a.p/stubs_gdbstub.c.obj
[1081/1823] Compiling C object libqemuutil.a.p/stubs_hotplug-stubs.c.obj
[1082/1823] Compiling C object libqemuutil.a.p/stubs_replay.c.obj
[1083/1823] Compiling C object libqemuutil.a.p/stubs_sysbus.c.obj
[1084/1823] Compiling C++ object subprojects/glslang/libglslang.a.p/glslang_MachineIndependent_PoolAlloc.cpp.obj
[1085/1823] Compiling C++ object subprojects/glslang/libglslang.a.p/glslang_MachineIndependent_InfoSink.cpp.obj
[1086/1823] Compiling C++ object subprojects/glslang/libglslang.a.p/glslang_OSDependent_Windows_ossource.cpp.obj
[1087/1823] Compiling C++ object subprojects/glslang/libglslang.a.p/glslang_MachineIndependent_RemoveTree.cpp.obj
[1088/1823] Compiling C++ object subprojects/glslang/libglslang.a.p/glslang_MachineIndependent_IntermTraverse.cpp.obj
[1089/1823] Compiling C++ object subprojects/glslang/libglslang.a.p/glslang_MachineIndependent_attribute.cpp.obj
[1090/1823] Compiling C++ object subprojects/glslang/libglslang.a.p/glslang_MachineIndependent_limits.cpp.obj
[1091/1823] Compiling C++ object subprojects/glslang/libglslang.a.p/SPIRV_Logger.cpp.obj
[1092/1823] Compiling C++ object subprojects/glslang/libglslang.a.p/SPIRV_InReadableOrder.cpp.obj
[1093/1823] Compiling C++ object subprojects/glslang/libglslang.a.p/SPIRV_SpvTools.cpp.obj
[1094/1823] Compiling C++ object subprojects/glslang/libglslang.a.p/glslang_MachineIndependent_parseConst.cpp.obj
[1095/1823] Compiling C++ object subprojects/glslang/libglslang.a.p/glslang_MachineIndependent_preprocessor_PpAtom.cpp.obj
[1096/1823] Compiling C++ object subprojects/glslang/libglslang.a.p/SPIRV_CInterface_spirv_c_interface.cpp.obj
[1097/1823] Compiling C++ object subprojects/glslang/libglslang.a.p/glslang_MachineIndependent_preprocessor_PpContext.cpp.obj
In file included from ../subprojects/glslang/glslang/MachineIndependent/preprocessor/PpContext.cpp:83:
In member function 'virtual void glslang::TPpContext::TokenizableIncludeFile::notifyActivated()',
    inlined from 'void glslang::TPpContext::pushInput(tInput*)' at ../subprojects/glslang/glslang/MachineIndependent/preprocessor/PpContext.h:234:28,
    inlined from 'void glslang::TPpContext::setInput(glslang::TInputScanner&, bool)' at ../subprojects/glslang/glslang/MachineIndependent/preprocessor/PpContext.cpp:115:14:
../subprojects/glslang/glslang/MachineIndependent/preprocessor/PpContext.h:681:25: warning: array subscript 'glslang::TPpContext::TokenizableIncludeFile[0]' is partly outside array bounds of 'unsigned char [32]' [-Warray-bounds=]
  681 |             prevScanner = pp->parseContext.getScanner();
      |             ~~~~~~~~~~~~^~~~~~~~~~~~~~~~~~~~~~~~~~~~~~~
../subprojects/glslang/glslang/MachineIndependent/preprocessor/PpContext.cpp: In member function 'void glslang::TPpContext::setInput(glslang::TInputScanner&, bool)':
../subprojects/glslang/glslang/MachineIndependent/preprocessor/PpContext.cpp:115:43: note: object of size 32 allocated by 'operator new'
  115 |     pushInput(new tStringInput(this, input));
      |                                           ^
In member function 'virtual void glslang::TPpContext::TokenizableIncludeFile::notifyActivated()',
    inlined from 'void glslang::TPpContext::pushInput(tInput*)' at ../subprojects/glslang/glslang/MachineIndependent/preprocessor/PpContext.h:234:28,
    inlined from 'void glslang::TPpContext::setInput(glslang::TInputScanner&, bool)' at ../subprojects/glslang/glslang/MachineIndependent/preprocessor/PpContext.cpp:115:14:
../subprojects/glslang/glslang/MachineIndependent/preprocessor/PpContext.h:683:29: warning: array subscript 'glslang::TPpContext::TokenizableIncludeFile[0]' is partly outside array bounds of 'unsigned char [32]' [-Warray-bounds=]
  683 |             pp->push_include(includedFile_);
      |             ~~~~~~~~~~~~~~~~^~~~~~~~~~~~~~~
../subprojects/glslang/glslang/MachineIndependent/preprocessor/PpContext.cpp: In member function 'void glslang::TPpContext::setInput(glslang::TInputScanner&, bool)':
../subprojects/glslang/glslang/MachineIndependent/preprocessor/PpContext.cpp:115:43: note: object of size 32 allocated by 'operator new'
  115 |     pushInput(new tStringInput(this, input));
      |                                           ^
[1098/1823] Compiling C++ object subprojects/glslang/libMachineIndependent.a.p/glslang_stub.cpp.obj
[1099/1823] Compiling C++ object subprojects/glslang/libglslang.a.p/glslang_MachineIndependent_preprocessor_PpTokens.cpp.obj
[1100/1823] Compiling C++ object subprojects/glslang/libSPIRV.a.p/glslang_stub.cpp.obj
[1101/1823] Compiling C++ object subprojects/glslang/libglslang.a.p/glslang_MachineIndependent_Scan.cpp.obj
[1102/1823] Compiling C++ object subprojects/glslang/libglslang.a.p/glslang_MachineIndependent_intermOut.cpp.obj
[1103/1823] Compiling C object data/libpdata.fa.p/meson-generated_.._controller_mask.png.c.obj
[1104/1823] Compiling C object data/libpdata.fa.p/meson-generated_.._controller_mask_s.png.c.obj
[1105/1823] Compiling C object data/libpdata.fa.p/meson-generated_.._xmu_mask.png.c.obj
[1106/1823] Compiling C object data/libpdata.fa.p/meson-generated_.._logo_sdf.png.c.obj
[1107/1823] Compiling C++ object subprojects/glslang/libglslang.a.p/glslang_MachineIndependent_preprocessor_PpScanner.cpp.obj
[1108/1823] Compiling C object data/libpdata.fa.p/meson-generated_.._xemu_64x64.png.c.obj
[1109/1823] Compiling C object data/libpdata.fa.p/meson-generated_.._abxy.ttf.c.obj
[1110/1823] Compiling C object data/libpdata.fa.p/meson-generated_.._RobotoCondensed-Regular.ttf.c.obj
[1111/1823] Compiling C object data/libpdata.fa.p/meson-generated_.._Roboto-Medium.ttf.c.obj
[1112/1823] Compiling C object data/libpdata.fa.p/meson-generated_.._font_awesome_6_1_1_solid.min.otf.c.obj
[1113/1823] Compiling C object subprojects/volk/libvolk.a.p/volk.c.obj
[1114/1823] Compiling C++ object subprojects/glslang/libglslang.a.p/glslang_MachineIndependent_Constant.cpp.obj
[1115/1823] Compiling C object subprojects/nv2a_vsh_cpu/libnv2a_vsh_disassembler.a.p/src_nv2a_vsh_disassembler.c.obj
[1116/1823] Compiling C object subprojects/nv2a_vsh_cpu/libnv2a_vsh_emulator.a.p/src_nv2a_vsh_emulator_execution_state.c.obj
[1117/1823] Compiling C object subprojects/nv2a_vsh_cpu/libnv2a_vsh_emulator.a.p/src_nv2a_vsh_emulator.c.obj
[1118/1823] Compiling C object subprojects/xxHash-0.8.3/libxxhash.a.p/xxhash.c.obj
[1119/1823] Compiling C object subprojects/nv2a_vsh_cpu/libnv2a_vsh_cpu.a.p/src_nv2a_vsh_cpu.c.obj
[1120/1823] Compiling C object hw/xbox/nv2a/pgraph/thirdparty/liblibgloffscreen.a.p/gloffscreen_gloffscreen_libretro_posix.c.obj
[1121/1823] Generating block/module_block.h with a custom command
[1122/1823] Generating block/block-gen.c with a custom command
[1123/1823] Linking static target libqemuutil.a
[1124/1823] Compiling Windows resource version.rc
FAILED: [code=1] version.rc_version.o 
/usr/local/mxe/usr/bin/x86_64-w64-mingw32.static-windres -I./ -I/xemu/. -I/xemu/build/. ../version.rc version.rc_version.o --preprocessor-arg=-MD --preprocessor-arg=-MQversion.rc_version.o --preprocessor-arg=-MFversion.rc_version.o.d
/usr/local/mxe/usr/bin/x86_64-w64-mingw32.static-windres: ../version.rc:6: syntax error
[1125/1823] Compiling C++ object subprojects/glslang/libglslang.a.p/SPIRV_doc.cpp.obj
[1126/1823] Generating i386-softmmu-gdbstub-xml.c with a custom command (wrapped by meson to capture output)
[1127/1823] Generating 'libcommon.a.p/decode-insns.c.inc'
[1128/1823] Compiling C object hw/xbox/nv2a/pgraph/thirdparty/liblibgloffscreen.a.p/gloffscreen_common.c.obj
[1129/1823] Compiling C++ object subprojects/glslang/libglslang.a.p/glslang_MachineIndependent_propagateNoContraction.cpp.obj
[1130/1823] Compiling C++ object subprojects/glslang/libglslang.a.p/glslang_MachineIndependent_Versions.cpp.obj
[1131/1823] Compiling C++ object subprojects/glslang/libglslang.a.p/SPIRV_disassemble.cpp.obj
[1132/1823] Compiling C++ object subprojects/glslang/libglslang.a.p/glslang_MachineIndependent_SpirvIntrinsics.cpp.obj
[1133/1823] Compiling C++ object subprojects/glslang/libglslang.a.p/glslang_MachineIndependent_preprocessor_Pp.cpp.obj
[1134/1823] Compiling C object hw/xbox/nv2a/pgraph/thirdparty/liblibgloffscreen.a.p/gloffscreen_gloffscreen_libretro.c.obj
[1135/1823] Compiling C++ object subprojects/glslang/libglslang.a.p/SPIRV_SpvPostProcess.cpp.obj
[1136/1823] Compiling C++ object subprojects/glslang/libglslang.a.p/glslang_MachineIndependent_ParseContextBase.cpp.obj
[1137/1823] Compiling C++ object subprojects/glslang/libglslang.a.p/glslang_MachineIndependent_reflection.cpp.obj
[1138/1823] Compiling C object subprojects/SPIRV-Reflect/libspirv_reflect_static.a.p/spirv_reflect.c.obj
[1139/1823] Compiling C++ object subprojects/glslang/libglslang.a.p/glslang_MachineIndependent_SymbolTable.cpp.obj
[1140/1823] Compiling C++ object subprojects/glslang/libglslang.a.p/glslang_MachineIndependent_iomapper.cpp.obj
[1141/1823] Compiling C++ object subprojects/glslang/libglslang.a.p/glslang_MachineIndependent_Intermediate.cpp.obj
[1142/1823] Compiling C++ object subprojects/glslang/libglslang.a.p/glslang_MachineIndependent_ShaderLang.cpp.obj
[1143/1823] Compiling C++ object subprojects/glslang/libglslang.a.p/glslang_MachineIndependent_Initialize.cpp.obj
[1144/1823] Compiling C++ object thirdparty/libvma.a.p/vma.cc.obj
[1145/1823] Compiling C++ object subprojects/glslang/libglslang.a.p/glslang_MachineIndependent_linkValidate.cpp.obj
[1146/1823] Compiling C++ object subprojects/glslang/libglslang.a.p/SPIRV_SpvBuilder.cpp.obj
[1147/1823] Compiling C++ object subprojects/glslang/libglslang.a.p/SPIRV_GlslangToSpv.cpp.obj
[1148/1823] Compiling C++ object subprojects/glslang/libglslang.a.p/glslang_MachineIndependent_ParseHelper.cpp.obj
[1149/1823] Compiling C++ object subprojects/glslang/libglslang.a.p/glslang_MachineIndependent_glslang_tab.cpp.obj
ninja: build stopped: subcommand failed.
